train_priority,current_delay_min,section_length_km,section_max_speed,congestion_density,added_dwell_min,speed_restriction_km,visibility_km,day_of_week,actual_delay_change_min
2,5.61,114.9,130,35.41,4.7,0.0,8.27,2,1.18
3,4.86,43.99,110,18.06,1.71,35.24,1.88,0,10.84
3,2.33,65.06,160,20.74,0.54,0.0,9.49,1,-1.73
2,11.22,106.23,110,25.36,3.34,0.0,8.51,5,-1.09
1,7.77,82.67,130,27.31,1.36,0.0,9.23,4,5.84
1,24.09,116.01,130,30.59,2.26,27.88,3.21,1,13.44
1,0.39,144.96,130,31.71,0.28,22.7,3.69,4,8.13
3,12.39,35.15,110,48.74,2.5,19.46,4.96,5,6.16
2,17.27,112.24,130,53.31,1.17,8.11,2.63,3,8.56
3,17.1,49.94,110,36.25,1.02,35.02,4.92,3,11.41
1,26.07,73.88,110,87.12,9.77,0.0,0.59,2,23.2
3,15.67,24.27,130,57.02,1.42,5.63,8.84,2,3.44
3,31.54,37.67,160,76.94,2.83,0.0,2.04,4,3.88
2,4.85,61.57,130,88.56,2.47,0.0,5.26,6,6.08
1,8.4,64.46,110,23.87,0.28,18.17,9.32,1,6.9
1,0.17,136.95,130,46.37,3.45,0.0,8.3,1,8.23
2,0.08,116.44,110,46.82,0.98,0.0,7.87,0,2.36
2,3.3,146.38,110,40.13,4.01,2.18,6.25,3,4.95
2,1.28,97.88,130,10.76,2.34,0.0,4.64,0,1.93
2,3.62,51.42,110,79.36,0.95,10.49,4.74,2,7.55
2,2.34,62.6,160,19.48,1.1,0.0,1.33,3,2.56
1,0.35,61.58,110,94.62,3.29,0.0,1.12,1,15.1
2,28.8,62.44,110,75.7,2.0,0.0,8.51,5,6.18
2,0.1,107.49,130,59.3,2.76,0.0,4.38,3,6.24
2,15.99,89.01,130,23.14,0.43,0.0,1.01,5,-1.11
3,1.98,70.11,110,53.81,3.87,0.0,6.8,2,5.08
1,29.2,39.38,110,32.19,0.97,0.0,6.99,3,1.96
2,26.8,22.88,130,31.45,2.42,0.0,2.66,2,1.48
2,12.73,48.45,110,80.51,0.3,0.0,4.4,1,5.47
1,13.39,33.97,110,42.35,0.97,0.0,5.95,4,-0.38
2,0.06,122.11,130,48.31,2.62,6.15,6.16,6,7.38
1,50.29,34.62,110,81.65,0.8,0.0,5.36,3,3.21
1,25.23,114.15,160,17.46,5.31,5.94,3.96,4,5.55
3,27.06,70.14,130,60.54,2.71,0.0,1.15,2,4.84
3,12.92,29.54,160,59.15,5.11,26.97,0.71,3,21.96
3,5.07,125.65,110,46.14,1.26,0.0,4.87,6,-1.68
2,26.89,95.35,160,80.53,0.09,39.11,2.43,1,18.68
1,4.14,50.65,110,90.15,2.15,0.0,9.42,3,8.01
2,9.93,136.31,110,49.55,1.04,39.46,6.58,1,12.72
2,1.26,25.88,110,48.77,1.49,18.67,6.06,2,10.17
1,30.61,46.24,110,52.68,2.86,0.0,4.36,6,2.44
2,1.82,117.77,110,71.47,3.02,0.0,3.63,5,6.21
1,3.06,112.22,130,66.79,0.07,0.0,2.21,5,5.12
3,9.8,57.61,110,28.94,3.67,0.0,1.07,4,6.25
2,17.33,28.06,110,15.43,1.7,0.0,6.53,0,2.26
2,11.59,131.55,130,90.69,2.03,0.0,7.9,0,9.89
2,3.17,60.78,110,32.19,0.88,0.0,8.65,5,6.49
2,0.01,45.44,130,64.28,1.37,0.0,7.38,3,3.62
2,16.98,87.09,130,80.42,3.1,39.11,9.02,5,21.97
1,50.56,138.33,160,35.52,3.75,0.0,9.84,4,8.62
3,19.92,25.66,110,64.01,1.22,0.0,9.64,1,0.39
3,7.4,119.55,160,19.17,2.94,0.0,6.13,0,1.81
3,28.09,94.42,130,92.44,0.75,0.0,2.63,4,2.46
3,6.33,75.31,160,14.94,4.46,0.0,1.51,4,1.99
2,8.93,116.73,110,47.24,2.35,0.0,9.94,2,3.88
3,7.78,145.56,130,55.63,3.73,0.0,3.43,0,4.28
1,7.12,49.8,130,77.19,1.62,0.0,0.82,2,10.86
1,17.91,38.67,110,20.3,0.65,33.36,4.21,4,15.88
1,8.98,138.67,130,47.47,1.4,11.42,7.61,6,6.61
2,4.57,106.96,130,35.48,1.2,30.14,8.96,0,14.16
2,3.58,76.94,130,36.52,1.01,0.0,5.04,1,1.8
2,0.46,94.52,110,76.2,0.6,0.0,3.29,6,4.32
3,10.5,116.93,130,10.46,3.56,14.65,7.89,3,5.75
2,3.14,120.49,110,73.67,0.23,17.64,5.29,4,11.07
2,1.92,139.59,130,78.88,5.46,0.0,1.32,5,15.31
2,12.73,75.49,110,86.62,0.48,11.73,8.93,1,6.37
1,13.72,58.14,110,63.28,9.76,13.38,6.73,3,18.85
3,16.74,103.16,110,38.34,11.16,6.43,0.85,0,11.55
1,8.4,74.04,130,46.31,1.27,0.0,0.59,1,13.6
3,26.94,97.3,160,92.43,11.02,0.0,1.33,1,17.23
3,33.05,74.6,110,84.9,5.08,0.0,8.31,3,7.91
1,19.76,39.89,110,49.4,0.22,14.94,5.07,1,10.48
1,12.11,81.03,110,90.16,7.36,10.22,3.69,0,18.35
3,4.34,109.82,130,79.95,0.11,4.05,2.87,6,4.77
3,48.86,123.91,110,86.59,0.5,20.87,5.32,0,9.24
3,3.84,84.13,110,68.05,2.2,0.0,1.29,4,4.97
3,2.72,41.48,130,82.9,0.21,0.0,6.36,3,-1.32
1,7.0,73.91,110,85.8,0.44,0.0,4.12,2,9.52
2,0.7,122.22,110,17.82,7.67,11.4,8.66,0,13.17
1,46.07,73.67,110,92.04,13.09,0.0,7.67,2,20.68
3,10.65,110.55,130,38.36,4.0,21.11,0.67,1,13.36
2,9.77,85.94,160,47.39,1.81,0.0,2.08,3,2.31
2,12.8,51.36,130,77.31,5.76,28.37,5.0,5,17.84
1,8.25,123.5,110,66.52,0.3,0.0,6.76,3,6.47
2,0.39,30.95,130,85.91,7.16,2.41,7.29,0,11.72
2,11.37,88.24,110,44.05,1.08,10.23,8.25,0,2.31
3,15.11,47.16,130,41.73,4.94,0.0,0.97,3,7.72
2,6.47,28.72,130,12.69,2.76,0.0,0.68,5,6.33
3,16.99,85.38,160,49.33,8.06,19.38,6.2,2,14.97
2,3.09,84.94,110,71.55,5.0,0.0,7.38,3,7.69
1,3.0,111.9,130,35.6,5.47,0.0,7.97,5,3.78
3,2.11,116.82,130,49.33,2.5,0.0,1.98,4,3.58
3,5.58,114.61,110,28.65,4.48,21.05,9.7,5,11.24
2,22.53,73.24,130,75.69,3.54,0.0,2.68,3,7.41
3,21.12,102.12,160,15.14,0.44,0.0,2.88,5,-4.13
2,5.79,95.0,160,69.96,2.61,0.0,1.97,2,4.92
2,10.67,74.8,130,42.21,0.4,38.49,0.91,1,19.21
2,15.31,97.64,110,13.54,5.09,0.0,8.19,2,2.6
1,3.31,143.14,130,82.54,0.17,0.0,0.55,3,19.73
1,2.21,45.08,130,51.46,10.87,0.0,4.91,3,11.3
1,42.95,137.75,110,60.94,1.28,0.0,1.37,1,15.17
2,11.53,26.95,110,72.22,0.47,0.0,0.93,6,7.22
2,47.83,60.09,110,65.68,6.86,32.53,9.38,6,19.14
2,4.95,57.46,110,72.12,0.12,4.25,8.34,5,6.54
3,14.57,101.43,130,74.79,1.59,0.0,4.25,5,4.7
2,3.02,37.06,110,60.08,3.68,0.0,4.86,5,7.68
2,3.63,134.71,110,41.08,0.95,0.0,8.75,6,1.08
3,8.61,127.71,110,30.67,1.88,0.0,8.07,4,-0.43
2,4.62,104.77,110,86.75,3.01,33.36,7.07,0,22.86
1,2.2,79.59,110,92.44,7.59,0.0,5.6,2,15.47
2,3.66,141.28,110,40.4,0.27,0.0,6.27,2,1.61
1,0.44,128.0,110,19.55,0.43,0.0,4.24,3,-4.14
3,14.63,84.91,130,28.92,1.78,0.0,5.52,2,-1.38
3,8.13,111.24,110,67.01,1.36,0.0,5.63,5,6.07
2,1.19,93.7,130,24.7,1.32,0.0,8.72,5,-0.02
3,2.26,96.43,110,76.31,0.88,17.78,2.58,1,10.63
3,1.3,63.03,110,88.46,2.06,0.0,2.84,4,3.22
1,11.38,80.07,110,91.91,5.37,36.61,2.5,5,24.34
3,1.19,30.16,110,10.79,0.44,0.0,6.0,3,-0.19
2,16.84,66.46,110,91.44,0.61,3.36,7.1,0,4.4
3,0.25,110.46,110,72.92,2.78,0.0,2.77,1,5.81
3,3.44,143.92,110,17.14,0.14,0.0,6.93,0,-0.2
2,26.56,145.2,130,45.3,2.8,0.0,6.47,2,-0.17
1,15.21,92.24,110,69.5,0.94,0.0,3.55,2,6.22
2,0.91,98.86,130,91.32,1.11,0.0,2.68,6,6.45
2,20.65,44.14,130,23.95,1.3,0.0,8.88,4,-0.94
3,8.15,110.39,130,20.86,1.08,0.0,5.91,0,-1.18
3,22.51,29.19,110,50.15,4.6,0.75,7.19,1,4.17
1,11.02,57.01,130,92.29,7.3,0.0,9.29,0,13.98
2,13.74,106.89,110,92.57,1.99,0.0,2.45,0,9.24
2,60.43,60.34,110,29.37,2.18,0.0,3.83,5,0.4
2,3.17,26.48,110,37.14,0.18,0.0,4.63,0,-3.76
1,11.74,128.14,160,87.18,3.12,28.32,2.71,0,27.4
2,7.4,60.34,110,72.46,2.19,0.0,8.48,2,3.1
3,0.48,28.2,160,92.65,0.13,0.0,1.29,5,6.37
2,0.17,29.72,110,85.92,0.55,0.0,2.77,6,3.93
2,1.52,52.73,160,28.28,0.56,17.35,2.31,4,8.85
3,12.57,43.14,160,74.58,0.47,0.0,9.56,1,0.43
2,10.05,120.66,160,14.13,2.69,34.95,6.46,3,9.36
3,9.67,61.82,110,79.52,6.59,1.32,7.3,5,11.42
3,0.39,124.61,130,61.13,3.6,21.39,1.53,2,17.59
2,7.6,42.6,160,91.27,1.62,8.41,2.34,2,2.97
2,31.02,84.07,110,91.6,1.29,14.73,8.19,6,13.98
2,6.08,109.44,110,14.32,1.22,0.0,5.89,5,0.33
2,11.77,104.76,130,23.64,2.3,0.0,0.93,1,3.84
1,18.16,98.15,110,51.16,1.11,16.66,5.87,5,9.22
2,18.39,140.23,130,84.76,0.64,0.0,5.02,1,9.61
2,8.79,49.71,110,79.23,2.31,38.08,1.96,4,17.05
1,23.42,84.18,130,91.97,1.24,0.0,6.13,3,9.96
2,5.96,134.92,110,62.54,0.04,0.0,2.15,2,-0.37
3,26.35,30.13,110,31.81,0.06,30.79,8.21,5,7.51
2,3.3,27.27,110,12.13,0.8,0.0,6.38,4,-1.14
1,3.95,50.33,130,28.95,1.8,14.7,8.78,2,3.51
2,0.66,102.29,110,67.4,1.09,7.16,4.53,5,10.07
3,19.05,53.78,130,88.73,0.06,31.85,5.36,4,12.88
2,6.48,44.73,130,37.28,0.63,0.0,7.73,5,-3.66
2,3.12,79.64,110,84.43,0.25,38.55,5.69,4,15.73
3,3.16,99.77,110,43.57,7.42,0.0,5.93,3,7.25
2,27.8,52.31,110,36.2,0.94,0.0,5.76,6,-3.18
3,21.54,59.09,110,53.25,0.04,0.0,5.17,0,2.48
2,9.68,99.76,110,47.59,2.7,0.0,8.15,2,1.01
2,11.49,142.95,130,87.67,0.66,0.0,5.11,4,8.38
2,7.72,107.72,160,49.8,2.09,0.0,9.06,4,1.29
2,5.96,121.78,110,33.57,0.41,34.63,8.18,1,14.2
1,29.65,67.69,130,81.62,10.34,34.22,7.08,0,31.33
3,1.61,55.39,160,94.89,8.79,23.0,9.04,1,18.81
2,6.5,79.05,130,65.09,2.67,0.0,5.6,6,3.21
1,5.07,124.93,130,31.29,3.07,0.0,8.31,0,4.91
1,8.27,79.32,130,30.3,1.39,0.0,2.8,3,-3.6
2,7.34,130.07,110,14.91,8.19,39.59,1.19,3,23.98
2,8.78,148.54,130,16.57,1.38,29.06,7.01,1,6.59
1,1.81,29.36,160,87.77,0.68,28.7,3.37,1,13.38
2,8.64,25.9,110,18.2,0.31,30.44,6.53,6,10.26
2,3.33,39.45,110,51.17,0.58,0.0,1.24,0,3.29
2,2.44,69.97,110,69.34,2.12,0.0,9.58,0,3.66
1,0.8,37.04,110,82.28,0.7,0.0,5.39,1,4.69
2,17.26,133.19,110,24.56,2.66,0.0,0.59,1,2.71
2,6.69,23.01,130,47.21,1.2,34.83,5.02,4,14.11
3,11.82,61.05,130,31.38,5.45,15.74,8.0,2,9.29
1,15.61,44.01,110,31.74,2.04,0.0,8.72,1,3.92
2,13.65,141.1,110,35.83,2.44,33.51,4.88,0,10.29
1,7.63,107.03,130,59.9,2.03,0.0,1.7,4,10.07
3,5.89,138.56,110,11.41,5.42,1.51,9.11,5,2.82
3,5.66,146.4,110,44.75,0.16,0.0,9.82,3,-0.18
2,12.26,84.62,130,25.88,0.17,0.0,1.1,3,-4.68
2,8.19,50.46,110,92.21,3.02,33.9,1.24,3,23.14
3,22.7,45.18,110,59.53,3.65,0.0,5.87,4,7.9
2,24.92,48.98,110,83.79,1.42,0.0,5.57,6,4.25
2,2.24,112.12,130,26.63,1.09,12.99,6.09,1,3.16
2,1.76,25.26,130,78.85,0.81,0.0,3.51,2,1.48
1,11.94,26.68,110,45.26,0.67,9.99,0.98,6,9.25
3,4.3,99.06,110,25.1,6.07,39.04,6.01,6,20.14
3,0.22,103.47,130,74.71,0.87,0.0,1.94,6,8.92
2,26.34,106.48,130,74.77,2.61,0.0,3.74,6,6.33
2,3.09,68.34,130,94.65,3.87,0.0,6.03,3,6.84
2,31.79,124.77,130,76.38,0.06,0.0,2.48,1,5.5
3,15.17,89.37,130,22.35,0.09,0.0,5.65,3,-4.48
3,17.26,33.71,130,37.42,1.01,0.0,7.29,3,-2.48
3,2.7,123.62,130,48.4,2.98,13.23,1.12,3,9.07
3,3.2,143.9,130,20.77,0.76,0.0,6.38,0,2.6
2,8.84,27.8,160,76.98,0.0,0.0,5.34,5,-0.57
1,2.27,70.88,110,54.77,0.85,37.67,1.43,4,17.51
1,4.37,83.38,160,90.28,0.24,6.37,7.21,4,10.09
3,4.65,39.04,130,60.09,0.62,17.15,3.45,0,4.39
2,2.09,132.8,130,54.45,1.01,4.99,2.23,6,7.03
1,2.76,56.94,110,16.07,0.34,0.0,3.18,6,1.67
1,18.65,121.79,130,22.69,3.06,16.12,5.69,3,10.21
2,2.2,107.23,130,82.21,0.74,0.0,6.01,4,7.18
1,0.35,97.75,110,94.21,2.71,33.99,2.11,4,27.17
1,11.91,44.98,130,45.29,2.28,0.0,9.4,4,4.9
2,44.75,48.69,130,78.86,5.71,0.0,3.62,3,11.47
2,4.83,26.16,110,63.34,0.23,16.3,3.05,3,8.67
2,1.52,51.29,110,91.52,0.6,0.0,2.27,4,3.87
2,10.14,64.91,130,30.24,5.01,0.0,1.65,2,2.02
3,28.42,128.31,130,56.31,4.32,32.62,9.83,1,14.57
2,18.39,67.63,110,44.75,0.53,0.0,6.91,1,-6.43
2,11.69,118.1,110,56.05,0.28,0.0,7.98,3,4.95
3,4.54,77.13,110,32.85,4.85,0.0,4.31,2,4.2
2,9.37,122.03,110,52.31,0.49,20.95,4.44,5,10.52
3,1.15,146.92,110,63.11,5.12,0.0,9.88,2,6.07
2,13.63,51.18,130,16.9,8.12,0.0,2.41,2,9.26
2,15.5,132.1,130,73.15,0.62,0.0,3.61,0,2.05
1,40.24,100.84,130,70.05,4.59,0.0,2.35,0,11.95
2,3.62,126.25,110,84.84,1.38,0.0,3.18,4,6.92
2,0.22,104.71,110,46.2,3.89,9.55,6.8,2,9.01
2,9.47,75.11,110,15.24,1.31,0.0,3.43,1,-2.0
3,14.72,49.65,130,49.22,0.18,0.0,8.82,6,-4.29
2,18.75,29.1,130,21.7,3.12,0.0,0.96,5,3.22
3,2.58,89.62,130,65.03,0.41,18.32,3.87,6,12.75
2,3.64,148.74,110,14.01,6.54,2.48,8.68,0,7.1
3,8.62,115.95,130,41.79,1.35,0.0,6.4,3,0.52
2,4.82,62.55,130,17.04,0.21,0.0,7.82,6,-2.8
2,23.64,127.54,130,10.29,0.65,29.69,3.57,3,-0.14
2,7.7,119.97,130,91.65,4.96,20.9,4.01,2,17.76
1,19.29,56.61,130,94.67,0.97,0.0,8.94,6,9.55
3,10.43,21.86,110,57.22,4.85,30.08,7.62,5,15.79
2,17.8,35.36,130,30.31,0.47,7.76,4.15,5,0.03
1,4.85,134.05,110,87.44,1.58,0.0,2.55,4,16.48
2,21.36,128.75,110,88.46,5.26,0.0,1.51,2,13.01
1,3.85,58.38,110,82.63,0.12,0.0,8.69,3,8.4
3,9.48,57.08,160,56.27,0.91,28.49,7.13,3,14.61
3,2.89,123.07,110,16.35,6.02,21.22,6.27,4,12.5
3,7.74,141.91,130,17.52,2.27,0.0,7.88,6,-1.33
2,4.6,121.29,160,86.21,3.15,0.0,9.19,0,9.19
1,3.72,98.73,160,84.45,4.61,0.0,7.74,4,15.18
3,40.93,51.55,130,46.92,1.85,0.0,4.5,1,-1.54
2,2.09,88.35,130,37.89,4.67,0.0,2.18,5,7.79
3,18.58,50.36,110,64.75,2.55,0.0,7.28,3,4.1
3,49.75,125.04,110,78.59,2.89,0.0,2.84,6,8.67
3,0.24,70.3,130,72.19,0.41,0.0,7.93,1,-0.09
2,14.41,128.38,110,62.33,6.99,26.35,3.72,3,18.68
2,3.5,69.61,110,29.68,3.98,39.82,1.99,6,19.54
3,0.5,127.14,130,32.31,0.73,19.01,2.92,3,8.23
2,6.19,63.33,130,71.55,2.17,8.6,3.03,2,7.11
1,32.84,77.22,130,78.22,1.18,0.0,4.1,3,6.76
2,0.14,100.01,130,19.87,2.7,0.0,2.94,5,3.24
3,10.64,29.14,130,25.92,12.69,0.0,2.64,3,13.71
2,8.35,143.27,110,67.84,0.12,0.0,4.22,3,0.85
2,24.8,94.57,110,43.06,7.62,6.91,8.75,3,4.81
1,1.05,86.02,160,57.88,0.19,0.0,1.17,2,7.58
2,13.73,129.12,110,62.26,1.54,0.0,3.31,6,3.04
3,13.68,132.55,110,75.98,1.64,0.0,5.84,2,4.93
1,13.27,87.89,130,78.49,0.78,0.0,8.81,5,5.08
2,34.24,140.54,110,33.81,2.09,0.0,3.2,5,-7.12
3,20.79,28.42,110,56.01,4.49,0.0,3.81,1,4.4
3,0.51,34.72,110,20.5,0.87,0.0,8.08,1,0.95
2,7.64,97.58,110,81.57,0.18,0.0,4.04,5,8.44
3,6.09,66.03,110,81.86,2.5,0.0,8.59,1,2.92
2,4.46,80.35,130,35.46,3.48,1.21,4.83,4,2.08
2,7.2,62.65,130,23.65,7.73,0.0,5.91,2,7.86
3,5.82,72.61,110,15.96,0.43,6.91,5.83,5,-7.7
3,6.79,126.94,110,58.87,5.79,0.0,1.63,2,8.19
3,46.51,97.15,110,17.77,1.65,0.0,3.87,0,-5.29
3,1.11,149.65,160,67.85,0.67,0.0,2.8,0,2.1
2,30.65,122.29,110,67.64,8.23,14.38,6.99,0,17.1
2,7.85,55.58,160,62.19,0.68,0.0,9.37,5,0.96
3,11.73,54.36,110,84.51,3.31,11.99,2.52,1,5.8
2,21.28,63.67,130,42.15,3.84,22.72,1.37,3,12.21
3,5.36,129.62,110,86.69,1.41,0.0,5.31,4,7.18
3,6.75,23.55,110,13.14,2.93,0.0,4.21,2,-0.59
3,6.32,49.92,110,19.58,2.12,12.83,0.84,1,8.4
2,5.63,137.64,130,45.04,0.53,0.0,9.26,4,4.74
2,31.17,103.19,110,60.49,3.57,0.0,9.43,2,7.25
1,21.19,49.49,110,12.75,6.58,12.08,8.58,5,10.97
2,1.38,48.49,130,58.23,1.68,18.09,3.16,4,12.46
1,1.37,132.14,110,36.13,12.92,24.03,1.66,4,22.26
2,6.7,136.19,110,85.41,1.4,0.0,6.13,2,4.17
2,1.25,53.3,130,55.33,1.63,0.0,3.17,4,3.19
2,11.58,74.67,110,59.97,2.8,0.0,2.42,0,6.46
2,1.86,128.5,130,90.38,0.51,0.0,6.59,6,4.23
1,8.87,120.23,110,74.95,5.81,0.0,7.63,0,12.75
1,0.09,125.81,110,47.25,4.04,0.0,5.51,5,9.98
3,4.57,87.39,110,50.53,5.15,0.0,3.54,4,3.98
2,13.57,138.5,160,65.07,2.35,2.55,5.37,6,6.99
1,7.94,62.37,130,27.02,5.38,0.0,6.2,1,6.59
2,45.95,40.37,160,17.54,2.85,0.0,0.99,3,6.21
3,24.87,112.14,110,36.46,1.79,27.1,4.72,5,4.01
2,5.34,90.12,130,76.16,6.71,0.0,6.18,2,11.38
2,0.56,131.1,110,31.87,1.45,0.0,1.73,1,1.16
1,22.42,30.55,110,21.11,1.74,0.0,4.76,5,3.16
1,29.06,129.68,130,28.62,0.46,27.69,3.79,3,10.16
2,20.62,58.13,110,67.71,7.37,0.0,8.74,2,6.53
2,1.64,105.13,110,62.19,0.62,0.0,5.15,6,7.74
2,74.08,25.22,110,68.51,0.56,38.29,4.55,3,18.48
3,3.59,99.25,130,37.37,0.27,21.68,2.82,5,8.9
3,15.46,113.25,110,86.57,1.51,8.88,9.6,2,11.6
2,28.64,67.94,110,48.4,0.8,0.0,9.63,0,-3.15
2,3.23,48.0,160,53.67,3.38,0.0,3.98,1,4.15
3,28.67,89.89,110,90.65,0.92,10.01,9.33,3,7.42
2,4.44,128.31,110,93.24,3.19,0.0,6.38,0,8.9
2,44.96,62.06,130,66.23,0.55,0.0,7.92,1,-2.17
1,3.96,52.82,130,90.31,0.65,32.69,1.35,4,19.93
1,36.8,56.26,110,56.03,4.1,0.0,0.7,1,14.54
3,0.66,143.39,130,36.12,1.16,0.0,5.38,1,2.73
3,14.82,66.71,110,36.78,0.3,0.0,1.22,0,1.08
2,9.11,20.47,130,57.51,8.14,0.0,8.97,0,9.43
2,7.8,121.62,110,61.43,0.49,0.0,8.29,5,2.17
1,3.04,110.91,110,47.37,0.41,27.98,7.29,3,14.55
1,14.67,36.71,110,85.12,1.11,0.0,0.8,3,8.91
2,2.54,148.04,160,46.27,0.25,0.0,4.85,4,0.59
2,9.66,99.05,130,33.24,0.42,21.31,1.24,0,10.77
3,3.5,85.1,160,10.68,4.68,0.42,9.32,5,2.29
2,37.38,69.69,130,92.5,0.47,0.0,6.32,0,3.19
2,0.35,136.83,110,80.07,0.3,0.0,1.99,1,10.89
3,2.67,51.72,110,62.32,5.3,4.34,5.83,1,9.2
3,3.33,57.15,160,80.6,1.47,0.0,1.63,5,5.18
2,6.41,35.91,130,78.87,0.43,0.0,1.88,4,-1.89
2,3.18,118.69,160,89.21,2.18,0.0,1.27,1,11.31
2,8.11,97.42,110,42.82,0.11,0.0,8.78,1,-3.25
2,24.71,99.18,110,57.16,1.39,0.0,5.68,3,3.65
2,14.94,48.4,110,18.38,2.23,0.0,3.62,4,-1.22
3,10.41,104.65,110,92.05,7.87,0.0,0.51,3,16.14
1,1.12,119.51,110,93.74,0.99,23.49,4.98,5,25.74
1,14.21,66.53,110,77.07,3.62,0.0,5.37,4,11.08
1,2.18,124.18,130,48.6,0.36,0.0,3.7,6,2.62
1,18.52,65.34,110,52.21,1.42,19.79,5.1,3,14.2
3,3.45,118.56,110,47.01,0.63,0.0,1.46,3,1.86
3,6.48,24.38,130,34.93,1.7,32.78,9.26,6,15.03
2,5.18,91.65,110,54.86,1.35,0.0,2.95,4,3.0
1,23.49,146.04,130,14.54,9.75,0.0,9.51,1,9.56
2,1.62,147.56,110,94.31,6.24,0.0,5.18,2,18.07
2,10.01,56.63,130,46.04,2.18,39.06,8.64,6,13.46
1,1.84,77.38,130,88.83,0.49,0.0,5.98,0,11.02
2,14.64,28.19,160,71.56,2.04,8.63,8.52,4,3.48
2,28.26,133.53,130,34.65,3.93,11.21,0.6,6,6.37
2,6.84,93.91,110,28.87,0.1,0.0,2.27,2,-0.34
2,8.04,70.06,110,94.63,1.42,27.11,3.86,3,17.53
1,31.48,34.66,130,75.63,0.11,0.0,3.31,5,4.33
2,8.83,143.08,130,31.22,0.7,0.0,9.49,1,-0.69
2,8.02,88.93,130,15.73,0.24,0.0,4.25,3,-1.01
2,10.36,56.78,110,69.24,8.08,0.0,9.74,4,8.58
3,14.02,65.53,130,35.76,0.46,0.0,6.68,2,-2.08
2,1.36,55.19,130,28.81,0.41,0.0,8.44,3,1.75
1,20.65,98.24,130,72.47,8.94,33.94,4.24,1,26.6
1,6.86,140.9,110,67.74,1.81,0.0,2.31,5,11.38
2,0.9,131.37,160,50.92,3.55,0.0,0.98,4,11.77
1,18.51,79.85,110,90.13,0.99,0.0,6.74,6,14.71
2,5.68,127.44,110,67.77,1.9,36.48,9.73,6,21.26
3,1.27,75.0,130,85.94,0.02,0.0,1.62,4,4.51
2,12.05,52.8,110,26.2,1.31,6.81,7.83,3,1.06
2,25.46,147.84,130,35.21,2.02,21.4,3.96,1,3.09
2,26.24,59.51,110,18.88,1.81,34.8,9.94,4,10.44
2,37.95,62.08,110,35.89,1.3,0.0,8.77,4,-0.63
2,24.27,148.66,110,92.6,3.88,0.0,2.69,3,14.01
3,0.03,37.41,110,91.84,1.74,0.0,7.77,2,3.0
2,5.74,118.87,110,74.63,2.53,33.38,7.48,6,16.69
3,20.48,141.66,110,54.29,0.51,0.0,7.75,0,2.18
3,5.47,86.53,130,76.37,4.94,0.0,1.29,1,8.49
1,11.04,20.33,130,57.05,1.13,2.25,8.19,5,0.47
1,11.19,68.76,130,10.3,1.64,0.0,2.98,5,3.02
1,5.45,34.5,130,52.63,1.09,0.0,6.11,4,3.23
1,28.18,74.1,110,60.91,5.56,0.0,1.6,4,9.39
1,8.4,122.7,130,32.59,5.78,0.0,5.8,6,7.3
2,7.5,77.03,130,27.28,0.63,0.0,9.11,4,-0.51
1,71.96,76.15,110,33.27,3.49,0.0,2.18,2,5.41
2,8.16,92.38,130,63.01,0.27,0.0,8.62,5,3.83
3,2.36,95.62,110,22.42,0.08,29.44,4.64,0,9.14
1,8.64,131.32,130,71.23,4.53,23.06,3.56,3,22.82
3,20.19,60.09,110,45.93,0.35,34.45,1.04,6,12.8
2,18.0,126.82,110,40.03,0.42,0.0,5.52,1,-1.81
1,18.65,93.57,110,78.61,2.33,0.0,2.4,2,12.57
2,14.77,59.07,110,53.02,4.24,0.0,9.43,4,11.56
2,3.52,58.37,130,42.16,0.53,6.03,2.76,5,6.08
3,23.77,66.95,160,84.64,0.3,0.0,6.07,5,2.76
3,26.87,100.95,110,41.3,0.2,0.0,5.81,5,-5.69
3,2.59,50.01,110,83.02,0.06,0.0,3.7,0,-0.22
2,1.68,139.64,110,52.86,0.31,27.17,8.59,0,10.95
1,44.56,94.74,130,27.68,7.15,0.0,2.24,0,8.94
3,24.33,139.6,110,62.09,0.25,18.61,8.26,3,10.0
3,26.85,26.03,160,34.25,2.28,0.0,2.47,1,6.06
3,26.1,64.54,130,22.51,6.34,0.0,0.87,4,5.3
2,9.36,22.96,130,17.35,2.47,27.18,9.47,2,8.86
2,12.48,55.39,130,30.54,0.08,32.8,6.55,2,8.81
3,9.46,132.06,130,72.61,2.27,11.0,6.49,5,8.41
2,0.63,24.76,130,81.23,5.83,0.0,3.02,2,7.75
3,16.42,76.7,130,83.25,0.97,0.0,1.82,2,3.19
3,8.45,35.28,130,32.96,0.94,0.0,7.21,4,-1.77
2,12.52,74.19,130,66.18,0.72,10.23,5.43,1,7.51
3,8.38,129.05,130,29.58,1.76,16.27,3.52,4,4.45
3,8.12,101.0,160,62.93,0.68,26.89,3.51,6,11.32
1,2.26,115.78,160,85.41,3.22,0.0,8.95,6,15.9
3,3.92,65.38,130,13.48,2.59,14.83,8.95,2,7.95
2,2.08,142.77,110,93.74,1.28,0.0,3.11,1,8.47
3,2.61,112.2,110,80.3,3.21,0.0,8.04,3,5.6
2,43.33,74.83,130,74.74,0.26,0.0,2.65,6,5.3
3,1.99,75.44,110,68.77,3.46,6.61,8.18,6,8.11
2,3.76,139.43,110,75.47,2.31,18.42,1.7,1,14.83
1,10.72,94.93,110,94.54,2.49,0.0,7.7,3,15.66
3,11.3,111.83,130,75.47,0.17,12.8,5.78,4,8.51
1,2.01,74.21,130,39.89,2.41,0.0,1.62,3,8.54
2,18.94,49.08,110,62.18,1.7,0.0,6.35,3,4.87
3,18.46,114.06,110,38.64,1.66,17.58,2.33,1,5.53
3,3.25,99.02,130,92.46,0.97,0.0,2.34,5,4.11
2,4.09,85.17,160,86.51,0.02,0.0,4.75,4,2.62
2,33.37,101.12,110,58.25,1.37,24.07,9.66,1,13.89
2,20.96,47.08,110,76.41,1.28,0.0,8.98,0,4.78
2,14.36,123.21,130,87.32,1.37,39.85,8.35,3,21.55
2,1.03,143.26,130,30.71,2.37,5.5,8.59,6,3.35
2,6.5,135.84,130,59.26,0.89,33.92,5.22,1,16.91
3,9.83,61.79,130,50.95,0.78,0.0,4.06,4,2.38
3,2.49,72.78,130,75.59,1.72,9.58,8.9,1,4.31
3,7.14,125.09,110,42.22,2.24,19.93,1.27,0,11.93
1,11.03,97.37,110,70.26,2.09,0.0,9.96,3,11.27
2,4.76,91.23,130,44.25,5.34,27.62,5.75,0,13.78
1,18.22,140.46,130,19.44,3.66,0.89,5.63,0,6.02
2,22.02,89.68,130,19.11,0.13,11.47,3.27,3,1.1
2,4.69,86.94,160,20.12,2.07,0.0,2.12,6,5.14
3,21.89,25.46,130,12.76,1.35,0.0,6.96,5,-4.07
2,1.31,29.02,130,55.3,1.12,26.8,3.94,0,13.34
1,21.82,20.96,110,67.11,7.92,0.0,3.37,3,8.66
1,1.99,138.72,110,20.77,1.53,0.0,2.04,3,1.76
3,1.04,73.09,130,62.01,3.18,0.0,5.58,6,9.58
2,12.32,80.91,110,60.81,8.53,5.41,6.09,2,13.07
1,7.66,129.9,110,22.5,0.41,0.0,4.71,4,0.83
1,28.62,99.2,160,44.35,0.14,18.87,0.61,6,16.95
3,5.42,99.24,130,74.19,0.94,13.47,5.17,5,11.6
1,4.06,58.55,110,11.42,0.11,0.0,3.08,1,0.62
3,8.34,128.41,130,22.49,0.31,0.0,1.82,1,-2.14
3,7.3,41.56,110,94.65,11.98,0.0,5.99,4,13.84
1,5.07,26.91,110,72.35,8.06,17.13,6.88,0,18.24
1,14.2,44.91,130,49.45,2.94,0.0,5.43,4,4.0
3,17.1,54.81,130,63.53,3.5,0.0,6.34,5,6.76
2,23.01,56.7,110,81.93,0.38,21.93,6.26,3,10.42
2,43.28,107.17,110,81.6,2.26,0.0,1.68,3,4.78
3,3.72,48.32,110,37.6,0.42,6.0,2.55,1,5.93
3,15.11,107.97,160,51.76,1.19,0.0,0.59,2,8.97
3,6.02,31.85,130,64.23,1.06,0.0,9.83,0,3.81
3,13.56,39.14,110,16.11,2.38,0.0,2.51,4,0.44
2,7.75,86.15,110,90.39,0.21,0.0,8.24,3,5.07
1,60.95,139.85,130,46.78,0.27,0.0,7.92,3,6.5
3,15.66,131.74,130,41.52,2.35,0.0,7.2,2,-1.45
2,36.56,145.94,130,87.1,2.53,6.46,4.77,3,16.0
2,21.62,104.56,110,20.05,1.04,0.0,6.05,6,-5.12
3,27.98,107.86,160,13.34,0.4,0.15,2.27,4,-2.98
1,20.21,101.25,110,68.23,5.43,0.0,1.51,1,15.39
2,7.38,100.97,110,42.73,0.14,0.0,3.84,1,-5.38
1,3.48,39.13,110,74.98,3.16,30.84,8.34,0,15.08
2,5.55,90.69,130,15.83,0.38,26.94,5.86,5,10.06
1,0.25,70.19,160,42.62,2.54,0.0,7.76,4,2.72
1,8.91,77.53,130,30.0,2.72,5.94,8.96,3,3.28
1,8.44,88.07,130,72.87,4.08,0.0,5.83,3,13.29
2,8.94,36.69,110,29.31,1.26,0.0,3.99,4,-4.1
3,43.81,66.73,110,48.93,0.06,0.11,8.63,5,-1.98
2,29.09,28.25,130,79.6,4.17,0.0,2.68,1,4.69
3,2.12,147.36,130,87.81,1.47,0.0,0.74,3,13.11
2,5.52,35.41,130,71.42,4.69,0.0,0.98,3,10.59
2,6.62,53.61,110,46.48,3.74,0.0,6.03,4,-1.49
3,5.37,135.87,110,58.62,1.72,10.59,8.98,0,7.11
2,19.22,82.75,110,68.62,18.54,0.0,5.86,4,20.86
3,8.91,37.63,160,84.37,1.55,19.35,4.39,3,10.37
1,10.19,69.95,130,85.53,2.98,0.0,5.98,4,10.66
3,23.01,35.06,110,89.13,2.77,0.0,6.88,6,3.55
1,19.67,46.03,110,78.91,1.82,1.05,7.71,6,3.93
3,1.7,26.76,110,22.48,2.2,0.0,3.8,4,3.24
2,15.02,76.97,110,73.55,4.01,25.62,4.18,0,17.67
3,6.86,124.86,130,79.24,2.12,36.68,0.72,1,24.37
1,4.19,96.18,160,84.62,1.5,0.0,6.67,4,10.55
2,0.62,98.82,130,88.61,2.71,0.0,7.88,4,7.27
3,8.02,46.08,110,53.28,0.09,0.0,5.35,5,-1.09
2,5.27,64.71,130,65.68,0.29,20.84,4.08,5,10.1
2,3.48,129.88,130,10.81,0.34,0.0,3.66,0,0.88
2,14.24,31.42,110,58.69,1.39,0.0,6.63,5,3.86
2,17.61,131.53,130,50.22,5.13,0.0,3.64,6,6.43
2,3.37,82.88,130,91.8,2.58,0.0,6.19,6,7.55
2,0.61,128.83,110,86.65,8.99,0.0,9.31,3,13.0
3,22.67,61.34,130,77.8,0.1,10.98,3.64,2,5.0
1,0.12,64.05,130,14.84,3.2,25.56,1.15,6,14.7
2,33.2,117.71,130,44.17,0.94,17.19,8.8,2,3.03
3,11.85,122.05,110,69.16,0.06,17.41,3.1,6,12.36
3,4.66,49.85,110,12.52,4.37,0.0,9.89,6,2.07
2,3.4,146.47,110,30.04,0.44,38.05,8.48,5,16.7
2,0.11,30.98,130,85.44,0.6,0.0,4.56,3,3.52
2,3.22,28.91,110,21.03,1.04,0.0,6.47,5,0.06
1,1.78,97.42,130,14.37,3.88,0.0,3.14,3,2.77
2,11.37,113.96,130,59.35,2.45,0.0,1.3,3,6.69
2,2.19,144.92,110,90.45,0.77,0.0,5.5,1,8.08
2,9.03,72.64,130,80.94,0.46,8.73,4.53,5,6.11
1,10.7,23.29,110,92.86,0.29,0.0,9.71,1,2.7
3,4.25,98.38,110,74.05,0.41,0.0,6.18,6,1.93
3,0.43,57.66,110,47.18,5.07,25.97,7.6,0,16.43
2,0.46,76.28,160,90.46,6.4,7.5,1.78,3,15.15
2,0.32,83.5,130,46.26,8.6,27.83,7.37,4,19.39
2,16.12,28.39,110,39.76,4.5,0.0,1.04,3,5.75
3,4.59,83.18,160,48.1,5.46,7.21,6.32,5,7.84
2,19.09,75.42,130,79.19,4.23,0.0,8.47,3,8.41
1,6.78,112.63,110,88.0,7.93,0.0,5.09,4,19.97
3,7.24,103.94,110,40.4,4.67,0.0,2.54,0,3.8
3,8.63,44.08,110,49.29,1.55,0.0,4.72,3,1.23
3,14.98,46.8,130,86.36,0.98,0.0,8.49,6,2.46
3,3.83,52.63,130,14.0,2.19,0.0,7.29,6,5.0
2,1.56,43.26,110,76.63,2.34,0.0,6.25,4,0.12
2,9.74,105.44,110,48.61,2.14,0.0,7.09,2,-1.5
3,4.75,149.28,110,42.0,3.07,0.0,8.42,2,8.08
3,7.01,104.77,110,47.99,3.0,0.0,1.94,4,1.57
1,12.49,98.87,130,45.59,0.23,0.0,8.5,3,4.03
1,8.18,73.29,110,74.31,0.84,28.61,8.16,6,19.09
2,11.62,60.64,130,88.88,5.52,0.0,5.04,1,9.47
3,9.43,138.44,160,51.77,2.23,0.0,4.33,1,5.94
3,16.16,145.97,110,80.78,1.0,0.0,9.36,3,6.65
1,14.69,84.58,110,72.22,4.75,0.0,8.28,4,12.99
2,9.17,57.73,110,38.11,0.72,0.0,9.89,0,-0.37
2,13.63,120.12,110,59.92,1.32,0.0,6.6,1,5.96
3,24.82,37.22,130,66.68,0.81,0.0,0.8,2,5.25
3,6.79,119.53,130,12.0,5.13,0.0,1.96,0,4.4
3,6.39,126.46,110,43.66,3.26,0.0,8.29,2,2.52
2,17.34,36.24,110,94.37,1.54,20.29,6.57,6,10.65
2,10.48,146.99,110,64.17,6.73,0.0,2.38,3,7.78
2,0.88,148.12,110,38.41,6.56,27.75,0.61,0,22.74
1,26.72,141.77,130,31.25,3.11,22.54,3.0,5,13.06
3,0.38,84.48,110,27.81,5.56,0.0,1.81,5,9.82
3,16.56,51.99,130,44.14,3.18,0.0,8.82,5,-0.32
3,17.07,95.66,130,26.43,2.47,0.0,8.89,3,-1.69
3,36.72,74.59,110,21.49,1.37,0.0,8.5,1,-0.65
2,0.67,46.77,130,40.95,0.8,0.0,1.4,3,1.35
3,10.9,75.08,160,61.59,0.16,29.75,1.78,5,12.06
3,6.7,106.31,110,22.44,4.03,23.49,1.79,1,13.18
3,4.82,29.22,110,13.77,0.33,0.0,2.95,6,5.3
2,1.14,63.34,110,12.94,1.32,38.9,1.19,1,14.3
2,9.92,22.31,130,32.73,0.67,0.0,9.82,4,-0.85
1,7.83,117.43,110,26.16,1.52,0.0,8.62,3,4.17
3,1.33,103.29,160,55.84,0.95,20.22,1.16,0,14.68
2,11.38,28.15,130,48.74,4.43,22.19,1.86,5,15.86
2,16.07,145.42,130,37.61,9.56,26.52,2.99,5,14.4
2,17.49,22.94,110,80.85,7.1,29.14,7.86,0,17.87
2,28.29,96.69,130,52.92,2.43,0.0,7.28,4,1.23
2,6.32,120.93,110,17.78,9.69,0.0,6.49,3,8.41
1,36.71,122.43,110,35.14,1.28,0.0,9.17,4,4.79
2,24.07,24.46,160,92.73,1.85,16.95,0.84,1,18.01
2,4.22,137.83,110,93.04,0.74,0.0,2.03,3,12.22
3,2.08,139.4,160,31.65,5.71,0.0,2.3,0,9.52
2,6.86,92.98,110,24.22,0.5,0.0,1.07,5,1.26
3,6.17,82.67,160,52.13,2.36,39.08,6.37,5,18.03
2,10.29,25.83,130,50.92,4.02,23.08,2.49,5,13.39
2,10.51,93.05,130,44.86,2.26,0.0,5.09,1,1.51
3,16.63,73.22,110,55.0,0.21,0.0,7.01,4,1.23
2,8.56,120.46,110,29.74,2.36,0.0,6.16,6,2.96
1,1.33,72.5,130,19.77,3.64,0.0,3.26,6,3.45
1,23.45,108.87,130,58.49,0.52,0.0,4.43,6,6.71
3,4.45,33.18,110,89.27,3.34,9.07,3.73,4,10.62
2,42.61,37.28,110,21.71,5.27,18.96,8.6,4,13.89
3,1.5,38.16,110,69.91,10.75,0.0,4.49,5,9.99
2,38.11,25.92,110,47.22,1.32,0.0,1.09,3,4.8
1,1.15,90.37,110,34.99,0.06,0.0,6.38,6,2.79
1,3.15,123.22,130,82.51,1.36,0.0,2.38,4,15.42
2,0.57,99.35,110,48.8,2.7,0.0,3.72,1,7.79
2,14.65,94.74,110,59.58,5.55,0.0,3.61,5,7.37
2,22.79,108.48,160,47.66,6.96,0.0,1.19,5,5.12
2,6.83,64.15,110,16.91,6.01,0.0,9.53,3,4.28
3,31.66,67.05,130,60.57,2.68,27.33,5.7,3,14.41
2,10.71,60.86,130,45.6,2.87,0.0,1.98,5,2.36
2,11.93,112.57,130,17.37,0.01,15.89,5.78,1,1.56
3,22.4,41.01,130,60.64,1.13,0.0,4.79,5,5.59
2,4.23,21.69,130,10.84,5.93,0.0,3.78,0,2.3
2,5.25,97.51,110,27.72,2.92,34.47,4.99,3,11.67
3,28.37,142.51,130,76.39,1.58,0.0,6.86,1,6.69
3,27.75,99.22,130,13.22,0.28,37.43,2.4,3,6.55
1,45.0,121.78,110,64.97,0.71,27.96,5.61,0,16.83
3,27.85,107.46,110,90.73,2.02,0.0,8.22,0,7.95
2,1.63,84.67,130,24.55,5.69,0.0,2.61,2,7.77
2,20.83,113.39,130,45.45,0.25,0.0,5.4,6,-1.67
2,6.33,127.13,110,58.92,0.42,0.0,9.67,3,1.62
3,56.26,49.22,160,48.29,2.66,0.0,8.1,3,1.59
2,7.67,63.7,130,62.73,0.87,17.72,6.13,1,10.51
2,9.68,49.08,160,44.35,0.46,0.0,7.62,1,-3.7
2,9.05,78.78,160,22.62,0.49,0.0,5.49,2,-1.78
2,4.66,135.06,110,17.57,1.7,0.0,9.87,1,4.03
1,0.94,64.88,130,73.28,2.19,0.0,2.11,0,9.82
1,27.12,68.68,130,30.28,5.87,0.0,7.34,4,6.64
1,19.47,131.85,130,82.03,1.89,36.23,0.56,3,30.45
1,1.8,87.0,130,73.16,2.94,2.69,1.69,5,14.78
1,17.99,89.61,110,14.2,0.5,0.0,7.36,2,0.93
2,11.8,131.9,110,27.1,3.12,6.25,7.71,5,-1.17
1,6.31,83.77,110,34.82,2.62,5.82,0.87,3,10.35
2,3.52,108.6,130,60.53,0.61,0.0,3.67,2,5.81
3,23.57,31.13,130,78.84,2.77,0.0,1.62,4,2.74
2,14.46,43.22,110,15.13,0.59,31.37,8.96,2,9.02
2,9.52,72.57,130,31.22,2.25,35.93,4.81,2,11.91
1,11.29,84.33,130,41.98,2.76,0.0,4.7,5,5.04
1,1.15,145.55,110,25.59,2.96,6.31,8.33,6,5.96
1,7.71,146.18,110,56.35,6.0,3.17,7.11,6,15.06
1,2.58,130.66,110,50.63,7.38,19.77,9.26,4,18.97
2,2.8,61.03,160,36.9,4.15,30.62,9.42,6,16.86
1,12.99,145.32,130,53.94,5.27,24.81,3.48,1,19.6
1,29.06,109.61,110,40.24,0.05,0.0,6.66,0,5.13
1,6.21,71.08,110,39.17,1.13,1.93,5.65,2,3.58
2,2.79,111.22,130,32.56,0.1,0.0,6.16,6,-1.33
2,12.55,22.15,130,55.94,0.64,22.02,6.44,0,7.15
2,24.59,39.0,130,47.75,1.2,23.93,1.07,2,9.07
2,16.56,127.86,110,26.69,5.05,0.19,9.0,4,-1.26
2,24.37,103.92,110,11.1,1.79,7.98,1.83,0,-4.17
1,9.23,67.35,160,22.83,2.62,0.0,4.53,5,1.07
3,16.73,85.09,110,13.64,1.13,0.0,3.27,6,-3.8
2,1.81,137.67,110,46.69,2.31,28.15,5.76,3,15.97
1,5.14,102.11,130,29.13,4.23,12.33,9.63,0,7.31
3,5.92,71.76,160,45.74,0.9,23.41,4.42,4,6.49
3,8.59,35.64,130,38.0,6.73,0.0,6.23,1,6.24
1,31.75,58.19,130,55.73,0.6,0.0,1.84,5,3.63
2,24.89,147.18,110,71.53,6.29,0.0,4.9,1,8.24
3,1.73,76.86,110,50.74,0.07,0.0,9.2,0,1.15
3,2.28,81.34,110,15.27,1.96,13.25,9.36,4,7.44
1,5.31,84.82,130,11.49,10.53,10.32,5.69,5,15.0
2,4.12,134.93,110,28.12,2.35,24.95,7.8,1,16.5
2,11.45,98.51,130,46.12,2.02,0.0,0.53,1,4.59
2,27.97,110.18,110,13.82,2.87,8.07,5.55,1,0.76
2,39.33,70.62,130,37.86,0.85,30.33,7.46,0,7.53
2,12.72,23.78,130,85.4,0.14,0.0,3.63,1,2.27
2,21.85,141.03,130,17.65,0.72,0.0,9.06,4,-6.72
3,8.94,143.39,110,90.62,0.48,22.2,7.91,5,12.25
1,2.8,143.39,130,82.82,6.43,0.0,7.81,6,17.54
2,8.93,142.68,110,80.7,4.78,0.0,0.7,6,13.5
3,9.72,125.98,130,83.41,0.96,0.0,2.25,4,6.34
3,16.28,109.0,130,16.8,4.52,26.22,7.28,5,7.94
2,2.98,129.79,110,22.85,0.59,7.62,5.84,3,8.96
2,5.51,98.07,130,21.42,0.56,25.17,6.0,1,7.17
1,5.43,37.47,130,19.46,3.65,33.63,0.64,3,22.46
2,38.46,70.86,130,37.86,0.99,21.6,4.7,3,4.76
2,7.04,146.27,130,80.57,0.17,18.84,7.97,1,9.72
2,16.88,65.65,110,31.42,3.18,0.0,6.8,3,-3.34
2,16.67,132.82,110,30.76,11.42,0.9,5.94,1,4.77
2,3.7,32.12,110,67.45,2.09,0.0,7.12,2,6.08
1,10.18,63.44,160,18.24,0.77,36.74,8.58,4,16.62
2,26.97,65.62,110,40.62,1.17,25.71,8.57,2,10.51
2,7.74,26.71,130,35.11,2.61,0.0,4.83,6,-3.34
2,34.83,35.48,130,82.02,3.02,25.51,3.42,5,10.87
1,2.9,45.11,130,53.73,5.44,12.88,3.98,0,13.12
3,0.92,128.92,110,64.95,5.99,2.85,5.45,0,8.08
2,26.65,28.24,110,20.97,4.94,11.01,1.35,3,11.01
2,22.58,58.83,110,88.96,2.61,0.0,6.11,2,4.9
3,58.86,21.32,110,37.41,1.49,0.0,4.81,2,-0.86
2,13.65,110.43,110,70.08,2.84,15.76,7.71,1,8.61
1,33.12,100.64,110,91.14,2.75,0.0,3.1,3,12.95
2,21.05,103.85,130,53.24,0.61,7.84,1.13,4,9.81
2,22.33,68.67,110,53.14,1.77,0.0,9.0,2,1.26
3,10.1,47.07,110,19.97,0.58,0.0,1.15,2,1.22
2,5.78,113.64,110,43.17,5.73,0.0,9.31,6,3.58
1,32.72,125.45,110,82.46,0.98,0.0,5.23,1,11.25
2,6.79,38.02,110,21.48,4.09,0.0,1.03,1,4.67
2,9.29,83.29,110,87.99,1.18,12.4,1.7,4,12.08
2,7.09,52.33,130,66.72,3.61,0.0,5.56,3,7.01
2,9.98,41.85,110,45.78,0.62,0.0,0.65,1,7.59
2,7.63,115.46,160,56.45,3.61,0.0,9.19,0,7.92
3,0.59,89.95,110,22.79,0.49,38.67,8.06,2,15.03
2,25.65,48.1,160,28.49,1.69,0.0,5.29,0,2.36
2,7.05,60.3,130,34.34,0.3,27.87,9.3,0,9.08
1,10.67,145.66,130,42.71,1.88,0.0,2.97,2,7.31
1,1.8,130.33,160,87.82,4.3,31.82,8.61,2,31.1
2,0.04,134.39,110,41.24,3.52,0.0,8.15,1,5.69
1,3.38,79.8,110,54.53,0.13,0.0,6.03,6,3.57
1,14.63,101.09,110,23.77,1.69,0.0,3.53,6,2.38
2,1.25,68.98,110,72.56,4.78,0.12,5.8,3,6.26
1,28.75,30.1,110,57.62,2.63,7.68,9.59,2,5.81
3,2.91,72.14,130,47.39,0.15,7.54,1.3,3,8.54
1,2.75,97.22,110,90.51,0.98,7.3,2.41,2,12.18
2,2.4,57.33,110,85.71,2.03,0.0,6.62,5,5.2
2,0.17,130.23,110,66.06,0.47,0.0,6.95,6,4.54
3,17.73,39.64,130,88.35,2.86,28.92,2.06,0,11.55
1,24.96,67.73,160,58.01,2.52,8.06,8.16,0,10.4
2,11.43,36.24,130,80.29,0.57,0.0,9.32,6,-0.48
3,2.5,72.63,110,44.8,2.0,26.64,1.26,4,13.57
3,4.03,25.16,110,17.37,4.17,0.0,9.76,1,4.05
3,7.75,55.43,130,94.5,1.17,26.65,3.17,6,15.71
2,37.04,72.1,110,24.08,0.71,15.23,3.43,6,2.65
1,3.41,82.16,160,31.38,3.02,0.0,0.93,1,9.3
2,15.79,90.68,110,23.86,0.18,0.0,5.23,2,-1.39
3,6.95,55.75,110,38.69,4.47,26.01,9.57,2,11.41
2,4.24,88.0,160,34.59,7.18,0.0,2.03,1,12.05
2,7.3,86.17,160,61.09,8.37,0.0,5.98,4,11.74
2,0.89,61.1,130,94.7,1.42,0.0,3.11,6,5.38
3,19.23,127.93,110,14.46,2.44,0.0,0.68,2,-1.46
1,3.35,90.93,130,76.17,4.87,0.0,9.88,3,14.25
2,15.51,63.2,110,20.88,0.63,19.46,7.3,2,4.56
2,0.85,143.15,110,11.69,0.07,1.28,7.49,3,0.27
2,37.24,129.86,110,64.28,1.21,31.27,6.8,3,15.06
2,2.57,147.74,130,84.23,5.39,0.0,1.87,0,17.19
1,25.72,109.99,130,24.99,1.76,30.2,2.46,5,11.94
2,19.9,69.17,110,39.04,1.89,30.22,4.16,5,9.4
2,41.25,56.51,160,24.34,2.94,4.0,9.96,6,0.94
2,7.8,106.23,110,87.05,2.14,0.0,6.89,5,9.03
1,15.6,147.51,110,32.98,0.14,0.0,4.7,0,-1.03
2,5.56,101.47,130,47.8,2.06,0.0,5.1,4,3.53
2,2.45,134.61,130,86.05,2.61,3.54,9.26,6,13.9
1,7.02,62.78,160,56.99,2.57,0.0,2.37,5,1.8
2,2.17,72.9,130,89.29,3.26,31.1,3.55,0,16.21
1,48.24,137.82,110,88.75,1.83,39.47,4.02,3,31.6
1,1.21,118.39,160,49.24,5.76,12.81,9.03,4,14.38
3,10.68,147.58,160,59.5,1.56,0.0,7.88,0,5.5
2,11.82,120.72,110,29.58,1.83,0.0,6.11,0,0.67
3,9.27,78.31,130,94.2,3.79,0.77,3.49,5,7.63
2,13.02,89.04,130,33.66,4.48,16.35,2.42,3,10.66
2,1.48,137.07,110,76.58,2.61,0.0,3.64,2,9.77
3,9.72,91.71,160,36.6,0.34,0.0,9.33,5,-4.56
2,4.06,53.2,110,36.61,1.01,0.0,9.15,6,2.99
2,33.8,76.63,130,18.83,0.05,0.0,4.51,4,-4.87
2,17.23,87.12,110,57.59,0.88,0.0,3.59,0,4.12
2,43.13,32.57,130,30.81,2.11,0.0,8.9,3,2.54
3,0.46,116.69,130,22.61,4.09,36.45,4.74,0,20.44
3,4.03,34.22,110,29.27,2.2,11.83,0.87,2,11.21
3,2.61,72.64,110,31.34,0.1,0.0,3.78,1,2.18
1,0.13,124.6,160,52.85,0.75,5.48,6.27,4,5.78
3,3.33,80.78,130,42.8,2.16,26.79,9.47,6,11.39
3,13.63,129.46,130,16.42,3.09,11.17,4.53,4,2.0
1,3.15,64.44,110,55.56,5.03,0.0,2.78,3,10.09
1,8.54,144.49,110,76.96,8.58,0.0,4.15,6,24.06
3,26.25,47.23,130,58.81,5.56,0.0,1.04,5,16.58
2,14.2,24.97,130,92.84,1.57,38.71,9.04,3,18.3
3,6.02,133.42,110,18.43,3.44,16.56,0.82,0,14.68
1,5.59,117.79,130,79.8,0.69,0.0,0.51,4,13.65
3,7.3,50.16,110,52.98,0.16,0.0,6.33,5,-2.7
2,2.34,148.02,110,54.34,0.14,0.0,1.96,0,1.84
1,12.06,85.3,130,54.12,0.69,0.0,3.31,1,1.95
1,5.43,143.64,110,37.65,0.1,0.0,5.16,5,4.42
3,22.96,85.65,110,37.59,4.75,23.12,8.03,4,11.25
2,16.95,81.34,130,63.71,1.68,0.0,4.18,6,4.12
2,11.32,78.39,110,13.81,4.16,0.0,9.59,1,-0.39
2,5.43,63.53,130,60.05,7.03,10.54,4.81,0,13.02
3,2.83,89.38,130,71.59,12.75,5.24,9.24,5,15.33
2,17.96,78.83,130,40.29,6.92,0.0,4.8,6,1.6
3,8.0,24.78,110,28.48,3.15,3.95,5.4,2,2.61
2,3.05,53.86,110,28.14,1.46,39.2,9.6,1,16.32
2,2.61,47.71,130,16.96,2.28,0.0,6.91,6,-0.92
2,2.17,132.77,110,17.63,4.24,0.0,1.92,5,0.89
2,18.02,97.85,130,24.17,5.7,0.0,6.19,2,-0.92
3,3.12,119.28,130,11.63,7.84,37.25,2.64,4,22.03
2,8.97,144.39,110,32.63,3.28,12.93,3.44,2,3.86
2,7.21,103.73,130,36.04,1.94,0.0,8.46,2,4.55
3,10.4,147.74,160,94.59,8.63,0.0,6.98,5,16.28
2,25.16,60.53,110,94.29,7.96,39.14,3.23,0,26.63
2,24.28,44.21,110,25.9,1.62,0.0,0.54,0,6.47
3,7.2,72.43,130,28.11,2.61,25.41,5.55,6,10.53
2,0.19,81.2,110,51.81,4.14,0.0,2.88,0,6.81
1,6.67,136.4,110,22.65,1.42,0.0,0.77,0,10.08
3,11.18,92.79,110,52.84,4.42,0.0,1.1,6,11.32
2,9.79,57.98,110,43.95,0.3,30.5,6.9,4,9.51
2,12.64,116.54,130,37.59,1.64,17.42,4.44,6,9.13
1,2.01,85.76,130,79.92,1.65,6.31,2.99,0,11.65
3,12.48,41.08,160,80.39,2.89,23.39,8.86,4,11.39
2,2.42,94.99,130,93.97,0.31,0.0,8.34,4,3.0
2,16.66,138.48,160,28.96,0.27,36.49,4.93,5,7.59
3,4.97,129.54,110,85.5,5.77,0.0,3.12,2,12.52
3,14.85,96.29,110,55.72,0.91,9.83,5.32,4,5.77
1,0.59,69.02,160,60.27,0.99,0.0,7.65,0,5.65
2,6.29,31.31,110,86.18,3.75,0.0,0.6,6,11.1
2,14.65,81.05,130,90.12,1.34,0.0,6.32,3,3.42
3,3.09,117.77,110,71.78,4.47,0.0,7.25,2,6.78
1,19.03,66.84,130,39.57,1.28,6.37,8.26,6,3.52
2,11.96,50.61,160,51.62,3.57,0.26,2.56,4,3.82
3,10.63,141.08,110,62.28,1.86,38.7,2.43,2,16.31
3,5.24,126.8,110,80.43,6.87,0.0,2.55,5,11.64
2,7.9,102.98,110,65.93,0.99,16.0,9.35,4,11.46
3,10.92,37.78,110,41.06,1.13,18.29,1.84,4,6.06
1,7.67,38.84,110,45.52,8.77,0.0,7.76,2,6.04
3,14.38,33.42,130,14.29,3.34,0.0,9.87,2,-1.54
1,6.82,100.12,110,88.56,3.7,32.11,9.49,1,26.96
2,2.71,35.02,110,17.49,0.88,0.72,4.39,1,-0.28
3,2.89,129.54,110,59.29,1.9,0.0,8.47,0,2.64
1,0.07,149.09,130,84.09,0.94,0.0,6.87,4,15.63
2,4.3,67.63,110,45.77,0.75,0.0,8.75,2,0.28
3,16.58,78.98,130,78.01,1.92,0.0,2.03,6,-0.08
3,18.97,112.52,130,78.32,11.01,0.0,7.77,5,12.38
2,2.71,141.83,110,15.09,0.6,0.0,6.07,5,0.11
2,38.34,136.23,110,45.03,0.69,0.0,5.63,3,-7.34
2,8.38,27.49,130,68.74,0.7,0.0,7.42,5,3.03
2,29.86,41.98,110,45.9,3.92,5.78,3.09,6,4.01
2,14.72,118.1,110,56.34,1.79,0.0,1.21,5,7.79
1,15.38,109.56,130,60.53,1.21,0.0,5.27,2,9.45
3,1.07,37.32,110,22.85,4.64,0.0,3.37,6,1.64
2,2.98,85.27,110,45.02,0.88,0.0,2.94,1,5.36
2,0.11,121.51,160,12.42,1.24,0.0,9.99,6,4.74
2,15.11,48.44,110,22.72,0.19,0.0,2.38,6,-3.05
3,5.07,133.27,160,53.54,0.32,24.02,2.74,2,9.86
1,18.54,26.89,110,58.75,0.37,0.0,3.67,5,4.43
2,4.97,121.69,130,22.43,1.07,0.0,5.22,3,1.09
2,20.53,100.06,130,74.23,1.86,0.0,8.76,2,6.46
2,1.68,60.98,110,41.7,0.0,0.0,2.18,2,1.4
1,2.28,113.72,130,88.26,0.53,15.47,6.35,3,19.03
3,5.0,121.71,130,42.95,0.48,0.0,4.0,1,-2.04
3,6.3,141.41,110,22.73,0.73,0.0,8.07,2,0.16
2,5.15,67.81,130,74.43,0.45,0.0,6.22,5,1.35
2,17.31,109.18,110,58.26,0.54,0.0,8.05,1,2.1
3,1.22,98.34,130,42.87,10.32,24.92,8.62,3,21.85
3,5.19,88.28,130,40.26,2.26,0.0,9.17,2,0.46
1,21.79,135.75,110,22.82,3.6,0.0,9.96,2,3.59
2,0.83,20.41,110,38.97,4.28,0.0,6.38,4,4.94
2,34.24,56.67,110,12.49,2.75,0.0,6.56,0,1.76
2,51.5,89.98,160,52.7,3.04,37.6,1.84,6,23.57
3,1.11,43.18,110,86.22,2.5,0.0,1.5,3,8.26
3,4.13,138.02,130,77.6,2.62,0.0,5.13,5,8.76
3,5.59,104.19,110,12.42,6.59,0.0,7.09,1,4.98
2,17.97,82.12,130,84.91,0.51,0.0,2.86,3,9.71
1,10.87,125.91,130,48.45,0.8,0.0,3.61,4,5.76
3,12.41,78.62,130,26.23,0.24,14.86,7.15,5,1.97
3,17.0,92.62,160,73.96,4.54,36.74,2.51,3,20.56
1,1.51,20.36,110,37.44,1.49,5.34,5.45,0,4.35
3,21.49,67.54,110,31.53,5.94,0.0,5.62,5,-0.81
3,14.67,38.04,160,23.71,1.33,28.39,9.21,6,7.46
2,10.33,109.66,110,51.36,1.46,0.0,4.32,3,4.43
2,26.46,82.27,130,17.94,1.49,12.99,2.5,1,-0.78
2,14.46,59.23,130,76.78,2.37,0.0,2.15,5,6.12
1,2.7,80.82,130,50.01,3.63,0.0,3.28,1,6.8
2,6.74,47.25,110,47.99,1.08,0.0,3.15,0,1.77
3,8.18,140.26,110,10.16,2.49,0.0,7.63,4,-0.11
1,0.68,27.02,130,79.52,0.57,0.0,6.14,5,3.92
2,37.12,132.5,110,51.89,2.02,0.0,6.98,6,1.11
2,1.65,86.48,130,47.39,1.98,0.0,6.49,2,0.26
2,14.35,100.46,110,74.72,5.49,16.0,5.07,2,13.45
3,8.47,59.34,110,15.35,5.65,0.0,9.32,0,3.83
2,0.31,145.67,110,41.17,1.67,0.0,8.27,6,2.07
2,31.04,56.64,160,58.94,0.06,33.78,2.5,0,14.8
3,22.91,96.55,130,49.15,4.65,0.0,4.52,1,0.19
2,8.91,149.14,130,25.44,0.0,13.44,3.24,0,1.96
2,3.12,134.54,160,35.44,1.63,29.65,7.58,6,13.84
2,1.56,89.72,130,35.52,0.05,0.0,3.77,1,0.09
1,5.42,148.75,160,94.32,1.09,0.0,6.58,3,19.57
1,3.54,111.18,110,37.73,2.53,0.0,3.28,1,4.07
2,8.48,47.13,130,27.44,1.16,0.0,2.13,1,-0.28
2,40.72,72.73,110,79.92,6.54,11.64,0.59,3,22.22
3,10.27,63.48,130,45.8,2.56,34.59,9.95,1,9.81
2,26.48,64.72,130,47.73,2.6,14.04,2.59,2,2.95
2,12.63,118.86,110,56.66,1.17,0.0,8.41,1,2.72
2,7.74,95.95,110,60.63,0.1,37.04,8.31,0,16.28
1,23.14,24.95,130,60.2,3.35,24.93,2.74,1,15.08
2,7.65,134.07,110,12.93,3.15,29.14,4.45,3,7.8
1,24.36,58.58,130,79.6,1.89,0.0,8.44,0,6.7
3,4.14,149.62,110,26.56,1.35,0.0,7.05,5,2.01
1,1.65,144.04,160,34.85,1.93,0.0,4.01,3,6.58
2,23.2,142.27,110,24.74,3.43,0.0,9.52,3,-4.55
1,10.62,125.45,130,75.2,3.12,0.0,3.75,2,14.59
3,26.39,48.68,110,59.61,2.68,34.94,2.51,5,16.35
2,33.33,89.24,110,74.2,5.85,24.73,1.89,4,21.96
2,0.66,49.16,110,65.54,2.35,29.59,7.16,2,18.63
1,8.34,53.76,110,18.85,0.04,0.0,0.78,6,6.88
3,5.64,99.42,110,35.63,2.41,0.0,8.54,3,0.88
2,11.8,25.31,130,53.12,2.37,0.0,3.39,6,3.89
3,18.93,146.03,110,35.92,0.18,0.0,4.01,3,-3.31
2,3.95,139.43,130,27.62,1.4,0.0,8.12,6,3.37
1,9.76,69.5,110,83.93,2.63,0.0,8.23,3,10.23
1,14.8,87.0,130,73.56,3.05,0.0,4.3,3,10.79
2,1.73,80.6,110,39.34,5.59,0.0,5.76,3,8.69
2,20.19,134.69,130,75.03,4.6,0.0,6.95,2,14.35
1,11.18,109.52,130,63.34,0.31,0.0,7.04,4,3.11
3,35.84,56.15,110,10.32,2.35,39.55,5.57,3,15.09
2,4.98,78.09,110,42.32,2.27,28.73,8.52,5,13.71
2,1.37,75.77,110,34.69,0.91,0.0,8.49,4,0.08
2,8.47,144.71,110,28.52,0.51,0.0,8.56,0,-3.73
2,1.08,42.79,110,31.39,0.56,36.62,3.05,1,14.34
2,41.89,31.64,110,90.1,0.49,25.84,2.94,5,11.35
1,0.47,134.48,130,51.34,4.1,14.24,1.83,3,13.02
1,16.8,136.57,110,82.06,0.4,0.0,8.35,5,13.1
3,8.94,133.33,110,28.21,0.77,11.12,1.08,6,8.36
3,5.52,86.43,110,24.82,0.61,38.42,1.79,6,16.68
2,0.82,105.77,130,85.55,3.12,0.0,9.3,6,8.7
2,11.68,93.24,110,52.13,0.43,0.0,1.69,6,3.85
2,10.56,29.03,130,86.09,0.06,0.0,1.65,5,4.18
2,3.96,97.46,130,15.36,1.17,7.08,9.14,3,6.2
1,28.92,21.77,130,87.9,0.91,0.0,3.45,5,3.58
1,4.35,62.25,110,45.31,1.27,0.0,8.87,3,3.96
3,7.17,141.2,130,23.21,3.5,16.71,4.09,5,6.86
2,9.42,59.53,110,68.09,0.03,0.0,4.05,6,1.7
1,1.27,142.18,160,77.74,0.1,0.0,1.78,1,11.73
2,32.29,52.52,130,14.03,0.74,14.19,9.23,4,0.24
2,5.63,60.89,110,93.91,5.5,11.78,7.74,5,10.84
2,1.01,101.69,160,69.25,0.46,30.8,2.64,2,13.02
1,5.88,119.01,130,37.32,14.55,0.0,7.41,3,15.38
1,11.0,85.18,110,22.86,4.1,8.7,1.49,1,10.6
3,8.65,134.68,110,43.37,1.52,7.24,5.48,0,3.69
1,14.23,25.23,130,28.75,3.44,11.22,2.92,1,6.89
2,0.68,139.89,130,52.0,1.83,0.0,8.58,3,3.02
2,4.02,45.52,130,76.46,2.09,0.0,5.36,6,8.26
1,20.53,134.95,130,66.11,2.17,0.0,9.25,6,9.83
2,1.0,72.11,110,47.05,2.62,0.0,6.06,4,2.67
3,23.21,128.26,130,20.11,0.16,6.6,5.29,4,-7.33
3,1.16,107.32,130,91.36,2.4,0.0,7.09,6,7.48
3,21.58,42.87,110,32.98,3.16,0.0,7.95,0,4.19
2,5.37,139.35,110,33.62,0.93,0.0,0.64,3,5.67
2,11.37,51.92,130,64.87,9.61,0.0,5.46,0,10.5
2,1.99,51.74,130,75.49,0.39,0.0,7.87,5,3.02
2,0.82,125.84,130,93.65,6.03,0.0,4.37,0,14.1
3,2.92,33.76,110,92.38,2.82,0.0,0.93,3,3.42
1,1.64,48.86,110,87.67,2.73,0.0,0.67,6,14.5
1,4.49,85.48,130,47.0,5.22,0.0,8.04,4,11.9
2,8.67,127.96,130,24.17,4.46,0.0,2.38,4,2.63
1,10.66,39.17,110,59.68,1.06,0.0,2.16,4,2.9
1,18.72,91.2,130,11.47,3.06,10.4,3.25,4,8.53
2,12.81,112.46,160,26.68,0.13,0.0,1.47,4,0.45
2,11.26,131.88,160,10.21,1.56,33.93,1.01,0,14.52
3,6.37,141.62,130,25.35,6.94,0.0,8.79,6,7.11
3,7.71,122.0,110,50.35,0.8,0.0,3.38,5,4.02
2,6.42,104.87,130,43.43,0.13,0.0,6.03,2,-2.59
2,22.15,76.37,110,41.39,2.19,0.5,8.65,3,-3.99
2,3.14,34.57,130,80.63,1.1,0.0,9.79,5,0.08
2,0.07,112.27,110,67.37,1.19,0.0,7.04,5,1.84
2,12.64,149.06,130,89.6,2.18,3.51,9.53,2,13.19
2,2.71,115.78,130,47.85,2.43,0.0,4.52,0,6.1
2,26.5,22.17,130,33.14,1.44,19.38,8.0,6,7.84
2,23.51,84.51,130,20.43,1.77,0.0,9.41,3,-0.22
2,0.96,99.9,110,67.12,12.5,0.0,1.01,0,19.11
2,1.35,109.66,130,81.55,7.88,15.78,3.52,5,17.08
3,8.2,113.56,110,25.62,3.07,0.0,7.53,3,1.29
3,11.28,92.55,110,84.69,0.44,0.0,3.5,5,5.77
1,3.86,49.04,160,54.73,1.12,6.89,0.66,1,9.91
3,15.14,142.49,130,22.25,5.37,24.39,8.17,0,13.67
2,10.84,110.57,130,64.64,1.38,0.0,2.06,0,4.59
3,4.71,50.79,130,54.2,7.77,0.0,3.55,1,9.55
3,0.31,61.9,130,12.4,1.68,0.0,9.15,5,2.06
2,16.64,139.85,130,43.94,4.95,16.79,2.48,6,7.16
1,2.9,135.37,130,76.71,0.09,17.64,9.0,4,19.28
2,21.58,72.67,160,57.21,1.42,2.72,4.51,1,-2.8
2,6.54,24.98,110,33.97,3.01,24.21,9.22,1,9.38
2,10.33,26.3,130,88.93,4.98,37.46,8.83,2,21.1
2,24.76,56.91,130,30.21,2.35,0.0,4.44,2,-3.91
1,23.91,101.79,110,31.48,0.48,0.0,9.26,4,0.77
3,5.57,95.95,110,40.14,5.42,0.0,6.51,2,3.59
3,2.81,102.4,160,86.04,2.14,0.0,5.02,4,4.95
2,17.91,113.25,110,53.15,0.29,0.0,5.54,5,1.5
1,6.81,22.47,110,67.99,1.56,0.0,1.1,1,4.61
2,2.56,33.66,110,92.98,3.0,0.0,8.17,5,4.83
1,28.17,66.73,110,76.58,1.5,13.41,3.28,2,13.31
3,2.65,40.13,130,24.67,5.12,14.95,3.07,5,11.26
1,0.31,29.79,110,77.01,1.38,0.0,7.3,4,5.91
2,0.25,103.33,110,73.61,2.19,0.0,4.02,5,5.76
2,11.68,125.99,130,29.77,0.59,13.82,5.38,4,5.39
2,13.0,117.84,110,37.65,1.8,0.0,4.5,6,-3.3
2,4.47,126.22,130,70.36,0.63,0.0,5.29,2,7.72
3,4.63,106.56,130,30.26,0.64,31.11,2.61,3,14.26
2,4.98,115.59,130,27.7,0.82,12.34,8.91,2,2.75
1,13.68,55.33,130,69.8,0.11,0.0,6.3,6,4.91
1,0.72,149.09,110,84.85,0.45,14.62,2.72,6,20.1
3,31.76,43.81,110,16.38,1.38,11.13,1.37,4,4.74
3,3.02,47.88,110,47.9,0.35,36.36,5.59,3,13.78
2,96.31,57.56,110,61.61,0.36,0.0,4.95,2,0.72
2,2.26,146.79,130,67.48,8.6,0.0,9.36,1,15.3
2,17.72,148.48,110,94.68,1.39,39.26,2.69,5,24.11
1,3.03,123.34,130,68.03,1.29,9.87,8.88,0,10.72
3,1.01,101.78,110,62.71,0.78,0.0,7.78,2,2.66
2,24.95,87.61,110,94.13,1.8,0.0,5.03,6,6.09
2,23.49,146.18,110,15.16,2.27,18.49,8.8,6,3.25
2,6.2,110.43,110,16.33,1.35,0.0,8.69,2,-2.85
1,14.54,142.81,130,57.66,1.25,34.9,7.29,0,24.54
1,9.77,61.15,130,40.49,3.01,19.0,1.46,3,13.65
3,23.0,63.39,130,18.22,7.48,15.01,2.02,0,6.17
1,4.54,131.11,130,36.05,5.26,0.0,6.12,6,7.64
2,8.9,39.48,130,67.32,0.32,0.0,2.83,3,0.64
2,7.97,142.97,130,84.85,2.64,16.36,5.74,4,13.87
2,5.24,85.97,110,18.02,0.02,0.0,5.83,6,-0.44
2,26.65,140.43,110,55.91,2.51,0.0,6.08,6,10.26
2,2.18,63.78,130,35.17,1.56,0.0,5.91,3,5.95
3,1.94,113.07,110,66.72,1.69,0.0,4.1,1,4.52
2,10.32,82.77,110,56.7,2.22,6.94,2.5,0,5.07
2,12.86,101.48,110,88.77,3.39,4.27,5.43,1,10.91
2,2.6,85.57,110,13.2,3.27,0.0,5.2,1,4.89
2,5.95,145.73,130,49.95,0.11,12.61,3.11,0,5.94
3,35.15,109.97,110,26.38,3.33,18.06,0.99,3,8.31
3,3.4,52.67,110,55.63,4.43,0.0,2.45,1,6.13
2,13.24,138.26,110,82.55,0.18,0.0,5.73,1,7.27
1,16.17,58.22,130,87.46,0.98,0.0,5.59,5,4.64
2,7.13,68.31,130,43.85,3.93,0.0,1.77,6,3.48
2,33.28,33.28,110,79.0,1.7,0.0,6.26,3,6.97
1,16.01,137.0,130,33.84,2.97,0.0,4.52,1,6.55
2,7.35,57.19,110,10.54,1.74,0.0,6.71,2,1.94
2,10.11,53.66,130,82.7,9.57,35.78,8.94,0,28.65
2,14.16,139.63,130,20.15,6.88,9.24,3.43,3,4.03
3,10.76,124.72,160,11.5,0.83,37.02,3.8,2,15.87
1,25.31,38.34,110,40.07,1.22,0.0,6.93,6,4.15
1,5.3,120.01,110,42.25,1.41,0.0,9.52,2,7.13
3,4.28,138.69,110,16.56,0.28,0.0,5.12,5,-0.82
2,2.89,30.21,110,79.21,1.29,0.0,2.11,3,4.07
2,0.46,127.28,110,44.48,3.73,22.97,9.38,4,12.14
2,0.53,91.16,110,51.64,4.69,0.0,4.96,1,6.84
2,24.49,107.0,110,32.49,5.43,0.0,4.88,5,-0.08
3,13.61,84.07,160,53.48,0.04,15.62,5.63,6,6.24
3,12.96,110.71,110,75.17,3.89,0.0,2.9,1,9.13
2,11.44,24.43,160,87.03,1.75,0.0,7.95,6,1.97
2,22.7,119.15,130,92.5,0.58,28.57,6.59,4,13.46
2,7.85,24.33,130,46.27,1.73,13.75,9.57,4,4.83
2,24.52,79.19,160,94.15,4.65,0.0,2.44,6,11.89
1,5.35,39.63,130,35.07,1.42,22.39,6.38,4,14.97
3,31.36,127.06,130,10.59,11.63,0.0,5.41,1,5.89
1,14.39,60.78,110,75.25,2.4,0.0,9.0,5,9.39
3,3.57,79.03,130,25.17,1.68,0.0,0.79,6,6.06
2,9.96,75.74,160,14.46,0.87,34.0,7.73,0,14.55
1,9.14,120.43,110,88.54,0.03,0.0,6.42,5,14.29
2,1.78,82.55,110,77.3,2.36,0.0,6.27,1,7.27
3,10.74,122.56,130,18.73,2.15,9.04,8.82,0,3.62
3,4.54,29.56,130,76.04,1.82,22.62,6.1,1,8.22
3,0.65,44.91,130,81.74,1.93,7.87,7.3,0,6.84
2,35.63,91.7,110,86.95,4.64,0.0,6.63,5,6.48
2,12.31,143.12,130,56.21,0.95,0.0,1.16,0,9.35
3,25.14,29.72,110,69.79,2.0,0.0,1.57,2,5.07
2,13.53,25.6,160,74.79,2.85,0.0,3.72,1,2.6
2,5.3,40.35,110,68.53,0.59,0.0,6.92,5,4.2
2,8.63,103.35,130,64.98,6.47,18.42,0.75,0,20.37
3,13.51,71.87,110,56.54,3.34,0.0,7.84,2,3.82
3,38.7,127.32,110,50.73,0.14,0.0,2.43,1,2.87
1,3.51,29.35,110,94.67,5.01,0.0,5.82,0,8.52
3,24.95,45.53,110,38.69,6.64,0.0,2.41,2,4.44
3,30.94,59.0,130,17.5,3.95,0.0,2.17,4,2.19
1,13.32,101.47,110,75.03,1.39,0.0,3.67,0,7.98
2,32.13,109.07,110,28.18,12.95,36.81,9.25,2,17.66
3,6.09,36.15,110,55.28,0.33,0.0,2.76,0,0.42
1,36.7,142.69,130,18.14,1.92,18.71,0.96,5,13.38
2,14.56,64.34,110,62.64,0.47,36.65,8.88,1,16.43
2,0.51,112.71,110,90.24,1.45,0.0,4.67,2,11.58
3,28.49,88.15,130,71.43,6.56,10.42,6.4,1,12.26
3,7.95,48.96,160,28.24,3.95,0.0,8.91,2,1.86
3,7.4,130.01,130,92.55,3.81,18.07,7.68,0,13.86
2,10.03,126.37,130,36.1,1.09,0.0,8.07,6,-2.12
3,1.94,71.49,110,47.11,6.81,39.07,5.06,1,22.66
3,7.6,96.52,130,52.34,1.15,20.85,7.03,5,9.86
2,21.34,53.52,130,94.21,0.1,0.0,9.66,6,5.8
3,0.19,109.68,160,15.86,2.54,0.0,8.95,3,4.99
1,3.82,60.17,110,69.22,1.13,0.0,6.32,5,7.0
2,0.03,129.73,160,40.76,0.42,0.0,1.31,6,1.97
2,6.45,48.26,110,16.66,6.82,0.0,9.81,3,6.38
1,15.64,21.92,130,89.48,2.54,22.97,2.64,5,11.1
1,19.24,54.91,110,60.14,7.06,0.0,3.93,3,6.22
2,34.85,44.84,110,74.05,2.19,0.0,1.83,3,5.04
2,11.25,86.08,130,30.43,0.16,0.0,2.08,2,0.18
3,3.53,46.48,110,74.73,0.08,0.0,8.06,5,2.72
1,30.95,119.21,130,80.42,5.77,11.45,1.72,1,19.88
2,17.92,51.38,130,46.62,0.1,0.0,2.3,2,3.13
2,10.25,111.91,130,58.62,2.39,0.0,2.13,1,6.87
3,14.27,95.2,110,92.61,0.88,0.0,4.02,5,2.89
2,30.97,148.21,160,81.97,2.91,0.0,7.1,3,5.73
2,14.95,149.99,130,47.81,0.84,0.0,6.62,4,-1.41
3,5.51,133.04,110,66.49,0.09,0.0,7.38,0,-1.0
2,14.98,118.8,130,76.66,3.28,0.0,7.4,3,6.13
2,0.49,70.24,110,12.07,0.93,1.59,0.53,3,4.08
1,5.86,117.93,110,60.01,2.0,0.0,7.0,4,6.76
3,6.26,144.37,130,93.68,3.72,0.0,7.0,2,8.35
1,2.19,23.04,130,90.51,3.03,0.0,1.09,2,7.49
3,0.28,89.93,110,80.76,1.07,0.0,4.56,1,8.39
2,1.72,48.34,110,19.03,3.44,0.0,1.25,5,6.24
3,12.76,92.52,160,94.49,6.5,0.0,2.31,0,12.87
3,19.45,80.64,110,61.81,2.35,0.0,5.15,1,5.0
3,53.28,94.85,110,28.95,3.04,10.32,0.61,3,5.91
2,5.1,91.63,160,67.31,5.02,0.0,1.4,2,9.45
3,10.98,144.81,110,82.8,4.64,0.0,1.31,3,14.7
2,33.2,91.78,130,19.55,1.08,0.0,1.68,3,-5.52
2,2.19,130.01,110,87.9,11.98,0.0,0.97,6,21.7
2,15.18,61.58,130,88.22,0.07,25.62,6.31,5,11.03
3,16.88,76.95,110,11.14,10.8,0.0,2.2,5,5.95
3,1.12,81.15,160,86.53,0.71,0.0,8.69,2,1.67
3,23.7,56.23,110,90.48,1.45,24.65,8.91,5,14.04
2,20.13,69.37,130,13.2,5.38,0.0,7.06,6,3.02
2,0.41,97.81,160,35.0,0.7,2.39,1.12,3,4.62
3,1.15,95.42,160,41.71,0.64,0.0,8.97,3,2.57
2,0.6,102.74,110,39.66,2.58,24.25,4.48,0,10.68
1,4.89,65.74,130,74.52,3.06,0.0,2.22,6,8.57
2,8.54,61.06,110,40.44,0.02,39.33,7.9,6,14.36
2,9.12,99.51,130,91.31,1.5,0.0,3.79,1,7.34
2,3.74,37.27,110,94.57,1.68,21.79,5.31,0,11.34
2,29.11,52.89,110,36.93,0.79,0.0,7.56,6,2.43
1,5.51,25.48,110,53.25,1.97,13.17,1.46,4,10.56
1,0.56,29.44,130,57.4,0.42,5.33,2.11,0,2.04
3,4.28,51.64,130,59.25,0.98,26.73,9.7,1,9.39
2,9.09,22.54,110,41.81,3.12,0.0,7.28,6,6.49
2,6.3,51.9,130,24.11,5.17,0.0,2.7,0,2.07
2,3.84,105.15,160,14.64,2.23,26.15,5.95,4,10.2
2,1.69,27.94,130,19.04,0.19,0.0,2.29,6,0.34
3,20.52,76.78,110,86.61,2.84,9.63,8.72,6,10.31
3,66.7,138.7,160,33.83,5.7,12.75,4.76,6,-0.69
1,4.8,122.87,130,16.53,1.75,0.0,8.17,3,1.84
2,5.77,59.71,110,63.0,1.7,0.0,9.73,3,0.75
3,11.55,140.22,130,16.4,11.89,0.0,9.82,6,8.36
3,15.21,62.85,110,15.95,2.53,0.0,1.81,0,0.85
2,5.97,29.43,130,62.83,4.1,1.74,9.48,4,5.06
2,28.24,149.23,160,60.27,2.6,0.0,3.07,1,10.54
1,9.85,133.1,110,13.53,0.62,0.0,3.92,6,-0.58
3,7.18,80.57,110,49.14,0.84,21.04,1.1,4,11.08
2,12.48,106.63,110,47.04,2.74,0.0,6.63,0,3.44
3,36.64,107.26,110,56.47,1.52,34.8,6.62,2,17.42
2,18.99,45.28,130,72.72,1.3,0.0,7.88,2,8.28
2,0.49,46.01,130,34.04,0.06,0.0,9.49,5,1.15
2,4.85,81.05,110,46.79,5.39,0.0,4.57,4,4.98
2,7.63,138.5,130,77.38,5.4,0.0,4.37,0,11.38
1,4.53,21.3,110,88.42,1.54,32.77,6.57,4,13.61
2,14.46,121.73,160,85.76,3.02,0.0,6.84,0,9.41
1,21.0,27.48,110,50.6,0.49,31.24,4.73,1,14.96
3,15.77,82.17,130,54.27,1.75,0.0,9.23,6,4.36
2,54.49,102.92,110,54.97,1.44,29.06,1.0,6,17.76
1,3.82,109.28,110,83.84,2.67,0.0,7.69,2,11.91
3,24.95,27.6,130,81.39,1.59,28.27,2.48,3,12.98
3,17.46,74.42,110,36.48,1.73,0.0,5.21,2,-1.64
3,5.4,95.9,160,23.84,0.88,0.0,8.59,3,-2.93
3,15.9,28.59,130,42.21,0.12,20.95,3.63,0,3.78
1,1.32,37.56,160,34.51,6.22,35.94,9.05,3,18.96
2,18.69,106.27,160,90.82,0.03,26.93,4.78,1,12.75
3,9.12,87.81,110,32.6,0.83,0.0,7.18,6,-5.01
2,4.15,41.04,130,25.4,1.48,12.52,7.37,6,4.04
1,12.8,89.58,130,86.46,0.96,0.0,2.98,0,10.92
3,12.31,138.65,110,17.35,2.01,0.0,9.06,2,-1.22
2,2.82,22.03,130,32.12,1.55,35.99,1.68,2,14.71
2,0.37,103.54,130,47.32,0.74,26.12,6.11,4,9.8
2,6.82,29.57,130,60.58,0.23,7.58,9.33,5,4.42
2,10.11,20.84,110,37.85,0.37,36.12,0.79,3,17.32
2,25.11,39.59,130,52.18,1.67,0.0,5.55,0,4.97
1,31.61,74.98,110,26.9,4.68,6.73,2.84,5,2.95
3,9.03,124.3,130,58.81,0.27,0.0,2.33,3,-1.1
2,16.82,56.63,130,44.66,2.83,0.0,2.72,1,1.81
1,6.94,101.34,110,82.19,3.93,30.11,9.08,1,24.9
3,16.45,73.45,160,45.34,0.81,36.67,4.54,4,11.4
3,2.75,50.46,130,47.72,2.76,0.0,2.74,0,1.57
3,5.56,86.85,160,60.33,2.9,3.3,9.31,6,4.83
3,12.07,123.67,110,20.47,3.08,0.0,3.56,0,-2.78
2,0.22,128.22,130,23.33,5.54,0.0,7.37,3,1.49
2,15.38,130.05,130,77.17,1.27,28.82,5.6,4,17.08
1,21.66,64.01,130,33.24,0.7,21.71,6.95,5,12.3
2,6.11,123.15,110,68.2,1.96,15.86,2.24,6,11.3
2,7.13,47.58,110,18.28,0.16,0.19,6.95,2,-3.2
2,22.87,116.0,160,79.86,1.02,0.0,9.11,0,3.94
3,17.93,143.29,110,94.0,5.37,0.0,1.46,0,15.46
2,4.08,21.79,160,41.76,1.9,36.88,3.6,0,15.27
1,4.7,77.25,110,52.97,1.43,36.87,9.74,4,17.86
2,13.63,104.21,160,47.63,0.77,32.15,2.64,5,6.87
2,9.94,111.23,130,86.01,0.72,6.31,1.07,6,10.49
1,2.12,42.89,130,10.84,0.67,5.9,1.02,1,8.22
3,4.45,146.38,110,65.54,4.42,22.53,3.12,6,14.29
2,27.63,99.98,160,65.45,10.5,0.0,5.2,2,12.31
2,13.98,41.36,130,42.5,1.91,0.0,3.05,6,4.77
2,51.2,22.67,130,28.64,0.21,35.76,3.17,1,11.51
3,17.48,121.82,110,30.37,3.48,6.21,8.4,6,0.7
2,34.16,30.36,130,78.04,5.24,0.0,7.79,5,6.26
2,2.92,38.34,130,15.62,6.69,0.0,3.45,6,5.43
2,17.71,94.73,110,57.93,2.48,0.0,3.78,5,4.7
2,0.25,98.46,130,36.08,1.77,0.0,9.71,6,6.7
3,13.33,109.3,110,32.55,2.42,27.13,9.53,5,9.39
3,7.6,71.16,160,52.99,0.03,0.0,9.74,3,-2.15
2,5.11,120.61,160,86.32,2.66,0.0,9.42,0,7.96
3,23.8,146.67,110,62.54,3.09,0.0,6.47,3,6.1
3,23.11,55.24,110,77.03,3.2,0.0,3.43,5,1.72
3,0.27,111.39,130,61.06,2.07,6.17,9.71,3,5.33
3,11.28,140.7,110,69.31,3.01,0.0,7.56,0,4.32
2,5.5,109.22,110,46.75,2.55,39.72,7.26,5,15.86
2,6.45,108.54,110,88.71,0.31,0.0,8.08,4,6.28
2,21.41,49.09,110,52.66,5.72,0.0,6.19,3,8.15
3,4.45,89.57,110,56.9,2.44,0.0,6.04,4,1.57
1,34.39,93.13,110,54.62,3.25,33.17,3.93,1,18.87
3,2.38,111.02,110,36.88,1.05,0.0,1.93,6,1.49
3,13.04,149.59,130,29.66,6.29,0.0,4.67,2,2.68
1,13.38,24.37,130,16.28,1.75,0.0,5.42,6,0.23
3,3.49,28.48,110,71.04,2.84,26.41,8.84,2,12.67
1,4.71,30.13,130,34.59,7.6,0.0,4.32,2,9.18
2,21.61,116.59,130,43.08,6.19,0.0,8.89,2,-1.36
3,17.22,37.73,110,88.19,2.59,0.0,3.52,5,7.38
1,4.79,100.92,130,58.15,0.45,0.26,9.47,4,7.5
3,9.16,62.21,130,18.25,7.52,24.84,0.87,1,14.96
3,0.76,79.45,110,77.97,10.36,0.0,5.49,4,15.51
2,2.81,48.04,110,31.77,0.27,35.64,3.56,3,16.18
1,7.98,132.59,130,56.98,1.5,0.0,3.3,0,6.91
2,1.08,96.2,130,53.35,1.99,0.0,1.25,5,7.45
2,22.24,142.79,110,30.24,0.24,18.29,6.97,3,1.26
3,15.19,94.7,160,19.84,0.53,0.0,4.23,4,-6.56
2,34.51,36.11,130,27.96,1.93,0.0,9.52,3,1.82
2,14.19,42.21,110,18.27,8.25,28.0,7.27,3,11.6
2,33.84,148.58,110,33.43,0.07,0.0,4.71,3,-7.88
2,9.7,114.32,110,94.77,6.09,0.0,6.46,1,16.14
3,11.0,26.41,110,44.18,5.72,29.63,1.13,1,14.72
1,45.25,111.49,110,83.43,4.87,0.0,6.1,6,15.01
3,12.33,73.58,130,56.68,1.19,0.0,6.83,0,4.64
2,0.38,59.94,130,66.66,1.69,0.0,1.51,2,6.38
3,15.44,40.03,110,23.29,1.29,0.0,6.98,5,0.42
2,28.31,129.19,130,33.36,7.37,0.0,5.0,5,-1.3
2,19.05,28.3,110,53.39,1.84,0.0,5.06,4,0.57
3,10.52,57.68,110,84.9,0.21,0.0,7.37,6,1.72
1,13.35,59.83,130,13.65,0.8,4.96,4.77,6,3.29
3,55.49,40.92,110,53.09,1.55,0.0,2.73,4,3.33
2,1.14,86.06,130,14.34,7.67,3.06,3.33,1,9.81
1,13.2,21.52,160,48.83,2.1,0.0,7.51,1,4.85
2,4.0,59.13,130,63.45,2.98,7.85,1.17,0,11.0
3,12.26,141.37,110,73.3,0.23,6.58,8.49,4,4.03
1,11.23,60.37,110,21.78,5.25,0.0,6.03,4,3.05
2,2.0,66.86,110,24.16,1.94,0.0,7.41,6,3.8
2,2.78,81.51,130,49.96,6.35,0.0,3.77,0,9.92
2,11.66,93.02,130,94.83,1.47,0.0,2.62,5,11.05
1,1.65,125.13,130,40.26,2.87,5.17,8.14,0,12.78
3,3.7,44.74,130,46.34,1.59,0.0,1.47,6,6.15
3,21.64,133.33,130,46.76,0.38,0.0,2.08,6,-3.87
3,4.75,118.48,130,16.86,0.79,0.0,3.21,3,0.17
3,8.03,113.94,110,75.8,0.17,0.0,3.84,0,1.5
1,33.99,31.28,130,31.51,1.45,28.35,2.43,3,12.03
3,3.09,22.81,130,69.81,2.62,0.0,9.17,5,2.94
1,5.92,97.22,110,50.38,0.7,0.0,0.76,4,13.25
1,11.19,132.21,160,62.0,1.69,0.0,8.13,3,10.31
2,16.89,95.98,160,14.59,1.54,0.0,4.41,2,-3.79
2,27.83,47.72,130,85.65,1.91,0.0,8.44,1,2.55
3,29.65,31.77,130,30.73,0.51,22.1,8.06,6,7.36
2,17.99,110.95,110,66.96,1.91,17.37,1.65,3,13.26
2,3.11,113.83,110,77.83,1.13,8.06,6.83,6,7.88
2,0.3,42.43,110,55.9,0.84,0.0,4.1,2,0.46
3,5.81,23.66,130,38.67,2.2,11.01,8.3,0,5.77
2,1.83,73.08,110,93.12,0.4,0.0,8.58,6,3.87
2,14.87,95.75,110,33.67,5.77,0.0,2.3,0,1.56
1,12.99,111.78,130,90.64,6.83,0.0,5.05,0,18.35
3,0.54,125.29,110,23.28,2.7,3.6,6.15,0,10.03
2,21.74,99.37,110,43.08,0.9,0.0,5.67,6,-3.85
2,3.43,34.41,110,21.77,2.46,0.0,2.89,2,0.96
1,6.79,108.74,110,10.19,2.3,38.84,3.09,6,10.99
2,13.23,147.94,110,32.12,1.24,36.34,8.65,1,7.99
2,6.73,137.73,110,17.41,0.85,38.86,0.81,5,16.99
2,6.99,133.32,110,93.84,0.46,0.0,2.99,5,11.78
3,0.81,59.28,110,74.74,0.61,0.0,2.62,3,6.75
1,6.16,117.6,110,10.31,2.65,17.51,4.02,1,8.56
2,17.37,130.64,160,29.01,5.43,0.0,7.02,3,1.88
3,29.61,108.18,110,66.96,1.22,0.0,5.56,1,3.22
2,6.4,52.57,130,43.88,0.32,0.0,5.64,2,0.11
2,6.61,144.0,110,80.71,0.03,36.89,7.45,6,18.99
2,14.55,78.61,110,52.91,1.3,0.0,8.22,2,1.85
2,34.33,36.87,110,65.56,0.66,10.39,2.02,0,4.13
3,3.73,34.27,160,60.75,0.97,0.0,1.53,4,4.91
2,6.96,104.18,110,64.24,0.69,0.0,3.36,2,6.43
3,19.07,76.9,130,29.56,2.73,0.0,8.36,6,-2.92
2,11.29,32.28,130,41.73,2.54,0.0,5.65,6,2.29
2,1.41,116.25,110,14.3,6.08,0.0,1.86,2,7.2
1,11.86,123.91,160,59.95,3.01,35.85,2.06,0,21.37
2,2.48,114.3,110,49.04,0.45,4.91,9.03,4,5.64
2,8.57,46.29,110,74.66,3.48,13.8,3.99,2,12.83
3,9.04,109.67,110,27.54,0.5,0.0,2.93,2,-3.38
2,25.07,21.39,110,47.13,2.04,0.0,7.09,6,0.34
3,7.45,59.66,110,25.36,0.2,25.25,8.68,1,9.96
1,3.93,71.85,130,62.19,0.12,0.0,4.7,3,4.11
3,3.15,128.58,110,82.08,1.56,13.48,8.02,6,8.69
3,24.88,70.75,130,75.06,0.28,20.61,4.59,3,9.71
3,2.25,21.47,110,90.26,0.92,0.0,7.07,6,1.73
3,6.66,65.81,160,92.6,1.03,0.0,5.96,6,5.69
3,2.49,84.86,110,75.62,3.67,25.95,9.0,5,14.94
2,17.81,143.37,130,34.38,1.01,0.0,3.59,1,-2.95
1,7.72,142.33,130,28.64,1.7,9.87,7.82,6,7.05
1,5.19,43.51,110,48.04,3.7,15.1,7.0,5,10.87
3,5.38,44.07,110,94.48,0.57,18.59,8.47,5,11.88
2,22.94,41.24,110,45.08,4.09,19.89,6.27,3,10.4
3,9.68,122.56,110,26.92,4.46,36.09,4.87,0,12.61
2,15.18,20.78,110,90.27,11.24,4.29,0.97,6,18.58
1,27.28,36.53,130,42.8,1.47,0.0,8.48,4,3.22
1,27.84,89.93,110,68.73,1.16,5.75,9.14,2,10.03
2,4.78,52.18,130,76.99,3.03,0.0,4.77,3,2.24
2,36.55,32.01,110,81.67,0.15,0.0,2.61,2,1.92
2,0.3,66.78,130,79.81,0.1,35.76,6.65,1,14.45
2,5.68,55.65,110,81.08,1.02,28.93,1.66,6,12.07
1,27.14,86.44,110,66.75,3.27,0.0,0.89,1,15.7
2,3.85,147.3,110,44.33,0.31,0.0,3.26,3,2.02
2,3.83,36.16,110,66.72,2.52,0.0,6.96,1,3.15
3,4.33,68.45,130,81.12,0.79,0.0,8.23,3,4.64
2,11.37,141.16,130,39.8,2.64,0.0,1.99,0,3.11
2,6.92,133.99,130,35.2,1.53,0.0,9.49,3,0.32
1,15.57,71.26,130,39.22,0.31,3.52,5.74,1,3.36
1,27.04,110.86,160,56.86,0.71,0.0,9.29,0,4.04
2,13.46,31.42,130,14.46,0.62,0.0,1.92,5,-2.99
2,2.74,112.63,110,76.21,0.45,1.55,4.85,0,8.19
2,32.38,146.47,110,21.8,1.58,24.56,4.59,3,1.18
2,3.69,89.87,110,21.29,7.73,0.0,4.41,2,10.04
2,1.95,84.8,130,26.8,2.68,0.0,9.34,2,2.88
3,1.13,44.35,110,59.04,4.52,2.6,8.57,1,7.03
3,9.94,102.39,130,34.27,9.92,0.0,8.05,6,4.11
1,1.45,96.76,110,41.29,1.94,10.25,3.22,6,9.88
2,1.79,104.75,130,89.19,0.68,0.0,3.72,6,6.31
1,4.28,23.39,160,82.01,6.57,0.0,2.96,5,7.81
2,3.97,91.33,110,82.44,3.0,17.17,8.04,3,14.57
3,11.12,97.34,130,59.1,7.98,0.0,4.23,2,11.65
1,20.36,46.98,130,83.65,2.63,0.0,9.8,6,6.36
2,17.19,47.08,160,76.18,3.73,14.06,3.96,3,8.18
2,3.65,55.91,110,91.03,5.53,7.47,2.11,2,14.62
3,3.38,112.52,130,15.47,3.56,0.0,9.33,0,3.3
2,40.5,98.81,110,12.44,2.07,0.0,7.94,3,-8.2
1,0.1,129.95,130,24.88,1.6,18.5,6.04,6,8.64
2,25.42,58.44,130,88.97,4.33,0.0,8.66,2,8.39
2,2.67,138.57,130,61.47,3.7,25.29,9.52,4,16.23
1,35.31,116.68,110,46.22,1.14,26.06,8.68,1,13.88
2,5.03,71.35,130,53.58,1.72,0.0,9.09,1,2.57
1,6.97,32.38,110,80.52,2.52,0.0,3.08,3,4.6
1,14.74,53.41,110,88.97,0.07,0.0,5.35,4,3.29
2,10.63,144.38,130,72.02,0.71,8.54,8.06,0,6.44
1,4.59,60.35,130,74.59,0.72,0.0,5.5,1,6.19
2,9.68,62.89,160,37.23,5.37,11.35,6.6,6,9.6
2,15.74,44.65,130,49.7,1.01,0.0,9.27,3,-1.68
3,0.52,124.89,110,85.24,1.97,0.0,3.31,5,8.91
2,0.14,55.83,110,76.8,4.45,0.0,5.62,1,8.97
1,7.35,62.93,110,68.16,0.75,0.0,5.85,3,4.7
1,1.7,73.87,110,15.55,0.33,27.44,3.92,5,11.55
2,13.1,76.38,110,13.36,7.41,0.0,4.0,4,4.59
3,2.89,73.47,110,21.08,3.05,0.0,7.81,2,2.24
1,6.81,85.49,110,59.42,0.49,0.0,9.33,6,0.64
3,2.64,125.89,130,55.59,4.28,0.0,6.52,6,6.51
1,9.54,126.51,130,90.13,3.87,14.26,5.14,2,24.25
2,1.48,123.78,130,69.05,4.54,21.47,7.63,5,15.19
3,0.28,33.15,110,34.99,0.81,0.0,9.98,6,5.04
3,0.63,123.96,110,23.73,1.49,0.0,1.28,6,6.84
3,37.02,35.63,110,82.21,2.96,25.65,6.69,2,10.1
3,1.84,36.21,110,49.07,1.24,0.0,5.78,2,1.3
2,14.79,143.22,130,65.54,0.18,28.66,6.3,0,12.99
3,0.84,126.52,110,58.04,0.37,0.0,0.72,3,6.88
1,1.37,91.81,130,19.13,2.27,2.04,9.58,0,4.92
3,8.53,133.75,160,14.85,1.18,0.0,1.31,2,1.06
2,7.5,148.62,110,42.05,0.01,0.0,3.42,6,-1.3
3,36.33,99.38,110,40.73,3.64,0.0,3.33,2,-1.92
2,34.77,99.68,160,67.27,1.35,11.26,7.46,4,10.07
2,18.15,118.08,130,63.74,0.94,7.14,6.87,1,8.44
2,11.06,50.18,130,92.36,3.13,0.0,1.09,2,10.91
3,7.28,41.73,130,82.94,1.52,13.9,1.92,0,10.76
1,5.28,118.75,110,52.21,2.97,20.32,3.53,5,14.81
1,35.27,64.84,110,52.5,0.03,0.0,7.19,0,2.02
2,11.08,37.56,110,67.3,0.02,30.33,9.33,6,11.56
1,10.38,60.93,110,19.7,2.05,0.0,3.5,5,0.87
3,3.17,66.62,110,94.99,10.07,0.0,5.49,6,11.11
2,0.57,145.48,110,54.1,0.79,13.0,4.04,0,10.03
3,34.85,110.73,130,87.34,2.87,4.25,5.98,4,9.88
2,4.52,89.01,130,92.23,0.47,0.0,6.47,0,0.31
1,7.01,145.95,110,59.44,0.93,27.29,5.42,5,19.99
3,1.46,137.41,110,18.78,0.2,0.77,4.2,3,-0.05
2,21.76,86.56,130,58.73,5.32,19.02,8.86,5,12.92
2,0.34,137.74,110,60.8,0.93,0.0,8.12,3,4.02
2,21.55,72.56,130,77.08,0.65,21.6,9.98,4,8.72
3,1.81,49.95,130,14.1,3.28,0.0,4.42,3,3.01
2,26.12,50.25,130,49.64,0.56,0.0,0.87,5,6.51
3,15.7,106.1,110,88.44,0.69,0.0,6.69,4,1.37
3,2.16,85.14,130,94.26,0.27,0.0,7.94,4,4.91
2,10.01,105.66,110,26.27,8.23,0.0,9.4,4,7.81
1,4.5,109.19,110,84.0,0.71,0.0,0.6,5,18.12
2,2.36,22.9,110,22.43,13.6,0.0,8.86,5,16.77
1,23.52,27.03,160,81.5,0.48,0.0,5.41,3,4.94
1,6.2,89.25,110,33.57,0.05,0.0,4.06,6,3.06
2,6.1,44.83,160,91.57,5.65,0.0,2.61,5,10.28
2,2.23,102.23,110,69.12,2.17,0.0,8.23,2,7.66
3,5.8,91.78,110,43.92,1.08,0.0,3.96,6,-0.43
3,24.63,96.15,130,33.88,1.8,0.0,6.24,3,-2.74
3,5.41,59.32,110,30.0,0.76,18.63,5.36,4,5.41
2,36.34,103.18,110,67.87,2.52,38.13,3.0,1,16.62
2,35.09,127.83,110,86.14,2.4,0.0,7.98,3,12.58
2,1.88,149.75,110,74.17,0.21,11.25,3.33,1,8.87
3,2.34,129.0,110,80.96,6.04,6.75,7.98,3,14.51
1,23.82,92.47,130,76.42,1.54,0.0,4.39,6,10.21
3,5.99,45.15,130,93.23,0.54,7.28,0.79,4,7.92
2,0.05,108.59,160,74.41,0.92,5.51,7.79,3,5.55
2,3.84,141.89,130,27.87,5.03,0.0,9.04,0,6.77
3,10.92,47.54,130,77.29,1.21,2.11,1.64,0,5.52
2,19.27,53.28,130,37.38,2.06,0.0,6.06,4,-1.64
3,1.72,39.37,130,94.64,7.38,8.1,1.18,2,11.91
3,1.41,115.77,110,42.02,2.64,0.0,8.38,1,5.32
2,30.63,72.85,110,34.89,2.82,31.81,9.89,5,3.97
2,16.69,28.15,130,30.33,0.71,0.0,5.2,3,-0.25
2,10.69,133.74,110,65.97,2.76,0.0,3.48,4,9.24
3,17.59,92.5,160,19.28,1.25,3.17,8.53,1,-6.4
2,6.72,63.04,130,91.05,6.05,0.0,5.45,6,9.92
2,17.05,64.72,110,35.02,0.35,7.25,4.77,3,-1.54
2,5.58,57.73,130,35.11,0.84,0.0,2.66,3,0.14
3,3.36,79.21,110,13.92,0.17,21.18,6.35,2,9.64
1,15.67,63.82,160,30.91,1.2,0.0,6.26,1,-0.47
3,6.53,91.23,160,45.61,0.4,0.0,3.0,3,-1.02
3,47.8,120.56,130,41.42,4.66,22.26,2.51,2,5.18
1,5.16,107.68,110,33.21,6.48,0.0,4.67,0,4.55
2,30.57,58.28,110,13.46,2.77,0.0,4.78,6,0.13
3,32.43,88.74,130,35.55,0.27,0.0,1.72,2,-0.65
1,3.32,129.22,130,76.16,1.04,0.0,3.12,1,12.94
3,19.21,28.87,110,47.3,8.34,15.67,2.02,6,12.5
2,6.81,30.18,110,34.72,0.37,23.14,9.06,2,8.52
2,29.94,92.3,110,35.91,2.03,0.0,1.21,6,-1.16
3,7.18,103.08,130,57.13,1.09,0.0,8.85,0,1.0
2,16.37,47.48,130,35.69,17.71,0.0,5.51,0,16.07
2,7.55,116.88,110,63.62,0.84,21.26,6.82,1,12.19
2,3.1,104.01,110,94.1,0.12,0.0,9.27,4,6.97
2,2.67,140.03,130,13.5,3.03,0.0,3.97,2,1.56
1,6.65,41.96,130,24.34,0.99,0.0,7.17,1,-1.58
2,16.9,117.68,130,25.22,2.68,38.08,6.88,3,9.52
3,11.15,30.87,130,48.0,0.28,37.96,9.89,2,10.16
2,14.0,93.49,110,13.52,1.85,0.0,0.94,0,-2.01
2,3.98,91.75,110,50.59,1.18,0.0,4.83,2,3.92
2,7.88,70.49,160,88.96,1.92,0.0,9.9,1,3.15
3,0.54,129.79,160,10.98,4.8,0.0,3.61,4,2.22
1,20.41,20.57,130,41.02,9.01,0.0,9.67,4,9.03
3,55.13,87.62,130,74.68,3.5,0.0,8.26,5,3.99
2,6.27,48.23,160,23.13,3.64,0.0,3.72,3,-1.17
2,0.13,116.65,110,16.59,1.88,14.79,0.78,1,9.32
1,2.23,25.6,110,63.62,0.26,26.03,3.16,5,11.95
1,12.68,128.1,130,10.85,2.75,0.0,1.68,2,3.69
2,11.36,128.95,160,78.15,0.4,0.0,4.57,0,2.89
2,18.61,128.27,130,15.68,0.7,0.0,9.43,2,-1.66
3,3.51,39.83,130,54.57,3.07,0.0,5.37,6,2.25
2,17.31,101.95,110,72.91,2.68,32.15,4.75,2,18.83
2,13.98,21.87,110,30.57,0.94,11.62,2.55,0,3.51
2,4.68,130.24,110,18.8,3.7,0.0,6.4,3,4.32
3,9.46,113.99,160,24.93,7.01,0.0,4.83,5,4.62
1,1.91,89.05,110,82.65,1.97,0.0,7.84,4,7.64
1,7.23,114.98,110,69.99,2.83,0.0,5.4,6,15.38
1,25.56,32.26,160,26.84,0.79,32.17,8.92,5,10.93
3,6.56,88.73,110,70.87,8.83,0.0,7.94,4,12.61
2,21.96,57.87,130,70.23,0.8,13.92,1.88,5,6.62
2,10.71,146.44,130,94.81,5.46,0.0,1.79,6,12.95
3,2.56,131.43,110,43.28,6.57,1.2,0.73,5,16.1
3,10.44,115.33,130,83.51,3.18,9.8,4.01,2,13.43
2,8.46,141.39,160,47.95,4.17,0.0,1.02,5,8.98
3,6.1,65.09,110,86.31,1.53,0.0,4.77,6,5.36
2,1.53,137.11,130,17.79,6.3,3.81,2.79,1,5.53
1,6.47,62.28,110,24.9,3.39,0.0,5.23,4,5.39
2,0.91,115.26,110,82.25,0.99,16.83,2.0,6,13.58
1,1.25,115.73,110,79.64,0.09,0.0,5.72,5,11.21
2,6.45,22.39,130,35.96,1.95,11.45,9.68,3,7.99
3,4.37,66.94,130,60.73,4.59,0.0,6.55,3,1.24
1,31.17,22.53,110,42.53,4.93,0.0,5.86,0,5.21
1,5.65,149.62,130,10.88,4.51,0.0,7.99,1,7.84
2,17.02,35.89,110,12.22,0.6,0.0,0.55,4,1.83
3,9.07,90.57,110,14.61,1.39,17.94,3.18,1,6.37
2,14.61,122.77,110,60.5,2.38,36.62,9.88,4,17.54
2,3.62,46.16,130,33.73,2.75,5.11,7.93,0,5.16
1,34.15,83.06,130,22.24,1.02,0.0,1.36,1,2.21
1,9.06,98.97,130,90.0,2.95,12.79,3.6,1,22.87
3,21.36,40.83,110,20.31,2.23,0.0,4.68,4,-2.68
3,5.45,121.21,110,67.29,2.09,0.0,9.38,2,4.47
1,1.27,58.91,130,86.0,2.72,0.0,6.07,4,8.19
3,13.44,47.43,110,23.93,2.31,0.0,1.23,1,4.52
2,0.09,92.58,160,28.25,0.46,30.63,5.34,0,11.95
3,7.74,73.34,110,58.77,5.19,33.57,3.25,0,15.03
2,2.57,139.64,110,53.22,0.69,0.0,3.72,2,2.39
2,11.85,134.41,110,54.29,3.41,0.0,1.59,2,3.73
2,46.6,82.84,110,57.15,0.49,0.0,4.86,1,2.65
2,7.49,66.7,110,90.74,2.7,0.0,6.86,2,10.0
1,20.41,62.32,110,14.58,5.65,0.0,7.72,0,5.51
1,8.51,54.78,110,74.64,0.02,39.87,7.11,1,18.97
2,8.22,90.79,110,29.76,9.74,7.24,6.77,5,12.7
3,31.98,124.65,110,41.76,0.08,0.0,8.76,5,-8.47
2,26.48,60.4,110,17.59,0.03,24.29,3.66,2,6.88
2,18.49,44.71,110,47.88,4.87,25.78,2.54,0,15.53
3,4.22,81.81,110,78.36,3.08,0.0,1.35,2,4.48
1,9.45,28.97,130,18.39,0.28,0.0,2.07,0,2.74
2,3.04,111.17,130,33.43,6.93,0.0,1.92,5,5.32
2,7.04,87.39,130,41.71,2.79,24.54,9.17,1,8.92
3,7.94,84.53,110,18.83,0.29,38.52,2.21,0,13.84
1,21.38,59.06,110,74.8,4.93,27.01,1.39,5,22.12
2,27.16,137.61,110,76.89,1.64,17.75,4.3,3,12.65
3,6.43,31.76,130,81.05,0.81,39.76,2.11,4,20.17
3,0.21,133.08,110,59.63,4.36,14.93,1.74,6,12.29
2,23.75,68.97,110,53.12,3.35,6.5,3.94,0,9.29
2,2.3,134.48,110,32.32,2.44,0.0,9.23,3,3.0
2,11.67,114.74,160,65.69,5.72,10.65,0.79,2,18.8
3,0.3,33.54,130,47.79,4.94,36.89,2.47,5,19.23
2,6.12,128.1,110,92.52,0.64,17.11,8.33,5,14.22
1,51.19,108.68,110,92.3,5.27,5.98,2.83,4,17.07
3,1.27,24.2,130,86.94,1.17,5.67,4.69,0,4.54
2,6.61,37.38,110,40.61,1.41,0.0,1.44,0,1.02
2,4.4,102.63,130,41.28,8.97,0.0,8.05,1,9.44
2,28.26,106.14,130,82.48,3.57,0.0,7.5,0,9.76
2,24.42,117.06,110,71.98,0.97,0.0,1.72,4,7.47
2,3.26,113.63,110,69.87,2.61,0.0,9.51,2,5.07
2,1.02,105.74,110,33.77,1.94,5.82,6.11,1,5.41
1,11.84,119.61,160,80.83,0.31,26.29,8.08,4,20.43
2,4.92,94.76,130,59.25,5.47,0.0,7.76,6,6.21
3,13.38,53.9,130,47.98,4.31,0.0,5.43,0,-0.24
1,0.39,138.61,130,83.56,3.76,7.32,7.6,5,18.13
3,1.72,22.37,160,43.51,2.05,0.0,2.76,4,2.25
2,13.91,67.65,160,65.58,0.62,0.0,0.7,4,7.32
3,2.86,114.75,110,49.6,5.38,0.0,3.75,5,7.25
3,23.39,75.53,110,60.38,1.09,0.0,1.95,2,0.89
2,0.72,23.23,130,13.45,0.05,0.0,9.82,5,-0.25
3,2.91,28.58,130,49.19,10.01,12.46,9.27,6,14.53
3,78.52,104.32,110,57.3,4.94,10.04,1.87,5,11.33
2,6.81,145.43,130,51.88,2.44,0.0,3.77,0,8.35
2,14.57,91.74,110,82.03,0.03,0.0,5.34,3,6.46
2,2.42,85.88,110,36.45,0.65,29.23,4.29,5,11.66
3,11.3,61.38,130,85.15,1.5,0.0,7.15,1,0.36
3,15.54,53.37,110,44.29,2.47,0.0,5.28,5,-1.56
3,4.53,22.73,110,69.03,3.08,0.0,5.87,5,5.44
2,21.19,55.48,160,17.37,3.88,0.0,6.94,2,0.23
3,11.1,78.38,130,27.01,2.03,8.29,0.72,6,4.52
1,5.91,45.73,160,74.7,2.67,15.29,0.62,1,16.74
2,9.79,31.36,130,11.05,4.17,0.0,2.19,6,1.18
1,10.32,113.3,130,92.32,3.18,0.0,7.32,5,18.79
2,2.17,136.3,130,26.2,7.74,0.0,2.78,0,7.39
2,6.18,141.78,110,86.61,5.19,15.44,9.24,5,18.72
2,5.05,100.34,130,53.86,0.46,0.0,1.25,5,7.05
2,6.15,26.86,110,57.99,7.36,0.0,6.01,1,5.56
2,17.18,116.31,160,17.15,0.57,28.77,0.74,4,9.35
2,7.91,34.31,110,41.04,11.85,0.0,9.73,4,9.17
2,33.82,107.07,110,23.28,3.02,0.0,2.53,4,-3.32
2,4.17,121.32,130,54.7,2.47,24.19,6.08,6,12.48
2,6.45,114.36,130,56.81,0.98,0.0,9.55,3,0.98
1,18.56,143.74,110,70.32,0.36,0.0,0.79,4,13.36
2,9.48,115.96,110,84.65,0.34,0.0,5.37,4,7.94
2,9.5,110.12,130,49.8,5.04,31.08,5.5,0,19.3
2,0.66,54.03,110,29.84,1.42,29.8,3.84,4,12.86
2,6.1,140.22,110,38.35,2.05,19.61,6.72,6,10.91
2,3.79,43.34,110,82.0,6.71,0.0,5.65,3,9.44
3,87.79,137.64,110,22.4,0.74,18.54,2.87,6,-0.14
2,4.42,60.65,110,63.32,3.61,0.0,7.2,3,6.87
2,25.9,36.92,160,11.11,1.59,14.73,4.93,2,5.69
1,13.53,127.47,110,30.88,0.6,0.0,4.97,3,3.36
2,5.0,20.32,110,60.27,4.79,7.39,9.54,4,8.21
2,9.41,128.17,160,48.8,2.85,0.0,5.58,6,1.56
2,22.03,54.1,130,51.95,0.25,10.47,7.95,1,6.08
2,25.78,135.01,110,66.15,1.95,0.0,8.74,2,6.85
2,2.1,109.89,110,29.94,4.77,0.0,6.02,3,3.79
2,4.98,106.6,130,33.87,0.17,16.54,7.97,2,9.35
3,4.9,67.49,110,68.18,1.35,0.0,3.44,6,4.83
3,0.52,27.72,130,55.75,4.09,6.75,2.23,0,7.27
3,10.94,127.91,130,11.24,4.89,11.4,7.11,4,8.06
3,23.16,42.22,110,66.98,3.73,0.0,9.3,6,6.1
1,5.77,68.39,130,62.71,0.91,0.0,0.9,4,8.35
1,16.17,98.05,110,16.68,1.77,1.53,7.75,5,-0.81
1,11.86,82.69,110,73.54,3.38,16.03,0.77,5,16.56
2,5.65,45.83,130,54.38,0.41,32.6,4.86,2,15.37
3,1.82,38.28,110,27.4,2.26,4.64,6.93,3,3.99
2,14.83,36.02,110,57.55,3.19,0.0,4.35,1,3.33
3,23.14,132.19,130,60.61,4.74,0.0,3.36,3,5.81
1,13.89,24.1,130,88.21,0.3,0.0,2.27,2,2.99
3,0.22,147.01,110,73.08,1.0,0.0,9.79,5,6.54
2,2.92,45.81,130,35.66,1.95,0.0,5.92,3,0.8
1,0.86,34.34,110,20.04,3.02,35.5,1.71,2,17.03
2,10.14,95.01,130,82.52,3.27,0.0,0.96,4,17.24
2,16.95,30.4,130,81.92,0.73,0.0,2.81,4,5.78
2,1.41,98.32,130,24.9,0.03,10.14,5.62,4,-0.34
2,21.87,130.58,130,15.28,2.96,0.0,7.64,2,-6.93
3,9.73,26.23,110,70.51,6.0,0.0,9.82,6,10.23
2,14.05,123.98,110,71.42,3.99,0.0,8.42,5,10.29
2,42.65,71.28,110,25.06,2.44,25.02,6.31,4,6.94
2,1.05,40.73,130,66.8,9.49,23.16,6.83,0,19.97
3,27.78,42.89,110,33.71,1.42,0.0,5.46,6,-1.8
2,1.62,139.44,160,32.15,1.86,0.0,4.63,6,1.74
2,5.99,34.38,130,37.58,0.03,0.0,7.95,1,0.09
1,22.88,132.68,110,54.23,7.29,0.0,2.18,2,12.98
1,28.41,90.75,130,78.38,2.19,0.0,3.67,5,11.72
2,8.47,25.08,130,52.38,1.24,0.0,9.8,5,0.66
1,10.82,80.38,110,35.33,0.11,0.0,5.93,4,3.19
2,14.78,126.27,130,85.14,1.13,31.64,5.24,0,19.12
3,21.46,114.41,110,14.68,0.01,0.0,8.58,6,-8.94
1,1.55,83.54,110,77.75,0.98,0.0,7.74,3,11.01
2,19.93,131.81,130,76.67,7.56,22.95,3.6,1,18.23
2,7.88,35.65,160,31.55,0.42,0.0,6.45,5,1.02
3,7.19,138.29,110,26.86,1.97,13.98,2.26,5,6.19
2,6.62,130.04,130,84.35,0.52,22.92,1.0,1,20.19
3,8.54,112.08,110,57.5,3.82,0.0,9.9,4,4.68
2,34.82,126.33,130,13.91,2.07,0.0,7.5,2,-6.85
1,9.53,90.7,130,85.72,0.56,0.0,9.34,5,9.74
2,36.74,107.77,110,39.67,5.03,0.0,8.4,6,-3.37
3,2.39,92.88,130,39.08,3.83,0.0,4.57,2,5.74
2,15.45,66.21,110,64.68,7.56,0.0,8.68,0,8.85
3,20.07,93.95,110,66.21,0.0,39.26,7.97,2,11.49
3,13.64,53.47,130,40.03,1.53,0.0,2.95,4,2.19
2,11.2,77.24,110,22.18,21.87,31.2,6.42,1,30.3
2,9.98,56.5,130,56.94,4.17,7.09,3.4,6,8.67
2,23.67,35.98,130,63.14,4.45,0.0,2.72,1,4.12
2,20.69,61.84,110,83.12,2.43,0.0,1.28,1,8.94
3,1.57,130.76,110,51.18,3.12,38.89,5.66,4,19.94
3,22.65,69.54,110,64.88,4.09,0.0,4.23,3,2.6
2,6.41,117.24,110,14.62,0.24,27.52,1.34,4,12.06
2,3.51,42.78,110,86.03,2.95,0.0,7.32,1,3.01
3,24.46,75.17,110,37.81,4.22,28.76,7.37,1,7.28
2,6.79,34.93,130,63.74,0.1,4.04,2.74,2,0.79
3,19.83,38.02,160,87.86,0.88,0.0,9.58,1,6.42
2,3.67,100.27,110,78.89,0.98,13.52,7.89,6,11.64
2,0.05,98.97,110,64.2,4.82,0.0,8.15,5,7.76
1,8.21,47.74,130,69.81,3.79,0.0,0.54,6,16.39
2,1.27,81.68,160,88.28,2.67,2.19,9.8,0,5.94
2,16.85,132.23,110,79.03,4.08,29.2,9.91,4,18.02
2,3.88,42.65,130,61.84,1.51,0.0,5.32,6,0.87
1,7.04,22.5,130,65.99,5.2,6.92,9.86,2,12.79
3,1.09,104.76,160,22.52,0.67,0.0,6.32,2,2.72
3,4.05,26.95,110,49.96,3.05,0.0,1.77,5,2.67
2,18.25,147.39,160,35.58,0.69,0.0,8.24,3,-4.64
1,1.97,99.25,110,46.72,0.1,23.8,5.8,3,12.36
1,12.5,81.15,160,66.29,0.84,0.0,3.75,1,3.73
2,29.93,75.9,110,22.68,1.7,0.0,2.74,0,-3.37
2,13.67,94.5,130,11.48,4.64,11.84,5.43,6,2.82
2,19.99,31.78,130,43.74,1.78,0.0,7.07,0,-0.0
2,1.38,140.9,130,37.39,0.49,0.0,8.83,2,3.72
2,3.46,101.33,130,45.74,12.32,2.45,6.19,6,18.32
2,26.99,43.92,110,89.15,0.79,0.0,4.45,4,0.04
2,15.07,93.14,130,70.1,10.55,0.0,6.51,3,15.02
3,12.24,37.32,160,37.83,6.89,15.85,5.22,6,11.59
1,13.08,22.28,110,25.24,1.95,16.71,6.69,2,7.59
2,6.42,101.97,130,62.57,0.24,32.78,6.29,3,13.45
2,0.55,104.3,130,65.89,2.97,0.0,9.8,3,5.07
2,18.41,95.88,130,51.11,4.67,31.97,6.41,6,14.06
3,13.63,43.85,130,28.08,1.47,1.45,7.06,0,0.81
2,7.68,98.45,130,12.43,0.68,0.0,8.98,2,-3.0
3,27.6,27.35,130,32.58,4.06,0.0,9.17,0,-0.94
1,4.92,99.2,130,48.86,1.97,0.0,1.84,5,6.91
1,4.18,92.02,160,76.97,0.55,0.0,4.81,0,8.84
3,24.74,105.18,130,82.57,7.47,22.79,9.46,2,20.45
2,19.13,136.41,130,45.1,7.4,20.81,9.62,4,14.74
2,8.68,130.55,110,77.67,1.14,0.0,2.31,3,6.75
1,1.68,147.49,110,94.43,0.17,0.0,4.72,0,17.31
1,2.91,146.91,130,70.91,2.49,30.66,3.15,4,22.99
3,12.81,120.4,130,71.93,0.95,0.0,8.01,1,3.32
1,5.83,144.33,110,87.31,0.17,0.0,8.6,2,13.77
2,21.73,132.75,110,38.74,5.56,17.28,4.96,1,5.83
2,35.94,114.59,110,10.95,15.69,16.06,6.92,5,12.37
2,19.66,29.8,130,93.89,1.08,0.0,8.76,5,0.77
1,5.69,26.38,130,51.69,3.41,5.65,7.24,1,9.94
2,18.65,128.89,160,76.78,0.17,0.0,1.99,2,8.34
1,5.2,83.66,110,79.06,1.15,0.0,7.26,3,4.74
3,2.19,125.9,110,43.79,0.29,0.0,2.01,4,2.19
2,0.41,60.68,110,56.01,0.14,21.95,6.71,1,9.12
2,5.85,71.69,110,55.89,2.22,8.48,3.67,6,7.16
3,28.07,111.02,130,28.72,4.05,0.0,1.04,1,-1.88
2,3.28,138.99,110,20.0,1.51,0.0,2.65,4,-1.68
2,2.78,31.41,110,56.2,1.86,10.34,4.95,1,6.11
2,42.01,131.99,110,20.21,0.79,11.77,9.94,2,-4.14
2,0.3,123.09,110,39.42,3.33,0.0,2.93,4,3.77
2,18.49,61.02,110,25.82,1.12,0.0,9.8,0,-3.01
3,4.65,66.18,110,70.09,0.17,22.25,3.96,0,10.71
2,0.46,26.04,110,84.12,0.45,0.0,9.62,3,3.49
2,29.98,22.05,110,59.12,0.34,0.0,9.58,6,-1.05
3,1.8,82.01,110,44.86,1.43,16.66,1.86,5,6.92
2,9.63,32.42,130,94.71,0.17,0.0,8.37,1,2.43
1,3.84,45.22,160,11.8,4.11,0.0,5.41,2,6.68
2,0.81,130.08,130,35.87,5.97,0.0,7.02,6,6.91
3,0.61,94.23,130,33.69,0.71,0.0,7.87,4,1.59
1,1.47,102.37,160,40.28,1.66,31.16,1.68,5,13.76
2,0.89,44.37,110,29.6,1.83,14.58,8.09,5,2.87
2,17.15,127.73,110,32.46,10.5,0.0,3.38,1,11.1
2,7.98,132.84,110,31.9,0.17,36.92,7.46,5,12.39
1,5.04,88.03,110,52.99,2.76,0.0,5.95,2,4.46
2,6.5,138.63,130,43.24,1.06,19.66,7.0,2,3.75
3,31.73,129.83,110,64.34,1.74,0.0,6.42,0,7.24
2,29.0,115.07,130,53.72,0.61,0.0,8.2,0,1.23
2,15.09,115.43,110,25.59,0.44,33.29,9.0,2,6.33
3,25.92,33.7,160,78.85,0.7,0.0,4.77,1,0.24
3,4.62,55.21,160,50.14,0.18,0.0,4.23,4,1.17
2,5.76,28.69,160,23.02,0.81,0.0,2.8,3,0.5
2,11.41,21.13,130,24.18,2.93,0.0,8.23,6,1.03
1,11.73,40.58,110,77.74,2.64,0.0,9.69,1,3.98
3,7.89,134.46,130,69.75,2.02,0.0,2.36,6,9.74
3,6.14,51.18,110,53.05,0.0,12.4,4.85,2,4.08
2,51.38,146.12,130,36.02,0.34,36.29,7.82,4,4.87
3,20.65,97.65,110,49.14,4.63,0.0,6.54,3,-3.36
2,6.85,50.84,110,64.1,0.79,0.0,8.24,6,3.47
2,15.59,84.63,160,84.74,6.08,0.0,0.65,2,17.84
1,3.77,48.48,110,57.25,5.19,0.0,9.16,4,5.84
3,1.27,147.92,110,33.52,0.42,0.0,1.08,6,1.33
1,5.21,130.14,110,13.63,5.71,8.07,4.73,4,8.25
3,6.19,23.41,130,24.91,2.47,0.0,3.12,3,4.79
3,0.2,143.21,130,65.27,2.49,0.0,9.32,6,4.16
3,20.24,113.74,130,23.64,4.79,0.0,3.11,2,4.16
1,5.34,30.71,130,50.93,1.3,35.64,4.05,5,13.87
2,10.42,107.18,110,69.41,3.32,3.81,8.94,0,4.71
2,0.92,104.1,130,36.2,2.75,18.18,5.61,1,9.21
2,2.31,48.44,130,66.87,3.69,0.0,9.03,5,1.51
1,26.45,118.6,130,59.39,2.7,0.0,6.78,5,7.45
3,11.26,31.32,110,47.31,0.21,0.0,1.25,3,2.24
2,36.02,83.63,110,86.27,0.87,0.0,4.63,1,4.21
2,80.22,21.29,110,68.83,7.03,19.69,2.18,3,16.85
2,5.58,145.94,110,40.65,0.63,0.0,1.12,0,3.34
2,4.26,117.7,110,78.36,1.6,18.23,4.05,6,10.05
2,23.45,40.65,110,72.74,1.1,0.0,9.13,1,2.93
2,78.95,64.42,110,77.29,0.23,38.82,1.62,4,17.75
3,11.92,40.87,110,64.48,0.5,32.13,0.56,6,18.27
2,19.03,119.66,130,42.25,0.84,29.47,9.38,6,4.59
3,18.27,27.66,130,39.63,1.56,0.0,5.54,5,0.48
3,5.27,129.25,110,65.6,5.19,0.0,5.81,4,10.66
2,10.25,142.49,130,21.13,1.81,3.73,9.32,1,-2.0
3,21.48,107.96,160,79.69,2.64,0.0,7.15,2,2.01
1,13.98,47.69,130,41.48,1.39,0.0,8.35,6,-0.4
3,0.26,66.81,160,63.58,5.1,22.68,7.82,4,14.3
2,4.93,82.04,110,52.42,2.72,0.0,6.31,6,1.21
3,1.87,98.6,130,54.14,0.24,0.0,7.04,3,2.34
3,3.18,106.93,110,72.73,1.62,38.99,5.83,2,18.66
3,28.31,92.05,110,63.27,4.39,0.0,3.88,3,6.92
3,0.45,65.67,160,31.28,3.31,0.0,3.21,0,8.85
2,2.98,135.82,160,16.31,5.89,0.0,2.17,5,2.51
1,4.45,30.58,110,81.42,0.65,16.28,3.86,4,5.75
2,11.51,80.61,160,85.22,9.45,0.0,5.98,0,16.04
1,9.17,120.82,110,23.98,0.84,0.0,6.08,5,3.14
2,2.95,27.91,130,36.31,0.13,0.0,6.99,2,2.72
2,2.15,111.69,110,34.0,1.71,0.0,8.85,3,-1.3
3,3.24,126.56,110,89.68,0.29,0.0,6.69,4,2.2
2,8.38,105.91,130,27.41,2.86,0.0,2.12,1,2.99
3,3.8,21.68,110,24.16,5.77,0.0,0.74,0,10.53
1,35.39,43.42,110,25.46,6.36,13.33,2.37,4,14.14
3,7.48,64.47,110,72.04,2.34,0.0,9.13,1,3.09
3,0.73,50.38,110,85.48,1.92,0.0,5.89,5,3.18
2,15.68,145.14,130,43.44,12.79,0.0,8.56,2,14.82
2,4.79,104.71,110,21.57,2.17,0.0,2.73,5,0.53
3,12.72,58.61,130,59.79,6.56,6.24,7.24,1,11.26
1,3.94,140.86,110,27.84,6.21,18.3,7.45,5,11.36
2,10.15,116.28,110,15.45,0.85,39.31,8.19,6,10.11
2,17.75,57.0,110,85.33,0.03,0.0,5.59,6,4.37
1,31.57,69.25,130,84.02,1.45,31.04,8.04,6,16.23
2,3.63,45.93,110,92.95,4.94,33.57,9.39,2,21.13
1,4.89,146.24,110,50.29,4.52,0.0,9.6,6,9.74
1,7.49,87.25,110,34.99,2.31,0.0,1.69,0,3.35
1,31.44,136.49,130,75.43,0.43,24.88,6.43,6,19.88
3,27.8,65.04,110,25.34,0.28,0.0,1.58,1,-3.29
2,1.13,131.91,130,30.68,7.74,23.75,9.26,3,15.67
3,1.7,27.01,110,31.73,1.37,20.26,9.58,5,7.62
2,8.21,147.67,110,90.89,2.61,0.0,5.25,5,8.12
2,1.35,138.56,110,72.03,5.91,0.0,9.62,3,7.5
2,5.09,67.22,110,21.36,5.1,0.0,7.78,3,-0.4
2,1.93,120.71,130,17.89,2.09,0.0,7.11,2,3.46
1,12.13,117.79,160,81.64,1.67,0.0,6.02,5,13.44
2,35.83,137.16,110,78.19,3.32,13.18,4.36,6,12.22
2,68.69,59.94,110,67.03,1.08,20.54,9.66,1,9.95
2,5.64,80.52,110,26.67,2.45,24.52,2.37,4,12.61
2,10.97,132.45,110,50.82,0.06,0.0,8.12,6,1.42
1,23.28,121.22,110,61.23,4.35,0.0,3.99,1,10.5
1,1.5,71.15,130,89.23,15.58,0.0,7.66,1,27.18
3,14.04,129.94,110,24.4,7.74,0.0,2.06,5,4.76
2,6.31,26.1,130,53.81,1.12,0.0,4.05,5,3.5
1,2.77,121.67,110,23.41,1.89,0.0,9.49,0,4.5
3,6.19,46.88,110,47.73,0.67,13.27,5.79,4,5.02
1,0.95,57.2,110,27.01,0.9,0.0,5.17,3,0.17
2,14.27,84.12,110,81.08,1.53,30.3,7.65,2,14.03
3,3.5,78.47,110,31.65,3.44,27.28,4.46,4,14.77
2,4.48,87.67,110,45.45,0.05,0.0,5.18,3,2.51
1,1.55,90.82,110,44.66,1.25,27.67,5.83,2,14.24
1,24.0,63.1,130,83.64,2.03,0.0,9.9,6,8.72
2,8.16,42.78,110,74.41,0.61,9.55,8.15,4,4.08
1,10.19,119.9,130,14.89,0.2,30.17,0.88,2,13.42
2,10.11,72.0,110,15.7,1.94,0.0,7.94,2,-2.39
1,6.34,85.76,130,56.85,2.54,34.17,5.28,3,18.13
2,2.57,103.81,110,46.36,2.56,0.0,2.69,0,3.11
3,16.4,138.25,110,33.42,1.1,29.9,8.61,3,10.64
3,1.63,111.98,160,77.37,0.68,0.0,3.07,4,6.77
2,1.32,25.91,110,20.93,0.62,0.0,3.54,3,2.43
2,14.86,129.01,130,92.79,0.1,0.0,1.1,3,13.67
2,2.81,148.62,130,12.05,0.51,2.24,9.79,3,-1.07
2,4.4,81.42,110,20.05,4.27,0.0,8.06,5,6.0
2,7.74,146.05,160,36.46,0.01,5.45,1.91,5,1.48
1,7.16,91.15,130,53.28,0.11,38.76,5.15,5,16.67
3,14.8,79.75,130,28.37,0.34,0.0,3.7,4,-4.3
2,11.72,63.08,160,72.58,1.36,2.21,0.81,6,8.73
1,12.41,105.48,110,40.39,1.02,0.0,9.31,4,3.01
2,15.02,49.88,110,13.28,0.49,0.0,8.47,6,-3.98
2,4.15,33.64,130,84.61,0.29,0.0,9.88,2,-0.73
3,4.67,23.54,110,90.23,6.99,0.0,2.8,2,4.71
3,6.91,58.01,110,62.58,6.05,0.0,7.14,4,7.97
3,4.41,71.45,110,78.56,3.69,0.0,1.62,5,1.64
1,50.35,91.77,160,20.29,0.73,0.0,4.6,2,5.31
2,20.19,58.06,110,32.85,0.98,0.0,8.54,3,-3.61
2,2.16,147.93,130,37.64,2.74,0.0,0.58,1,6.53
1,0.07,57.93,110,91.66,0.86,18.18,5.07,5,14.87
2,0.52,77.33,110,53.54,1.89,0.0,4.63,5,3.29
3,3.36,33.43,130,10.63,2.63,34.78,7.06,5,12.94
1,1.46,53.88,160,42.32,1.83,0.0,2.76,1,2.21
2,9.15,26.28,110,10.66,1.33,14.64,2.15,2,4.56
2,23.42,92.74,110,30.21,1.07,0.0,6.68,6,-2.23
1,16.02,117.64,110,48.65,3.76,20.32,6.59,2,9.87
2,2.91,45.44,130,37.49,3.36,0.0,7.64,0,4.51
3,6.12,67.83,110,12.78,2.98,0.0,2.85,3,4.51
3,8.51,22.16,110,19.89,1.17,16.64,0.66,3,9.32
3,19.94,129.14,130,56.83,3.74,0.0,8.84,0,7.31
2,21.93,121.4,110,69.13,7.91,0.0,2.46,0,13.41
1,28.86,28.22,110,44.39,2.92,9.53,4.47,1,10.89
2,8.54,67.43,130,72.18,1.31,0.0,4.95,3,4.28
2,14.22,144.19,160,23.88,3.98,0.0,2.28,3,1.85
3,1.42,70.96,160,20.37,2.35,0.0,5.45,6,4.66
1,10.0,88.41,110,81.35,5.25,0.0,9.19,5,14.62
2,3.43,66.18,160,38.83,3.12,7.93,3.08,4,4.92
1,6.78,97.5,130,46.74,3.67,29.84,5.44,3,15.97
2,12.06,147.16,110,90.54,2.75,0.0,3.43,1,11.49
3,3.56,149.68,130,46.05,0.24,39.7,9.82,1,17.52
2,0.64,120.71,110,10.3,1.66,0.0,2.6,5,2.47
2,0.12,72.56,130,89.73,0.15,31.94,1.54,0,15.08
2,0.27,84.28,130,11.2,1.48,0.0,1.85,1,1.68
2,0.1,66.38,130,66.29,3.15,0.0,3.99,6,2.49
3,1.4,148.12,110,37.45,1.37,0.0,5.75,1,3.67
3,3.29,112.01,130,49.98,0.0,0.0,6.85,5,5.39
3,3.0,78.36,110,56.52,1.15,0.0,5.84,4,3.45
3,51.93,21.57,160,44.72,0.18,0.24,9.1,1,-4.86
2,4.38,87.66,130,75.82,3.79,0.0,3.92,2,7.55
2,1.64,147.91,110,89.11,3.83,0.0,7.27,2,11.81
2,9.46,88.0,110,17.35,4.1,24.37,3.05,0,8.99
2,23.42,43.72,130,78.02,0.08,0.0,6.98,3,-2.15
3,13.6,22.87,110,20.94,0.08,3.97,9.3,3,0.96
1,4.21,66.11,130,16.82,5.84,0.0,9.79,4,8.1
3,9.9,139.37,110,91.25,0.33,16.75,7.43,1,9.68
2,15.06,149.55,130,51.59,2.77,0.0,9.45,5,4.01
2,15.63,142.9,110,22.97,3.97,26.01,6.96,1,8.42
2,13.18,114.82,130,58.45,1.48,21.87,9.65,5,15.54
3,24.56,92.56,160,32.38,1.98,0.0,9.03,1,-4.22
2,24.49,96.79,130,49.47,0.64,24.64,1.51,1,5.05
2,10.38,90.07,110,63.1,6.43,0.0,5.0,1,8.25
1,6.74,111.92,160,83.89,0.9,0.0,3.8,2,12.93
2,12.31,74.45,110,10.26,0.61,0.0,0.76,6,-2.07
1,20.46,107.0,130,28.2,1.86,0.0,4.94,4,2.86
3,0.07,35.81,130,18.18,0.53,17.61,1.91,0,6.43
2,57.94,54.54,110,18.25,2.9,29.6,0.85,0,14.19
2,2.42,128.68,110,90.39,1.81,0.0,4.73,5,7.57
1,7.62,137.49,110,89.57,0.4,0.0,2.71,2,12.77
1,24.67,90.07,130,73.69,0.17,0.0,9.39,1,8.97
3,3.06,24.11,130,64.66,0.37,0.0,8.22,1,-2.82
1,7.77,140.51,110,82.08,0.37,0.0,9.58,6,16.63
1,1.71,111.27,110,14.96,0.94,0.0,8.87,3,2.12
1,6.03,73.82,130,20.16,4.48,0.0,7.42,5,6.39
3,2.34,97.79,110,36.95,0.15,37.47,6.18,0,14.11
3,5.42,75.87,110,80.76,0.34,39.66,1.12,3,22.39
2,5.61,80.49,110,50.14,0.9,0.0,3.03,5,3.52
2,59.84,135.29,110,52.8,2.01,8.87,7.25,6,10.59
2,63.14,40.94,130,29.49,3.6,0.0,4.31,0,2.86
3,1.46,33.48,130,65.11,6.35,0.0,3.59,3,9.27
2,15.53,20.35,110,85.47,1.33,0.0,1.49,1,2.97
1,0.64,60.82,130,38.01,0.28,1.99,1.17,1,4.97
1,0.37,39.16,110,62.63,0.6,0.0,2.49,1,2.88
1,1.34,48.6,130,38.22,0.85,0.0,8.43,4,2.0
2,40.4,21.46,110,77.38,3.86,0.0,6.8,3,5.91
3,33.93,49.54,130,50.37,2.9,0.0,3.74,4,2.04
2,2.59,63.25,110,38.85,0.59,25.69,1.08,4,14.02
1,2.12,24.1,110,45.7,4.56,0.0,2.29,3,6.6
1,3.3,99.03,130,17.75,4.9,33.18,4.77,1,13.27
3,8.7,93.94,110,83.62,5.35,37.06,1.96,6,23.64
2,10.12,32.61,130,91.44,0.8,0.0,7.74,2,6.74
3,3.01,97.35,160,50.58,0.36,3.31,7.99,6,0.95
2,16.96,149.83,130,28.81,0.27,0.0,1.8,6,0.01
2,4.44,142.78,110,66.5,1.28,28.82,7.41,5,16.39
2,30.63,20.35,110,48.45,1.4,0.0,5.37,0,-1.36
1,12.83,123.4,130,31.45,5.07,0.0,9.64,3,8.77
2,6.88,65.97,110,13.27,0.78,0.0,7.98,1,2.71
3,18.72,28.27,130,85.62,2.46,27.77,6.06,4,12.33
2,20.44,58.48,130,77.72,3.88,0.0,6.23,1,4.22
2,4.12,61.83,130,80.47,0.78,30.26,2.2,5,9.69
1,4.98,88.02,130,47.39,0.78,0.0,8.99,3,3.55
3,32.98,105.94,110,74.03,2.77,0.0,5.81,3,5.83
3,2.16,117.38,130,59.4,3.24,0.0,5.95,0,8.91
2,0.52,51.97,130,41.86,8.03,23.81,5.97,0,20.81
3,7.26,61.83,110,81.63,4.74,38.43,3.12,3,18.77
2,19.39,60.09,110,94.89,4.32,26.02,8.21,5,18.68
2,17.72,67.16,130,86.44,2.95,0.0,8.69,0,4.09
3,30.24,149.96,130,75.98,0.32,0.0,3.23,4,4.53
3,9.14,121.13,110,73.54,4.14,4.13,4.7,1,8.42
2,1.27,146.75,130,65.27,6.85,17.1,2.2,2,15.62
1,10.66,110.1,110,82.56,1.24,0.0,2.77,1,11.39
2,18.08,72.82,130,51.91,0.94,2.11,3.69,5,4.86
3,1.18,70.67,130,25.45,1.85,0.0,9.07,1,4.31
2,2.27,83.52,110,75.28,7.83,25.82,6.45,3,19.92
2,0.15,74.19,110,88.16,0.13,0.0,6.09,5,3.9
2,10.81,127.68,130,39.01,3.09,0.0,9.49,2,-2.27
2,26.14,80.45,130,76.55,4.21,0.0,8.02,0,8.08
2,13.33,58.43,110,33.27,3.89,1.84,0.65,6,6.03
3,48.24,120.73,130,90.12,2.09,0.0,1.68,0,7.64
2,0.78,131.07,110,68.09,6.33,12.59,2.85,6,14.15
1,28.0,74.66,110,58.39,0.36,0.0,3.39,1,2.24
1,20.19,106.82,130,76.29,0.7,22.36,8.42,3,15.53
3,4.53,27.64,110,79.12,0.92,1.22,7.81,2,0.8
2,43.58,88.83,130,85.85,0.02,14.83,1.88,3,7.53
2,4.08,25.85,160,86.6,1.16,22.35,5.57,2,10.89
3,26.41,23.79,160,14.48,0.44,17.24,1.54,5,7.89
3,25.52,99.68,110,20.45,3.22,26.69,2.14,2,5.9
3,17.01,59.43,130,80.22,1.34,7.45,2.8,0,6.08
3,9.95,116.53,160,90.41,3.05,0.0,9.1,1,6.91
2,1.53,136.49,110,36.15,0.87,0.0,3.97,0,4.61
3,9.11,38.12,110,10.73,0.35,4.07,9.2,3,-0.62
2,5.3,114.19,160,37.43,0.35,0.0,7.63,0,0.62
3,18.86,86.89,110,42.54,0.57,3.48,7.62,1,-1.44
3,17.03,34.58,160,74.69,0.31,0.0,8.13,4,1.17
3,28.98,104.71,130,14.04,0.62,0.0,1.41,0,-1.08
2,0.18,99.23,110,28.07,2.16,11.46,8.24,3,5.52
1,19.87,87.03,110,85.99,0.74,0.0,2.9,1,13.04
2,33.46,140.44,110,23.16,1.05,0.0,9.85,3,-8.03
3,18.69,87.74,110,74.54,0.14,0.0,8.56,5,1.13
3,1.67,148.77,130,40.71,5.57,0.0,9.97,2,3.74
1,1.02,86.2,110,66.33,0.37,11.88,9.4,1,11.76
1,0.25,35.06,110,16.28,1.07,19.63,3.92,2,7.39
1,11.89,81.16,110,34.36,1.19,4.05,9.45,1,4.48
3,11.92,43.7,130,46.11,3.7,25.76,3.64,4,10.8
3,52.03,97.63,110,82.86,1.65,29.33,6.76,4,14.04
2,6.09,110.11,130,57.9,1.21,0.0,8.28,1,6.1
2,4.84,80.9,130,13.84,2.98,0.0,4.13,2,4.04
3,11.75,32.7,110,78.16,2.27,0.0,2.44,5,1.5
3,20.96,80.92,110,14.63,0.2,0.0,9.0,2,-7.77
2,33.13,30.59,160,89.42,0.94,0.0,1.48,3,6.24
2,19.5,108.68,130,28.0,9.61,0.0,3.97,1,4.01
2,6.68,122.75,110,51.47,1.65,0.0,5.64,2,5.52
2,12.09,145.11,130,16.14,1.38,0.0,8.15,1,-2.38
2,23.28,39.34,110,57.75,0.41,0.0,8.75,4,1.81
2,8.09,89.21,110,52.26,4.57,36.93,5.36,2,20.95
3,2.93,93.78,130,44.87,0.36,0.0,5.95,2,-1.66
2,2.23,139.92,110,13.02,0.28,0.0,8.61,4,3.89
3,0.0,101.55,160,84.71,1.45,0.0,4.94,5,5.54
1,15.2,38.92,130,78.22,1.43,0.0,5.81,3,0.68
2,1.41,76.73,130,63.81,9.97,2.15,0.68,1,21.0
1,3.35,105.12,110,58.64,0.34,0.0,9.54,1,7.68
2,4.24,111.04,110,69.07,1.65,0.0,5.88,1,5.08
3,9.86,132.2,110,22.24,0.56,0.14,7.41,6,0.84
3,6.09,43.47,110,89.27,3.02,0.0,2.86,1,3.32
1,13.48,143.7,110,34.2,1.24,0.0,6.74,5,3.76
2,0.69,27.69,130,65.8,2.61,0.0,4.87,0,8.17
3,1.59,147.89,110,61.57,1.03,0.0,1.57,4,6.55
2,8.3,131.51,160,64.11,2.08,0.0,8.39,6,8.18
2,4.93,105.84,160,84.71,1.58,0.0,8.47,6,8.45
3,4.21,115.55,130,35.15,1.17,0.0,1.11,3,2.76
2,0.83,29.45,130,73.66,1.93,0.0,4.21,4,3.66
1,27.13,25.39,110,60.86,1.21,0.0,3.17,1,3.01
2,14.12,33.23,110,16.47,4.1,0.0,5.41,6,4.34
3,1.56,31.36,160,45.2,1.71,0.0,5.14,0,5.04
2,0.81,91.16,130,81.23,5.84,0.0,6.74,0,12.6
1,44.21,48.01,110,36.8,0.63,6.66,2.85,4,3.07
3,13.72,131.83,130,50.99,0.3,0.0,2.61,2,-0.83
1,6.48,77.95,160,51.53,1.2,20.86,7.37,6,12.65
3,14.52,110.42,110,62.53,0.51,0.0,9.77,5,2.44
2,16.94,104.87,110,85.14,1.25,0.0,9.49,3,4.38
3,18.17,61.58,160,24.75,0.58,15.97,8.02,6,0.9
2,7.8,51.61,110,52.89,5.07,0.0,1.14,0,9.48
2,6.74,64.52,110,46.06,2.1,0.0,2.76,5,1.66
1,0.13,123.57,110,35.15,1.72,11.38,7.05,1,7.1
2,31.33,96.22,130,88.17,3.87,5.18,3.31,6,10.77
3,11.1,52.96,130,10.69,0.35,0.0,4.24,2,-3.08
3,2.73,126.32,110,20.38,4.86,13.08,9.56,6,10.31
2,30.25,27.12,110,72.33,1.65,5.11,1.32,6,5.22
2,29.57,110.89,110,32.39,0.37,0.0,8.68,3,-7.45
3,54.32,77.08,110,71.47,4.28,0.0,0.98,1,12.94
3,24.86,115.07,110,80.74,1.54,12.66,3.71,4,8.94
2,73.35,140.57,110,31.64,2.32,0.0,5.78,5,-4.92
2,3.37,117.5,110,26.32,5.6,26.2,3.89,0,13.04
2,22.16,77.46,160,22.35,5.53,0.0,9.59,4,3.09
2,20.78,39.63,110,27.01,5.58,0.0,5.29,2,5.49
1,3.15,124.83,110,32.71,1.35,22.06,7.47,0,11.9
2,1.24,79.89,110,83.84,3.46,0.8,7.17,1,6.39
2,46.6,29.79,130,75.45,0.66,30.84,8.43,2,9.78
3,4.21,113.48,110,10.16,4.45,0.0,8.71,3,9.08
1,24.57,57.94,130,84.3,1.05,4.89,4.93,5,7.63
2,0.05,26.36,130,16.7,1.56,0.0,8.7,1,-1.24
2,0.25,137.36,160,65.7,5.55,21.37,6.71,6,16.14
2,7.53,82.8,130,22.88,4.1,11.41,7.02,3,7.02
1,3.27,56.52,110,15.29,7.62,0.0,2.15,0,5.38
2,14.05,113.13,110,74.58,1.13,0.0,2.83,3,4.4
2,10.0,135.17,130,49.71,0.41,10.96,7.03,5,0.92
2,0.97,20.04,110,60.92,6.03,0.0,3.02,0,9.47
2,2.13,109.42,110,46.16,1.7,19.24,5.16,3,10.08
2,5.89,119.71,160,15.71,5.5,0.0,5.15,4,1.12
3,2.46,47.29,130,72.87,3.29,0.0,2.72,5,2.68
2,18.86,83.65,130,79.73,5.19,0.0,5.88,4,7.61
3,6.46,31.61,130,13.52,2.66,8.61,5.86,2,3.82
2,1.18,117.08,130,41.94,4.18,0.0,1.73,5,5.09
1,7.95,130.17,130,57.37,0.32,0.0,4.12,5,5.97
1,1.14,34.06,110,61.44,8.63,21.57,3.98,3,16.79
2,1.66,126.14,160,59.14,0.5,0.0,5.84,0,0.89
3,3.29,120.3,110,68.9,0.06,0.0,7.62,1,0.97
3,23.55,65.1,130,92.18,1.89,38.47,0.67,0,21.62
3,31.02,109.74,110,43.2,3.11,0.0,1.76,4,-4.6
2,21.0,20.01,110,57.31,3.15,24.02,3.37,5,9.16
2,4.88,141.13,130,69.42,1.04,0.0,8.2,1,4.72
1,3.82,91.55,110,60.36,3.5,0.0,5.06,3,10.15
2,9.56,100.64,130,42.87,4.62,0.0,5.35,5,2.92
2,15.36,106.41,130,63.05,2.35,0.0,4.39,5,-0.92
1,60.2,92.98,130,65.26,1.22,15.49,4.44,4,14.41
2,1.69,131.38,110,59.72,2.38,30.05,9.79,3,14.97
2,0.61,99.26,110,27.43,4.96,0.0,9.04,4,8.48
3,14.22,138.01,130,53.01,5.77,0.0,7.4,3,9.34
3,21.42,95.7,110,85.17,0.08,7.8,3.58,4,5.38
3,22.48,42.25,110,83.83,0.33,0.0,5.38,2,1.3
2,13.62,138.76,110,73.82,0.01,37.75,7.05,0,16.3
2,36.95,108.61,130,69.26,1.7,0.0,4.25,0,6.74
2,8.58,110.9,130,23.03,1.43,28.66,5.48,6,12.65
3,29.42,148.11,110,49.05,1.97,0.0,1.88,3,-6.02
1,41.23,29.78,130,19.43,2.88,0.0,1.39,3,4.32
2,22.54,75.72,130,79.47,1.14,10.64,2.09,1,12.15
3,4.45,51.08,130,34.74,0.58,0.0,7.68,1,1.1
2,2.62,101.96,110,75.18,1.26,0.0,2.3,0,2.28
2,9.53,124.89,130,79.24,0.02,0.0,9.28,0,2.77
2,7.24,145.62,110,85.86,4.42,0.0,4.0,2,15.21
1,25.22,79.1,130,74.08,1.21,0.0,2.11,3,8.3
2,1.26,122.21,130,58.0,2.44,0.0,8.34,3,3.39
2,3.58,139.22,130,60.85,0.98,39.75,4.84,0,19.36
1,16.72,108.83,110,37.25,2.39,8.97,4.19,3,6.31
1,1.2,51.56,130,25.04,1.94,34.79,3.63,1,10.85
3,4.64,99.02,110,21.1,0.58,0.0,3.64,3,0.16
2,5.88,146.09,110,25.47,2.45,0.0,6.8,1,1.5
2,11.69,148.38,130,89.39,0.29,34.88,5.64,4,17.45
2,2.07,103.51,130,23.98,1.64,0.0,4.94,3,-0.35
3,23.65,135.31,110,71.52,3.18,7.05,4.75,4,6.93
2,7.12,46.05,110,25.69,1.99,0.0,1.85,6,0.32
2,29.87,51.99,110,92.9,3.43,21.22,8.36,6,14.15
3,7.57,143.88,130,41.16,0.8,2.11,9.31,0,-2.33
3,3.86,37.58,130,45.03,0.13,0.0,8.12,3,-0.64
1,1.84,44.84,130,44.38,0.14,0.0,4.79,6,0.59
3,0.05,74.67,110,79.4,0.78,19.57,9.74,5,6.35
2,9.12,96.65,160,28.55,1.31,0.0,6.38,5,-0.3
2,1.36,98.5,130,80.64,1.93,0.0,7.85,2,7.58
1,5.97,57.96,130,65.85,3.54,18.71,7.54,5,14.36
1,10.68,139.68,130,28.72,4.58,4.87,7.22,5,5.61
3,3.87,138.96,160,15.56,2.96,0.0,6.6,5,4.37
2,2.31,70.97,130,75.87,1.56,0.0,2.51,5,4.23
2,17.89,76.46,130,28.61,0.77,0.0,3.3,2,-1.83
3,35.2,111.32,110,85.57,1.4,0.0,8.92,5,6.09
3,1.27,106.19,130,21.03,0.8,0.0,2.21,4,1.71
1,2.03,69.7,130,62.39,2.45,0.0,1.94,6,6.09
2,38.63,73.85,130,68.83,4.26,0.0,3.2,2,8.69
1,0.46,65.25,110,65.9,1.83,0.0,3.94,1,3.65
3,45.6,50.6,110,36.86,0.12,0.0,5.75,0,-5.41
2,0.06,79.56,130,84.42,7.02,9.2,6.25,5,19.64
3,24.83,109.24,130,75.43,0.87,39.85,8.01,5,13.86
1,4.41,116.46,130,53.37,6.15,11.77,1.2,6,16.11
1,33.48,121.25,110,61.28,4.19,15.52,2.48,1,17.93
2,4.57,68.72,110,58.14,1.33,0.0,5.3,0,-0.2
2,12.75,119.4,110,90.47,0.15,0.0,2.88,2,8.27
2,1.0,20.85,110,86.2,7.38,37.51,8.8,0,24.02
3,3.33,82.02,110,30.02,2.69,22.33,6.58,5,13.61
2,17.83,123.21,130,32.33,0.72,26.53,5.16,1,5.87
2,9.03,101.91,160,93.42,1.91,0.0,0.5,4,11.55
3,31.57,81.63,110,30.11,2.52,0.0,8.66,4,-4.33
2,6.72,103.8,130,91.05,0.64,12.11,4.88,3,13.26
3,24.47,137.9,130,65.23,0.25,29.84,5.55,5,9.8
1,7.15,93.63,160,14.26,0.78,0.0,7.13,1,2.8
2,46.5,123.97,160,38.54,0.12,0.0,9.41,1,-9.87
1,38.58,147.5,110,50.47,0.18,0.0,2.0,6,5.74
1,4.79,111.72,110,80.81,0.43,0.0,1.18,4,12.63
3,26.05,94.53,110,37.93,0.43,0.0,1.66,2,-4.66
1,22.58,24.87,130,36.4,0.71,0.0,7.54,4,3.93
2,2.84,68.68,130,88.22,6.93,0.0,1.73,3,10.59
2,11.75,93.51,110,16.72,2.14,0.0,5.26,3,0.95
2,0.91,123.64,130,56.88,1.37,38.72,7.21,1,16.47
3,21.75,76.95,110,52.86,2.07,0.0,7.27,1,3.68
1,2.3,144.81,160,14.87,0.01,4.77,4.36,3,2.06
2,0.88,55.33,110,17.46,5.63,0.0,7.14,1,3.04
3,6.13,116.79,110,42.47,1.9,18.61,9.53,5,4.98
2,10.32,74.47,110,21.4,1.5,19.12,0.77,0,9.82
3,23.17,83.18,110,50.64,7.1,11.95,6.88,3,11.58
1,43.91,124.33,130,61.76,3.28,36.52,5.46,3,24.37
2,6.95,58.51,110,68.77,1.03,0.0,2.52,1,-0.69
2,0.75,32.59,130,56.45,6.88,0.76,3.42,0,6.26
3,16.59,87.63,110,42.27,4.78,0.0,8.45,6,1.49
3,9.99,88.74,110,21.03,7.73,2.97,6.08,5,5.51
2,7.13,123.63,130,31.04,0.25,0.0,0.64,3,1.66
2,4.44,145.88,160,45.65,7.77,0.0,9.67,6,10.86
1,8.38,27.19,110,88.55,1.96,25.98,6.83,0,15.66
2,4.96,96.92,160,27.22,2.79,18.76,4.71,3,7.98
2,16.98,108.57,130,45.13,0.6,0.0,7.27,0,-0.83
3,9.42,148.15,110,72.25,0.38,29.86,2.44,4,13.31
2,25.13,142.54,130,69.94,0.21,0.0,2.97,3,4.49
2,9.41,112.62,110,92.08,1.37,0.0,1.95,6,7.0
1,3.27,87.83,110,26.23,0.63,30.4,4.27,0,14.34
1,22.85,41.0,130,11.4,0.21,0.0,9.09,4,-0.0
2,9.78,69.94,110,37.4,7.76,0.0,4.19,6,7.16
2,2.78,96.07,110,22.72,3.3,34.38,3.24,1,14.81
3,11.72,114.28,110,56.62,1.82,0.0,7.18,6,4.37
2,5.31,102.6,130,86.4,3.4,0.0,8.76,2,6.48
2,22.33,112.84,130,68.5,2.36,0.0,2.82,0,8.17
1,7.25,75.79,110,21.54,0.49,33.04,8.18,6,12.08
3,15.55,114.59,130,19.87,2.51,33.89,3.4,4,12.48
3,1.2,38.69,110,87.47,2.86,38.13,2.85,5,17.45
1,6.05,41.14,130,51.45,0.68,3.82,4.99,3,3.86
3,49.07,41.17,160,88.51,0.96,0.0,1.13,4,10.47
2,19.83,135.81,130,72.58,1.21,0.0,8.69,2,7.78
1,2.09,29.88,130,94.43,2.31,0.0,8.81,2,6.29
2,3.9,124.2,130,84.05,0.34,10.66,6.94,2,7.69
2,4.8,50.36,110,45.21,3.4,0.0,3.38,1,2.7
1,12.61,80.9,130,74.45,1.06,8.07,2.08,5,11.8
3,16.98,139.07,110,50.05,2.94,0.0,7.14,0,4.06
3,16.61,96.17,110,29.81,6.75,0.0,1.48,6,3.92
2,8.56,47.32,110,30.49,5.1,0.0,4.41,5,0.74
2,19.98,56.93,110,43.77,3.34,2.99,1.34,3,4.89
2,6.9,139.66,130,19.47,0.54,0.0,4.55,0,-0.83
2,1.59,75.53,130,25.11,3.29,26.41,1.78,0,15.27
2,9.97,96.31,110,52.55,2.53,16.3,0.81,6,17.5
1,36.51,79.79,110,91.08,3.7,0.0,4.77,6,13.59
2,18.9,69.2,110,59.1,5.08,0.0,5.89,1,4.52
3,10.37,49.03,130,44.72,0.93,0.0,4.67,6,-4.69
2,12.49,109.2,110,30.63,2.58,0.0,2.17,3,1.16
1,32.01,113.37,110,26.65,0.8,0.0,1.24,5,5.5
3,6.71,55.74,130,65.96,1.06,36.09,1.7,1,19.57
2,4.83,122.57,130,82.11,1.84,0.0,7.41,3,7.62
2,45.39,131.09,110,43.9,1.42,26.42,0.65,5,5.86
1,23.89,139.69,110,56.81,2.29,3.32,8.7,4,7.65
2,4.68,40.96,130,70.07,3.55,0.0,8.48,5,3.49
3,7.48,59.51,110,14.96,2.32,0.0,8.86,5,3.65
2,6.44,131.85,110,39.83,8.75,0.0,8.85,3,10.83
2,1.94,45.81,130,72.03,3.35,0.0,6.84,1,3.97
3,37.99,20.45,160,68.19,10.5,9.77,8.55,4,13.99
3,6.22,133.21,110,14.53,3.4,0.0,7.44,3,-1.0
3,24.98,62.44,110,30.21,1.77,0.0,3.35,2,-4.86
2,2.52,73.88,110,67.8,1.32,0.0,7.67,1,6.01
2,9.53,78.02,130,33.07,3.33,0.0,6.35,4,3.06
3,0.29,130.28,110,79.22,2.9,21.07,0.76,2,18.49
3,17.34,63.93,130,12.51,2.76,17.63,7.97,4,8.42
1,10.44,136.0,130,26.18,3.2,0.0,8.77,5,5.69
1,11.79,100.2,160,33.91,5.14,0.0,5.42,3,7.47
2,0.64,88.55,130,88.65,0.65,2.46,5.13,3,6.69
3,2.84,62.33,110,77.69,2.08,7.22,4.56,4,4.24
2,0.93,51.68,110,85.15,2.31,0.54,7.33,4,6.97
2,4.09,101.13,110,47.44,0.87,4.33,2.55,3,6.05
1,11.85,78.1,130,79.92,11.05,0.0,7.85,6,18.48
2,10.02,138.37,130,82.55,3.85,0.0,3.28,6,8.14
3,11.37,83.91,130,44.0,0.97,0.0,2.98,0,0.59
2,9.56,86.53,110,94.53,1.11,17.97,8.19,5,9.01
3,3.83,74.17,130,82.36,3.17,0.0,2.16,4,3.94
3,3.36,122.6,160,92.8,0.03,13.08,8.69,0,10.53
2,1.77,75.23,160,83.65,1.56,0.0,9.79,6,4.38
2,22.69,55.01,130,75.98,1.05,16.35,3.54,3,7.03
2,11.5,132.06,130,90.23,4.81,0.0,9.31,2,14.9
3,2.48,97.59,130,45.68,3.92,0.0,5.88,2,7.24
2,2.34,96.9,110,76.58,1.01,0.0,2.96,6,7.14
2,24.77,99.41,110,28.1,5.0,2.32,4.8,6,0.52
3,16.29,113.45,110,72.29,6.12,0.0,8.1,1,9.0
2,12.92,60.7,110,76.76,2.01,0.0,6.83,1,8.0
3,6.27,24.4,130,70.9,0.43,0.0,5.2,3,3.89
2,3.65,125.38,130,82.23,3.68,0.0,2.94,4,9.39
1,46.62,36.76,130,45.13,0.96,0.0,7.4,2,7.55
2,19.15,113.84,110,56.31,1.87,0.0,3.48,6,4.32
3,4.31,30.7,110,10.91,0.12,0.0,3.64,4,0.91
2,22.57,68.79,110,22.41,1.73,0.0,7.6,6,0.24
3,17.07,28.19,110,64.76,1.2,0.0,5.81,0,2.51
3,4.23,87.89,160,57.8,2.9,0.0,2.27,3,3.82
2,6.67,104.91,110,26.77,0.1,0.0,7.03,5,-0.48
3,2.47,42.29,110,30.69,2.45,0.0,2.95,1,2.67
1,1.41,68.31,110,39.25,3.7,35.44,7.72,3,13.53
2,15.39,140.93,130,70.9,0.03,14.34,5.05,1,12.12
1,3.74,77.51,130,61.83,3.47,0.0,6.15,3,6.57
3,20.58,124.33,110,15.91,0.35,12.8,6.21,3,-3.44
2,65.14,140.53,160,74.59,2.99,11.93,1.89,1,15.53
1,0.96,146.66,130,32.33,1.52,0.0,6.68,0,4.84
2,7.69,136.78,110,67.1,2.01,0.0,8.74,3,7.81
2,19.44,61.26,110,20.49,1.03,0.0,8.97,2,-3.07
1,18.67,145.13,110,94.82,0.7,0.0,7.04,3,18.74
3,17.13,125.61,110,16.83,0.18,0.77,9.71,4,-5.06
3,5.15,128.83,130,73.05,5.0,0.0,6.18,2,6.53
2,7.26,21.97,110,56.01,2.36,31.4,2.92,4,15.23
3,10.85,144.05,110,17.3,10.16,0.0,6.77,1,7.65
2,43.77,121.15,110,12.28,4.75,22.72,9.14,1,8.25
3,4.76,119.84,110,40.83,5.09,0.0,3.91,1,1.68
2,30.79,30.6,130,78.19,2.28,21.11,3.02,5,13.33
2,3.77,50.23,110,13.5,0.21,33.46,9.68,4,11.24
1,54.2,145.09,110,69.87,6.12,12.64,7.78,1,19.72
3,13.31,85.09,130,65.71,0.31,15.42,0.97,2,12.76
2,7.47,71.72,110,32.57,1.82,0.0,5.83,6,-1.56
1,11.4,129.19,110,16.59,4.86,0.0,2.73,1,4.64
1,3.82,31.35,110,87.8,1.6,0.0,3.22,6,6.1
2,3.85,74.2,110,35.53,0.45,8.3,1.33,3,5.73
2,1.45,68.84,110,19.47,1.17,0.0,2.69,4,-0.0
3,1.45,65.48,110,67.93,11.14,0.0,5.3,4,11.17
3,5.13,60.0,110,28.42,20.83,38.01,1.25,4,36.59
1,17.27,47.31,130,50.43,3.1,0.0,8.95,4,2.53
3,11.24,42.48,110,14.28,5.47,0.0,7.87,0,4.21
1,1.3,103.25,160,94.4,0.11,19.85,4.12,1,23.7
3,22.95,139.52,110,48.05,0.81,26.9,1.74,3,6.05
3,11.04,86.15,130,94.92,1.15,0.0,9.94,3,5.51
2,38.89,58.74,130,42.78,0.03,24.84,5.85,5,6.19
3,13.31,40.69,110,39.57,1.18,0.0,4.52,6,-3.06
2,2.31,127.92,130,87.74,0.24,0.0,2.39,4,7.62
2,7.7,146.29,130,38.0,1.82,0.0,2.43,3,1.66
3,12.55,65.39,110,46.72,0.01,4.41,8.06,1,2.07
2,0.34,57.82,160,16.64,0.79,10.41,5.44,2,5.08
2,0.18,98.19,110,91.21,5.03,0.0,9.85,3,13.06
2,1.66,120.79,110,17.24,0.6,13.28,9.55,5,6.45
3,3.48,79.2,130,75.55,0.17,0.0,2.46,0,1.27
2,6.74,101.91,110,55.78,0.72,30.93,9.99,4,11.55
1,8.02,113.15,130,15.22,4.39,0.0,9.87,2,5.52
3,1.78,144.88,130,10.14,2.21,34.94,8.09,5,16.06
3,13.43,41.45,160,89.52,2.21,0.0,4.21,6,3.54
1,10.88,149.66,110,73.08,0.0,11.23,2.63,2,14.01
2,4.19,70.98,160,68.35,1.6,0.0,1.48,4,8.88
1,0.17,114.02,110,47.28,0.77,0.0,0.99,4,7.86
2,0.97,94.41,110,30.28,1.02,4.14,8.3,3,0.9
2,5.96,83.27,130,67.79,2.28,36.43,9.48,6,17.66
3,2.01,110.75,130,61.71,5.19,17.7,7.84,4,13.6
2,5.68,71.45,110,71.74,0.5,0.0,7.71,0,1.65
2,11.87,36.39,130,41.09,3.65,0.0,4.44,1,1.54
2,9.51,83.56,110,93.89,0.13,34.29,6.59,2,13.71
3,3.15,87.85,130,15.7,0.99,0.0,6.88,4,1.98
2,5.06,46.25,160,16.77,0.62,2.13,2.94,3,-2.13
3,11.42,141.63,110,87.93,6.18,0.0,7.52,4,10.41
2,23.67,49.57,110,65.06,0.49,9.06,1.89,0,4.28
1,16.79,73.2,130,37.74,2.16,0.0,3.29,4,6.65
2,9.67,40.14,110,74.77,0.45,31.14,6.1,0,12.33
2,5.4,89.65,130,48.49,1.6,0.15,5.63,4,-0.03
2,5.45,59.99,110,11.8,1.33,37.1,7.19,6,16.95
1,25.39,83.61,110,65.34,0.11,11.69,6.04,1,12.97
1,0.48,49.2,110,30.66,4.37,0.0,0.97,3,10.94
3,53.06,26.99,110,19.8,3.79,24.49,9.79,5,11.75
2,13.1,121.3,130,29.15,0.81,36.65,7.75,6,8.86
3,13.72,103.34,110,50.47,2.38,37.09,8.86,0,18.88
2,0.46,64.3,130,14.24,1.13,22.54,8.14,4,9.87
2,11.16,26.17,130,85.07,3.67,0.0,2.52,2,3.7
2,7.96,132.52,110,57.59,2.95,11.17,9.36,0,10.41
2,1.34,42.07,130,34.9,0.24,14.58,9.85,1,4.83
2,3.91,141.0,130,68.4,4.65,0.0,1.25,1,9.36
2,26.52,82.22,130,78.36,0.49,26.79,2.01,2,16.14
1,9.58,64.25,130,62.18,0.48,0.0,9.91,4,0.49
2,6.4,116.43,110,27.21,3.31,0.0,3.29,4,6.45
2,0.91,133.99,130,19.37,0.51,0.0,8.29,4,0.54
3,15.03,68.19,110,83.09,0.33,16.0,1.2,4,12.18
3,14.56,72.95,110,29.95,1.02,0.0,7.46,5,-1.91
3,11.42,76.31,160,11.71,4.56,0.0,7.16,5,-0.77
3,8.57,139.9,110,64.65,0.49,0.0,9.41,4,2.9
2,6.83,110.03,130,23.0,1.04,0.0,7.42,6,-0.69
2,10.8,52.19,110,94.23,0.84,12.63,0.89,2,11.61
3,3.19,44.05,110,83.93,1.1,0.0,4.78,5,4.6
2,34.02,49.95,110,61.72,3.13,19.26,3.8,6,8.85
2,10.66,54.26,130,80.88,1.3,0.0,5.92,5,4.17
1,4.47,49.92,110,50.0,3.56,0.0,4.57,1,2.05
2,7.17,105.61,110,77.02,2.56,0.0,3.17,2,7.44
2,19.66,35.07,130,64.96,1.12,0.86,6.78,3,2.83
3,2.12,70.36,110,12.43,1.42,0.0,3.46,3,5.3
2,4.16,101.26,110,90.64,3.04,0.0,8.58,0,7.47
2,13.65,57.81,130,83.18,1.91,9.92,3.57,4,7.81
3,4.55,28.49,160,91.04,5.07,0.0,5.4,1,5.66
1,18.87,30.64,110,72.17,6.76,0.0,8.35,0,12.4
2,1.68,36.38,130,45.03,3.16,0.0,8.32,5,2.59
1,17.26,128.66,110,27.59,11.32,0.0,6.07,3,13.46
3,0.85,105.52,110,25.3,2.27,0.0,4.11,0,2.08
3,0.15,28.39,130,22.32,0.1,0.0,5.8,5,-0.12
2,27.42,70.84,160,28.75,1.76,10.65,8.57,3,1.28
3,10.45,56.22,110,56.8,0.65,38.7,2.58,3,17.3
2,5.2,95.15,110,68.12,1.02,21.42,1.66,2,15.94
3,3.18,87.96,110,36.69,1.68,0.0,6.03,0,-0.45
3,11.51,82.55,110,56.64,0.87,0.0,5.95,3,3.76
3,8.54,60.89,130,39.01,0.93,0.0,3.28,1,1.37
1,57.35,37.91,130,69.2,1.29,0.0,4.63,3,4.57
3,49.05,116.51,110,94.02,0.84,0.0,1.34,6,10.48
3,12.1,134.38,130,68.57,0.46,18.31,1.74,6,8.44
2,7.02,142.74,130,15.02,3.63,5.82,8.37,6,4.89
3,8.11,27.62,110,50.56,1.26,31.62,4.91,2,15.18
2,13.77,116.19,130,75.48,4.46,0.0,1.45,0,10.07
3,1.29,114.45,160,56.09,5.36,0.0,9.64,3,4.58
1,4.78,143.12,110,90.84,3.48,0.0,2.49,4,21.81
3,0.94,52.88,130,14.66,1.26,18.11,3.51,4,6.83
2,0.91,116.48,130,34.75,3.19,11.21,9.74,3,7.12
1,2.62,27.1,110,28.76,0.42,0.0,2.22,0,-2.96
2,7.97,102.06,110,75.25,2.71,0.0,9.7,5,5.76
1,18.43,65.61,130,54.52,1.3,0.0,7.36,2,2.84
2,7.97,119.96,130,21.76,2.67,27.81,4.56,1,6.91
2,4.9,132.23,130,34.28,3.51,0.0,6.15,5,3.63
2,1.03,67.43,110,54.43,2.07,0.0,5.32,0,5.94
2,9.59,88.33,130,94.67,2.57,0.0,8.15,6,8.59
2,3.8,35.26,110,40.96,0.6,0.0,1.1,2,1.41
3,11.45,74.2,110,23.33,2.25,10.99,8.23,6,3.68
1,45.37,66.9,110,52.25,1.54,0.0,9.72,3,5.77
3,1.42,43.81,130,36.37,1.4,0.0,4.58,1,1.92
3,2.86,136.28,110,58.11,1.32,0.0,2.32,0,3.53
2,7.69,39.25,110,49.67,0.93,0.0,1.53,3,-0.35
2,41.54,102.65,110,68.61,0.91,0.34,3.79,1,5.34
3,17.73,135.72,110,87.71,3.01,0.0,1.74,3,9.98
1,27.42,138.56,110,27.04,2.04,0.0,2.68,4,4.36
1,4.87,123.12,130,79.8,0.08,35.32,6.72,5,26.87
2,58.0,42.9,130,90.69,0.12,0.0,4.45,4,2.11
3,1.3,126.27,130,41.76,2.11,4.68,9.06,2,2.31
1,0.65,55.95,110,19.66,4.68,0.0,4.91,1,8.43
2,23.22,139.91,110,79.86,0.11,0.0,1.96,4,2.7
3,31.45,112.18,160,69.59,1.77,0.0,1.82,6,4.3
3,1.14,122.08,110,28.08,4.76,0.0,7.08,3,3.47
2,1.44,31.05,130,47.84,0.01,0.0,6.52,2,0.36
1,0.4,95.76,160,59.13,0.81,0.0,7.22,4,5.49
3,1.32,126.75,130,24.44,6.31,38.99,3.72,6,18.49
2,2.82,132.01,110,70.77,0.21,0.0,9.19,2,7.07
1,42.11,23.72,110,68.64,2.33,30.22,1.58,5,15.93
1,13.23,142.09,110,85.41,1.77,24.13,0.81,1,31.67
3,18.09,25.63,130,58.22,0.41,0.0,7.55,4,-1.5
2,17.96,99.89,130,58.82,0.11,0.0,6.93,4,0.51
3,9.19,110.14,130,62.65,1.75,0.0,5.19,0,1.64
3,19.16,33.95,110,33.27,3.32,0.0,0.92,6,6.64
2,10.87,26.24,130,74.48,0.49,12.88,1.58,0,11.18
2,4.53,122.04,130,66.31,2.94,0.0,2.36,1,6.21
2,9.88,70.01,110,81.33,1.98,0.0,6.57,6,0.57
2,9.15,33.92,110,75.33,1.11,1.57,6.8,1,3.97
2,20.81,119.15,130,64.28,2.73,28.27,6.93,5,17.54
3,48.03,130.39,110,23.68,0.53,0.0,8.13,5,-9.79
2,6.35,96.36,110,88.13,1.53,0.0,0.74,6,12.83
3,17.3,40.96,110,41.21,1.99,0.0,6.61,0,1.25
2,1.26,21.98,130,91.97,1.53,0.0,2.89,4,-1.3
2,18.0,111.1,110,44.16,1.27,0.0,5.92,5,-0.2
2,5.57,91.52,110,22.4,3.38,24.05,7.51,2,12.89
2,0.48,104.6,130,85.21,2.67,0.0,7.34,6,7.28
3,5.42,125.71,130,77.58,2.55,1.05,3.24,1,7.74
2,11.32,76.45,130,76.84,5.56,0.0,3.88,0,12.68
2,1.52,36.19,110,17.6,12.59,0.0,9.21,2,11.38
1,30.93,142.2,130,84.74,2.09,0.0,8.56,0,18.49
2,0.97,90.88,130,60.69,1.07,0.0,2.94,3,4.03
2,31.91,99.99,160,49.98,3.77,33.37,6.08,4,8.42
2,14.74,141.34,110,87.62,0.38,0.0,1.52,2,6.09
3,4.8,141.11,110,66.61,1.8,0.0,6.71,0,6.26
2,5.95,94.37,110,21.31,1.86,0.0,6.4,2,-2.15
3,16.2,58.69,130,54.16,10.26,0.14,3.01,5,13.11
2,11.04,149.62,130,64.11,11.78,8.77,4.51,3,14.96
2,13.36,108.51,110,86.38,4.01,30.21,7.93,6,20.44
1,5.92,73.1,110,33.79,1.6,0.0,2.93,3,2.34
2,8.03,92.78,110,77.51,1.98,0.0,7.8,4,9.24
2,55.1,74.06,110,77.98,0.96,0.0,3.51,0,4.57
2,2.89,135.48,160,20.88,4.43,3.03,8.48,0,7.25
1,6.49,82.72,130,11.46,3.43,31.39,0.79,5,18.62
1,4.14,127.06,110,59.42,3.69,0.0,2.95,5,9.97
2,17.38,129.22,110,77.11,0.37,0.0,2.19,0,7.87
3,17.33,127.16,110,57.13,1.27,0.0,8.96,1,3.37
2,4.15,113.88,130,79.13,1.93,0.0,4.57,6,5.07
2,1.02,131.13,110,62.9,0.33,0.0,5.68,6,6.41
1,0.14,70.34,160,65.53,1.15,3.63,2.8,4,10.17
2,6.69,34.91,130,12.39,0.23,0.0,1.72,3,2.4
2,6.34,129.52,130,17.53,7.98,24.07,6.18,6,17.46
2,53.47,84.76,130,71.63,3.48,0.0,3.19,4,6.01
2,7.61,36.56,130,74.84,2.42,27.58,9.32,1,11.56
1,3.56,34.99,110,56.09,0.57,32.31,5.03,0,11.16
1,26.62,40.7,130,60.16,1.02,20.9,1.81,3,8.64
2,8.11,117.63,130,62.22,0.39,0.0,0.73,0,8.64
1,10.97,112.41,110,18.92,1.92,24.75,2.71,1,14.87
1,1.21,46.5,110,66.77,4.29,36.03,3.54,1,16.59
2,5.79,130.1,110,50.67,0.05,0.0,2.47,6,2.63
3,34.64,56.57,110,61.21,0.27,0.0,3.97,0,0.67
2,10.68,123.09,110,57.87,0.65,13.52,8.85,0,6.1
2,5.07,83.54,160,74.86,3.13,23.84,0.96,2,18.45
2,11.79,115.1,130,37.08,5.61,0.0,8.11,3,5.94
3,28.95,69.58,130,41.75,3.5,0.0,4.55,3,-0.05
2,3.84,65.13,130,43.29,1.86,0.0,9.11,4,4.08
1,8.44,129.38,130,74.81,0.28,0.0,6.84,5,12.65
2,38.24,24.59,160,46.64,3.52,23.28,2.07,4,11.21
1,2.27,146.72,110,25.05,0.28,0.0,9.62,5,1.16
2,15.26,104.26,130,93.56,1.07,0.0,1.97,1,7.56
2,11.44,76.22,110,51.94,0.92,0.0,3.69,5,0.34
3,13.66,101.65,130,19.29,1.11,2.64,9.8,3,-1.71
2,5.19,35.96,130,66.97,1.0,25.27,2.51,1,11.25
3,4.52,86.83,160,72.83,3.67,0.0,6.5,0,8.48
3,13.83,148.06,110,52.52,0.47,3.5,9.79,3,3.11
1,2.91,50.59,110,64.95,4.67,8.81,7.04,6,10.21
2,6.53,113.9,110,24.68,4.88,0.0,6.8,1,0.51
2,2.5,76.55,110,41.27,1.69,0.0,6.4,6,4.02
2,0.1,104.82,110,23.76,0.28,0.0,5.78,2,-2.13
2,42.1,46.64,110,42.91,2.14,0.0,9.52,5,-1.29
3,6.78,81.16,130,57.84,4.3,0.0,5.67,5,4.23
3,41.82,147.41,110,47.62,0.85,2.67,6.8,2,-4.53
2,1.81,45.39,130,60.42,4.55,36.88,7.52,3,19.65
2,10.62,102.74,110,52.65,2.82,0.0,5.51,3,6.4
3,2.69,94.83,110,37.01,10.9,0.0,8.93,6,13.5
3,18.73,93.46,130,22.19,4.35,0.0,0.72,4,2.86
3,18.37,99.97,130,31.48,0.56,0.0,4.26,5,-6.13
1,1.43,85.29,110,27.06,1.49,0.0,6.36,3,-0.8
2,29.17,22.2,130,70.13,0.27,0.0,0.68,4,6.59
1,2.6,137.01,130,79.7,0.18,0.0,9.4,5,10.76
2,11.39,127.51,130,71.23,3.06,0.0,8.35,2,8.58
1,50.91,42.64,130,64.72,6.1,0.0,2.58,2,11.02
2,25.69,73.73,130,36.17,9.08,0.0,3.65,2,6.82
2,37.64,120.17,160,70.43,0.79,27.2,6.93,6,14.81
1,5.03,147.41,130,61.43,0.56,0.0,3.74,0,8.9
2,1.34,143.65,160,13.99,2.05,0.0,8.64,3,2.31
2,2.5,136.92,130,87.15,0.56,0.0,2.86,2,11.94
2,8.33,40.59,130,16.8,0.88,0.0,8.27,4,-2.68
1,18.91,138.88,110,52.73,4.54,0.0,4.91,6,10.55
2,1.95,134.2,110,53.61,4.16,0.0,4.81,4,6.71
3,12.94,69.0,160,81.15,5.64,0.0,2.1,1,6.18
1,4.69,71.29,130,87.61,1.65,0.0,9.84,1,8.38
1,5.01,79.79,110,89.87,2.08,38.97,3.78,0,24.55
2,13.01,105.3,110,58.42,3.68,34.8,2.44,4,16.16
3,7.55,53.91,130,67.72,0.68,0.0,0.81,5,9.94
2,20.06,22.98,110,17.52,4.33,0.0,5.19,1,4.32
2,2.03,38.36,110,51.47,0.04,0.0,0.81,3,7.78
2,18.72,77.22,110,86.32,3.99,0.0,4.83,3,7.62
2,0.8,56.66,130,48.73,3.74,0.0,9.08,3,4.15
1,2.59,119.39,110,15.92,0.9,0.0,5.23,6,1.05
2,12.81,33.87,130,27.05,3.25,0.0,0.91,3,4.17
3,23.17,139.27,130,46.51,0.6,32.55,3.01,1,9.2
2,3.5,136.39,130,30.19,2.15,0.0,0.96,6,10.14
3,4.76,138.14,110,43.34,3.01,0.0,8.88,0,5.48
3,9.24,116.15,110,38.3,3.14,0.0,2.78,1,4.68
1,2.85,33.91,130,37.11,10.18,0.0,1.12,3,19.26
3,20.0,76.96,130,17.75,0.5,22.08,9.66,2,6.95
1,17.83,37.08,110,85.03,1.64,0.0,5.13,5,4.39
2,1.88,148.4,110,68.88,5.3,21.87,4.35,5,13.18
1,7.48,63.29,130,62.99,2.06,0.0,9.31,3,7.22
1,17.89,96.09,160,61.55,5.23,27.83,5.54,0,21.17
2,4.94,121.32,110,43.7,1.42,0.0,3.17,4,3.46
2,12.03,139.68,110,79.98,3.97,0.0,8.02,4,9.73
2,0.62,118.22,110,89.05,5.1,6.12,3.08,3,16.34
2,11.26,107.69,110,10.48,4.68,30.33,4.71,0,8.95
1,1.99,80.58,110,16.73,5.13,5.94,8.13,1,10.7
1,21.3,98.7,110,67.37,0.62,0.0,9.35,6,10.55
2,5.27,32.24,130,30.07,1.45,13.29,6.26,0,5.06
2,3.97,134.91,110,87.49,0.48,0.0,5.3,5,8.12
3,22.06,90.69,130,66.73,0.5,0.0,1.22,3,3.18
2,0.62,25.22,130,41.3,1.67,0.0,6.36,1,4.02
3,6.06,139.59,130,45.3,8.05,0.0,3.6,4,10.27
2,5.54,83.61,160,68.73,2.24,0.0,5.39,3,6.61
2,4.02,132.92,130,21.98,4.81,0.0,7.57,4,2.91
2,29.13,131.4,160,85.09,6.92,0.0,6.58,3,10.25
2,16.68,126.05,110,10.41,0.23,0.0,1.42,1,-2.8
2,0.79,27.98,110,93.21,0.44,17.24,4.27,0,8.28
3,15.05,52.12,130,24.25,0.86,0.0,2.4,5,-0.4
2,8.99,133.82,130,73.08,2.4,0.0,1.94,5,7.25
3,27.74,136.87,110,13.39,0.16,0.0,2.59,4,-5.87
3,4.5,79.55,130,46.67,3.86,0.0,9.25,1,7.02
3,10.24,77.21,110,63.58,0.16,32.78,7.27,4,14.1
3,8.34,42.77,130,15.97,0.43,0.0,9.13,6,-0.26
2,8.07,145.89,110,47.68,1.2,0.0,5.31,2,0.51
2,7.31,47.71,130,35.77,2.04,19.75,0.51,1,10.93
2,2.76,44.82,110,52.35,5.33,24.0,0.83,1,18.22
2,16.91,105.89,160,52.89,8.29,9.2,1.87,0,12.59
2,7.2,51.57,110,76.74,5.4,13.59,7.92,0,14.71
3,38.19,142.04,160,20.5,0.28,27.33,2.42,3,2.47
2,3.63,21.42,110,17.03,2.49,24.07,1.47,0,9.05
2,13.78,20.75,130,44.16,1.46,0.0,8.68,5,0.75
1,33.91,85.63,110,85.44,0.34,4.48,2.67,3,6.93
2,13.07,83.45,130,82.7,2.02,0.0,5.27,5,3.81
1,24.6,41.24,130,57.6,1.1,1.77,3.72,0,5.42
3,21.09,84.29,130,85.55,1.06,0.0,9.02,0,0.44
2,5.36,73.52,110,78.45,0.25,0.0,7.2,5,0.69
1,11.0,135.74,130,33.62,9.64,0.0,4.81,3,10.14
1,2.04,21.2,110,24.46,3.24,23.0,8.7,2,8.34
2,9.2,146.92,110,35.6,0.82,0.0,7.4,1,-3.25
2,3.14,101.17,110,29.31,6.24,23.53,8.18,6,15.1
2,16.34,39.74,110,62.93,7.4,0.0,9.79,5,5.18
1,9.01,26.08,130,59.72,4.16,0.0,2.43,3,5.03
2,6.36,89.95,110,60.87,2.69,0.0,2.42,2,5.16
2,3.76,50.54,110,26.09,1.18,0.0,5.79,5,2.98
2,79.73,59.15,130,77.31,1.42,0.0,5.56,0,5.76
2,0.89,51.87,160,46.86,1.52,0.0,8.76,6,-0.35
2,0.53,104.52,130,50.16,7.43,0.0,1.98,3,6.87
2,2.94,91.96,130,94.74,3.57,29.06,4.54,2,16.54
3,42.52,30.14,130,33.99,0.86,0.0,5.52,2,0.63
2,46.5,88.45,130,43.5,2.45,33.22,4.91,5,10.19
2,12.77,122.85,160,67.5,2.25,0.0,1.14,5,9.03
1,25.45,30.56,130,84.84,4.18,12.12,1.9,1,9.45
2,2.89,135.67,110,20.78,0.25,8.31,1.96,6,4.17
1,42.92,95.18,130,72.48,3.02,34.89,6.16,0,25.08
2,1.85,143.58,160,88.05,1.01,0.0,4.57,5,11.23
3,1.28,39.26,110,45.95,0.35,3.08,2.19,6,-1.09
2,1.43,149.16,130,34.37,3.29,0.0,7.5,4,6.89
1,10.22,103.76,130,67.61,1.01,1.4,8.13,5,5.36
1,18.22,93.77,130,30.92,3.27,7.27,2.5,2,6.52
2,5.48,86.99,110,42.66,0.44,23.71,7.37,3,7.31
1,45.74,23.08,130,86.24,10.66,0.0,1.1,6,17.13
1,6.84,142.15,110,60.18,4.07,0.0,8.63,5,9.66
3,1.96,103.72,110,18.07,0.85,0.0,9.65,6,1.27
2,7.53,31.91,160,38.02,3.37,38.6,1.98,0,13.04
2,13.64,22.72,130,63.32,0.36,0.0,7.97,4,1.37
3,21.42,26.6,130,50.93,2.65,0.0,1.42,4,2.67
1,7.37,99.22,130,66.13,0.15,0.0,9.63,4,5.64
3,10.81,99.82,130,74.72,1.01,0.0,4.79,5,3.65
2,3.73,84.96,130,50.85,9.59,0.0,5.59,2,10.77
3,12.46,59.88,110,93.89,0.32,0.5,7.76,1,4.56
2,51.2,89.13,130,87.75,2.27,0.0,2.86,6,2.45
3,0.6,87.12,130,15.09,0.18,0.0,4.29,6,0.66
3,26.11,22.52,130,32.65,2.77,0.0,1.17,4,3.08
2,9.91,56.72,110,35.55,0.82,16.59,6.34,4,5.42
3,3.49,26.91,110,25.66,0.93,36.8,8.09,6,13.97
2,37.18,137.02,110,36.52,1.03,16.21,8.59,5,1.23
2,7.92,114.28,130,46.11,0.57,23.84,5.6,3,7.97
2,4.84,149.49,160,14.38,7.1,27.68,7.78,4,19.56
2,2.4,59.28,160,20.82,5.91,0.0,1.92,0,6.76
1,3.36,134.2,110,18.18,5.1,23.64,7.56,1,11.62
2,21.47,98.4,110,13.94,0.28,0.0,0.54,6,-1.77
2,11.44,78.91,110,50.93,0.66,0.0,2.35,1,1.05
3,29.34,48.93,110,38.37,2.37,0.0,6.53,4,-0.28
3,3.17,115.99,130,89.51,8.8,0.0,3.55,2,14.82
2,1.55,137.54,160,18.73,2.32,0.0,4.4,2,3.99
2,0.07,50.59,110,88.71,0.99,34.78,8.35,6,17.21
2,8.51,42.8,110,17.36,4.25,0.0,5.93,4,0.33
1,76.57,110.51,110,62.63,0.36,17.36,4.29,4,14.55
1,14.25,147.01,110,31.06,5.34,15.61,4.92,5,13.4
2,4.42,117.49,130,80.28,9.19,0.0,8.56,2,16.05
2,25.13,57.0,130,15.23,8.58,0.0,5.11,4,1.95
3,18.26,74.59,130,90.96,0.4,0.0,8.82,3,4.1
2,0.19,69.96,130,14.02,1.99,0.0,2.85,3,0.91
2,20.37,130.77,110,30.49,2.2,29.11,5.57,4,4.77
2,4.29,120.28,110,49.46,0.54,0.0,4.01,2,4.09
1,1.95,96.57,110,74.26,1.98,0.0,6.12,3,8.66
2,3.08,55.74,130,90.84,2.6,32.42,5.97,5,18.13
2,7.59,141.94,130,46.38,1.0,2.65,5.93,5,0.07
2,6.64,104.93,130,74.37,0.95,0.0,5.51,2,9.12
2,4.09,146.16,110,71.81,0.16,0.89,4.82,5,5.6
3,2.27,95.42,130,58.55,7.86,0.0,9.15,6,8.54
3,17.24,126.76,110,68.73,4.07,28.27,3.05,4,18.81
2,55.39,125.7,110,13.24,3.56,0.0,4.62,4,-4.77
2,18.05,63.85,110,47.53,0.06,15.1,2.51,4,8.53
2,4.21,145.32,110,76.8,2.45,0.0,3.66,3,10.8
2,3.37,22.85,130,50.31,0.5,3.59,2.87,1,1.25
2,2.95,119.93,130,84.25,2.71,5.8,6.86,1,10.76
1,1.76,145.52,110,80.86,2.43,33.89,7.22,5,27.66
2,9.62,64.06,110,83.39,4.78,8.09,3.13,1,8.58
2,11.16,104.25,110,21.05,0.74,29.07,9.84,3,10.55
2,14.67,93.09,110,30.75,0.07,9.03,3.2,2,-1.29
3,13.68,119.0,110,12.52,6.14,3.53,8.37,5,2.9
3,4.15,132.6,130,93.54,5.98,0.0,3.28,1,11.65
3,4.81,98.4,110,30.07,1.52,36.07,4.43,1,12.82
2,13.73,126.07,130,41.2,0.2,0.0,6.81,5,-1.79
3,5.16,60.6,110,33.37,1.72,18.48,5.8,5,6.01
1,2.87,49.72,110,13.38,1.86,22.11,5.31,6,8.82
3,5.63,75.99,110,32.21,4.31,16.33,8.05,0,8.45
1,3.81,108.11,130,18.35,3.16,30.29,7.22,5,12.97
3,1.11,44.34,130,43.51,0.18,0.0,9.18,4,-2.51
2,21.27,108.45,110,92.18,3.05,32.76,2.69,1,21.11
3,23.02,71.23,160,69.35,0.36,0.0,0.66,1,2.8
3,2.98,123.42,110,70.09,0.23,0.0,10.0,2,-1.38
1,0.8,24.79,160,48.52,1.27,6.23,3.19,4,4.44
2,16.11,106.84,110,78.96,0.2,1.21,0.91,6,9.28
3,2.85,104.48,130,87.2,4.42,25.92,2.85,3,17.64
2,6.0,142.32,130,91.73,1.55,4.22,6.85,3,12.48
3,0.8,112.74,130,18.41,2.21,0.0,6.09,0,-1.51
2,3.08,123.52,110,84.77,2.15,0.0,2.46,2,7.04
2,18.89,137.6,110,29.13,9.55,0.0,2.27,2,3.99
2,19.58,107.76,130,43.77,6.19,0.0,4.72,4,2.56
2,2.78,57.72,130,39.37,4.73,0.0,0.63,2,11.39
3,4.91,133.07,130,67.39,1.21,1.73,0.52,6,9.82
2,1.73,117.19,110,60.82,0.39,0.0,6.36,5,3.67
2,0.92,75.18,110,19.27,2.24,2.11,3.59,0,2.69
2,58.2,112.37,130,76.54,1.45,0.0,0.73,6,9.35
2,12.79,132.8,110,47.37,0.64,36.99,4.87,4,12.16
3,9.37,146.83,110,10.19,0.26,0.0,9.39,2,-6.74
3,17.4,143.81,130,45.23,1.43,35.74,2.92,2,10.74
2,22.0,62.29,110,53.89,2.63,0.0,2.89,5,6.82
3,19.72,74.82,110,15.85,2.45,20.42,4.95,1,4.04
3,0.2,34.24,110,22.85,3.72,22.31,1.91,5,16.11
2,2.48,52.18,130,94.45,1.57,24.79,6.56,1,14.59
3,12.77,134.71,110,84.05,0.97,0.0,8.47,6,8.27
2,5.65,66.91,130,21.33,1.93,33.53,2.35,0,13.02
1,48.53,100.67,110,59.33,9.22,31.32,6.76,1,26.53
3,13.14,106.58,110,42.24,0.12,27.03,8.94,2,6.92
2,37.63,121.64,130,56.22,1.88,0.0,9.08,1,1.62
3,2.7,43.76,130,50.0,1.0,36.9,5.75,2,10.54
3,23.94,59.63,110,14.09,0.28,0.0,1.95,4,-3.89
1,4.65,78.28,110,36.81,1.43,0.0,6.76,6,1.95
3,54.75,67.43,110,20.67,2.56,39.3,7.48,1,10.86
2,2.06,147.78,130,51.56,1.88,22.13,7.67,0,10.08
2,8.72,128.54,110,87.12,0.07,0.0,9.38,3,8.98
2,18.89,82.36,130,94.62,2.16,0.0,6.35,6,5.07
3,6.8,134.3,130,90.26,0.66,33.99,4.93,6,15.33
1,7.58,65.19,130,93.78,1.04,7.06,5.27,2,11.34
2,51.53,122.16,130,11.3,0.94,6.94,3.55,0,-2.45
2,6.65,49.08,130,72.0,4.89,31.81,1.04,2,23.35
3,11.12,120.4,110,33.2,0.12,0.0,7.32,2,-3.78
2,0.67,79.34,110,83.58,1.07,0.0,0.69,4,9.72
1,22.16,33.97,110,79.17,1.26,0.0,1.11,2,11.07
2,12.54,55.52,130,46.01,2.41,0.0,3.67,3,1.84
2,6.21,72.3,130,50.23,3.89,0.0,9.35,3,7.04
3,0.2,117.41,110,32.53,3.25,0.0,5.09,5,4.71
2,10.75,29.49,130,34.55,3.49,0.0,2.54,3,2.02
2,0.15,105.74,130,93.4,0.53,5.48,9.02,0,12.7
3,0.01,113.08,110,85.55,6.07,0.0,5.93,6,12.12
1,11.49,105.01,110,26.31,1.34,0.0,4.01,6,2.85
3,2.51,118.89,110,33.42,0.03,0.0,7.3,4,2.21
2,2.56,43.16,130,19.24,2.76,0.0,4.69,6,2.41
3,12.71,96.32,110,94.05,2.32,17.22,7.43,6,8.97
2,0.66,142.35,110,87.11,0.34,0.0,2.57,0,5.69
1,4.51,99.4,160,56.93,8.04,0.0,1.93,0,12.22
3,1.94,99.47,130,68.9,2.06,28.07,4.88,3,13.09
3,10.42,115.74,130,73.58,1.58,0.0,3.54,0,3.1
3,13.01,63.32,130,27.32,1.27,9.7,6.25,2,-0.32
1,15.32,111.06,110,89.45,0.59,0.0,7.99,6,15.32
3,3.54,139.11,160,54.77,7.63,0.0,9.06,1,13.39
3,1.12,21.42,160,17.86,3.03,0.0,7.73,2,5.7
2,0.98,133.11,130,43.75,2.1,0.0,3.75,6,-0.21
3,6.66,48.42,110,61.14,2.49,0.0,7.41,0,5.54
3,34.99,79.27,110,39.99,4.59,0.0,5.53,4,1.45
2,2.95,130.81,110,69.43,2.52,0.0,9.11,6,6.97
1,3.56,127.11,130,84.97,0.3,24.28,7.22,2,20.45
2,1.28,135.95,110,75.61,2.99,0.0,1.93,0,8.15
1,11.16,142.25,130,64.63,2.08,0.0,1.24,4,15.74
2,13.67,78.13,130,53.53,8.48,34.55,5.67,3,23.03
2,12.36,105.33,110,31.63,3.31,0.0,3.97,1,2.92
1,23.69,70.76,130,48.67,1.05,0.0,2.1,0,5.26
2,8.0,65.59,110,34.9,0.36,10.97,8.08,5,5.34
1,1.73,76.11,130,89.39,1.65,0.0,4.07,2,11.21
3,4.1,116.6,110,87.12,2.84,36.61,1.32,1,20.16
3,13.03,85.19,110,23.25,0.49,0.0,2.99,3,-6.35
1,11.4,125.83,110,79.92,2.62,0.0,6.93,3,15.12
3,9.09,116.88,160,69.75,4.37,0.0,6.66,1,8.28
2,13.78,22.66,130,92.89,0.43,32.43,2.99,0,11.87
2,12.17,101.93,110,49.38,3.06,0.0,3.74,0,1.81
1,25.58,76.75,110,71.38,0.18,0.0,0.97,4,8.95
2,10.58,79.36,130,54.02,0.02,32.28,9.56,4,12.08
3,18.09,126.39,110,15.9,0.08,0.0,3.61,0,-8.01
3,3.43,91.19,160,13.98,2.5,32.76,9.33,2,14.17
1,13.61,135.13,160,20.38,9.06,4.87,8.23,6,10.76
1,27.9,112.66,130,35.18,3.69,0.0,3.68,3,6.74
2,5.85,91.87,160,32.02,0.73,0.0,7.09,6,-3.74
2,18.12,118.09,110,71.91,0.19,7.43,5.0,4,8.34
2,15.48,24.99,110,70.85,2.4,8.55,9.78,1,5.26
2,0.74,23.52,110,92.57,0.01,0.0,6.57,5,-0.76
3,10.45,30.84,110,36.38,3.93,0.0,5.43,5,1.22
3,1.67,76.88,160,89.77,0.7,0.0,6.56,1,0.31
2,41.05,50.61,110,62.09,0.89,15.09,2.59,0,7.02
3,20.02,147.95,130,52.1,1.05,0.0,3.41,1,3.33
2,1.39,90.5,130,66.77,3.61,0.0,7.27,1,6.67
2,1.56,106.11,110,69.73,0.77,0.0,1.3,0,8.21
2,10.83,56.25,110,24.61,0.84,0.0,3.37,5,-3.25
2,5.08,61.83,110,73.9,1.95,4.24,6.39,6,7.38
3,0.43,63.61,110,71.64,1.55,14.9,9.96,5,8.85
2,9.36,110.84,110,94.79,7.78,0.0,9.29,6,16.13
2,5.89,81.58,110,87.52,0.76,0.0,8.41,2,8.36
2,1.28,87.3,130,68.2,0.24,35.49,5.26,0,12.48
1,19.43,96.96,130,70.55,1.95,34.05,8.15,3,20.0
3,29.59,119.95,110,90.41,0.51,34.01,5.81,6,15.33
2,16.96,31.75,110,92.21,1.33,0.0,4.86,5,7.44
2,20.74,120.99,130,80.29,0.52,0.0,2.62,4,7.15
2,2.93,93.22,110,75.23,5.32,0.0,9.53,2,9.62
2,3.67,106.98,110,19.47,0.99,38.41,6.18,6,17.2
1,2.81,62.58,130,80.58,3.73,0.0,6.92,2,9.41
2,17.38,73.22,160,31.52,7.42,25.21,1.84,6,13.55
2,35.46,50.05,160,57.92,7.06,0.0,4.59,5,7.39
3,15.14,147.31,110,44.46,1.86,0.0,9.66,1,-3.89
3,25.59,84.61,130,39.38,10.22,0.0,7.7,4,7.08
3,12.22,149.49,110,36.37,2.67,0.0,8.89,4,-1.84
2,5.89,83.67,160,82.71,0.34,25.94,4.26,2,14.88
2,6.66,48.57,110,75.38,5.48,0.0,1.13,3,13.07
1,0.94,85.97,110,54.49,1.58,0.0,3.84,3,0.94
3,0.38,25.15,130,66.48,0.41,0.0,4.07,1,3.04
2,14.27,137.62,160,93.68,3.92,0.0,3.36,1,12.59
2,6.92,126.41,130,43.79,2.45,0.0,5.5,6,0.34
2,9.64,114.36,110,56.84,5.35,0.0,2.33,3,4.62
1,9.79,99.28,110,55.35,4.39,0.0,9.41,4,8.81
2,3.9,95.38,130,89.56,0.96,0.0,9.12,3,5.82
1,7.75,149.57,130,39.88,0.74,12.07,2.99,2,10.96
3,7.64,56.14,110,93.83,3.31,0.0,6.69,0,5.66
2,5.9,121.36,110,35.9,2.13,31.85,5.26,5,10.61
1,20.62,95.58,130,19.26,0.18,8.21,2.88,6,0.6
2,7.2,146.86,130,26.27,0.5,3.53,9.02,0,0.75
1,11.11,127.61,130,46.23,0.41,0.0,2.7,0,4.66
2,27.11,149.81,110,65.23,2.23,0.0,6.43,4,9.5
3,24.14,96.48,130,53.93,0.22,0.0,3.69,3,0.65
1,26.53,46.59,160,41.98,0.58,0.0,8.35,2,2.72
3,3.78,85.48,110,57.77,1.97,0.0,6.39,2,3.12
1,0.43,112.44,130,81.3,0.36,0.0,8.41,1,5.28
2,3.63,120.67,110,81.31,0.71,4.01,3.8,4,9.09
3,3.92,20.07,110,71.73,5.93,0.0,0.61,6,11.15
2,28.81,85.65,130,90.96,2.99,19.88,2.61,2,16.08
1,12.57,50.58,130,60.17,0.92,0.0,8.24,1,3.96
2,1.02,133.74,130,10.65,5.25,32.61,3.51,4,14.84
2,1.75,39.88,110,34.73,0.72,12.17,3.54,2,5.03
3,2.03,106.64,110,37.9,2.22,0.0,4.77,3,2.99
2,11.94,54.59,160,56.52,1.15,3.35,3.11,6,3.99
3,15.96,66.35,110,86.92,3.49,0.0,8.17,2,6.8
3,23.56,142.27,130,81.24,1.16,10.19,3.56,6,9.14
2,33.89,51.26,110,29.73,0.72,0.0,6.24,5,1.18
3,2.7,32.35,160,54.15,2.34,17.95,4.78,5,10.78
2,4.45,29.01,160,66.03,3.42,0.0,3.23,4,6.33
3,3.3,85.6,110,93.94,1.92,0.0,3.02,1,6.97
1,5.33,103.42,130,12.66,3.15,0.0,5.27,4,3.64
2,29.53,62.55,110,49.43,1.37,0.0,2.5,0,-0.16
2,10.27,109.73,110,93.99,3.97,0.0,3.78,6,13.01
2,16.08,27.93,110,93.06,2.2,16.33,0.87,2,14.31
2,8.08,131.45,130,38.11,0.55,38.92,8.01,6,15.39
3,0.35,126.15,110,10.0,5.54,0.0,0.91,0,7.36
1,0.8,148.11,130,59.87,4.53,0.0,8.79,6,14.57
1,9.26,141.75,110,83.69,8.3,0.0,0.95,6,24.68
3,15.22,66.31,110,37.57,2.1,0.0,8.56,5,-4.42
2,2.91,71.91,130,89.41,2.82,0.0,6.62,5,6.18
3,15.36,116.98,130,38.28,4.98,34.63,5.31,3,13.83
3,19.97,37.43,130,61.87,0.14,37.32,1.88,1,15.06
3,6.37,60.82,130,71.37,6.08,0.0,2.94,5,10.14
3,16.46,35.41,130,39.36,0.79,4.2,7.06,3,-0.92
2,6.21,79.14,110,39.94,0.15,8.03,5.37,4,5.39
1,13.61,91.76,110,49.95,0.68,25.31,5.39,2,16.34
3,17.33,47.45,130,80.99,2.21,10.89,1.77,1,8.85
2,57.83,23.46,130,18.57,0.12,0.0,5.01,0,-3.02
1,5.08,113.52,130,63.68,0.0,0.0,6.11,0,11.7
2,6.35,22.6,130,67.57,2.55,0.0,1.66,6,8.1
3,2.17,146.54,110,57.42,1.51,0.0,9.76,4,4.29
2,2.74,48.81,110,89.55,4.65,19.9,8.39,0,11.56
2,14.19,106.31,130,61.17,0.74,13.92,3.52,4,9.78
2,29.87,76.52,110,63.94,0.82,0.0,5.85,1,1.92
2,6.02,27.76,110,60.98,0.2,0.0,5.81,5,2.71
2,2.38,81.38,110,71.37,1.93,0.0,1.51,5,7.3
2,4.03,87.18,110,21.51,1.14,38.12,4.66,3,11.65
1,7.28,131.11,130,86.01,1.04,0.0,2.47,2,12.01
3,4.12,115.21,110,13.61,1.53,0.0,3.67,3,0.15
2,3.19,30.31,160,64.46,4.74,0.0,9.47,6,8.94
3,15.98,47.19,130,62.32,0.28,32.91,5.74,3,11.39
3,0.09,60.55,110,27.69,1.85,0.0,1.14,2,1.03
2,9.3,35.13,110,13.46,0.55,4.58,6.89,1,-0.53
2,18.94,79.4,110,21.8,0.6,0.0,9.99,4,-4.88
2,3.71,147.96,130,33.09,0.74,35.76,2.09,0,17.78
3,11.09,86.9,110,84.98,1.54,0.0,6.99,2,7.45
2,13.26,116.44,110,82.74,1.71,0.87,8.33,6,4.91
2,12.77,108.78,110,15.43,5.13,35.35,8.52,5,14.71
2,7.08,130.49,130,34.59,5.57,0.0,7.22,3,6.31
2,5.11,48.04,130,85.59,2.21,0.0,9.14,2,4.39
1,21.69,118.0,130,30.12,0.83,0.0,0.8,1,7.77
2,17.05,134.58,130,94.66,4.27,0.0,1.11,2,18.17
3,4.65,42.3,110,31.83,3.94,16.77,1.78,0,11.52
2,1.3,65.08,130,72.82,4.0,35.9,0.91,3,24.71
2,0.89,146.11,110,45.45,0.04,2.6,1.64,0,7.56
2,1.19,121.5,130,21.58,3.5,0.0,8.26,5,3.12
3,10.49,56.74,130,31.69,4.79,0.0,9.02,0,3.55
1,0.64,93.31,110,67.39,2.32,22.17,3.69,0,15.31
3,4.93,72.56,110,38.65,3.48,2.47,9.59,0,7.07
2,16.79,83.7,130,61.35,3.74,0.0,4.48,5,4.82
2,4.18,66.17,110,27.47,1.77,0.0,2.13,2,3.07
1,17.29,56.31,110,48.13,4.2,0.0,6.97,2,5.76
1,16.42,107.72,160,53.54,3.93,0.0,4.49,3,9.77
2,3.39,121.21,130,45.09,6.2,0.0,0.68,5,11.69
2,15.66,133.61,130,26.82,6.36,0.0,9.68,6,1.94
3,16.53,40.19,130,49.23,1.89,0.0,6.18,4,-0.4
1,6.08,126.97,110,68.9,0.08,0.0,6.33,4,6.59
2,2.84,53.12,110,92.02,0.05,0.0,9.84,0,1.88
2,8.84,75.55,130,77.11,6.99,25.23,8.42,5,15.69
1,30.52,137.19,130,23.72,1.03,0.0,3.95,1,3.16
1,12.25,79.09,110,33.18,1.19,34.45,0.9,0,20.69
2,2.28,45.62,110,16.7,1.59,0.0,2.61,1,-1.07
2,13.78,40.78,110,21.53,0.77,0.0,3.84,1,-4.12
2,6.69,81.49,130,31.31,2.23,24.43,9.62,5,7.53
2,10.74,119.15,110,26.96,3.84,0.92,8.94,0,-0.86
2,15.89,149.64,160,28.16,0.74,35.28,0.7,5,15.32
1,8.68,122.36,160,29.62,3.4,27.38,9.88,3,13.42
2,20.18,134.01,130,35.56,2.79,0.0,2.94,1,-1.38
3,15.37,117.22,130,20.67,1.86,11.0,7.87,0,-0.09
2,11.46,136.41,110,33.62,0.98,0.0,1.61,6,-0.29
2,1.96,29.92,110,68.52,5.15,36.58,2.59,0,21.04
2,21.69,140.89,130,30.09,1.29,0.0,5.3,0,-6.45
3,32.97,71.53,110,24.61,1.17,0.68,7.18,1,-4.23
3,1.77,139.81,110,15.75,2.56,13.1,3.78,2,8.21
2,8.04,29.85,130,52.5,6.32,23.94,8.8,5,14.69
3,3.6,112.98,110,81.57,1.77,0.0,9.43,1,5.63
1,16.85,115.64,130,15.02,3.21,0.0,1.66,2,5.06
1,15.35,149.6,110,56.1,1.53,2.38,7.33,2,6.39
3,1.82,119.95,110,65.3,0.62,0.0,1.75,3,6.88
3,25.15,69.73,110,60.36,0.33,0.0,3.74,4,1.38
1,2.4,92.44,160,84.6,0.37,0.0,8.29,0,12.68
2,19.15,67.65,130,83.64,0.05,0.0,3.7,0,4.0
1,7.33,45.48,110,14.87,2.01,29.52,9.12,5,15.17
2,4.77,52.31,110,40.68,0.35,30.67,4.41,1,13.82
3,2.07,48.86,160,67.02,5.02,0.0,3.44,6,8.53
2,2.2,91.35,110,90.96,10.17,26.07,9.9,6,23.98
2,13.01,137.8,110,78.4,1.71,0.0,4.69,4,11.21
2,9.59,138.65,110,25.01,1.49,23.09,7.54,5,6.52
1,1.56,27.12,130,33.73,1.07,19.67,6.19,6,9.19
2,1.43,30.39,110,74.91,2.54,10.39,2.42,3,9.11
2,0.9,51.87,110,50.08,2.34,0.0,5.25,0,9.68
3,16.34,53.16,130,56.52,1.05,0.0,1.24,1,7.14
3,14.93,32.34,110,61.76,1.05,27.35,7.23,3,10.17
1,0.72,70.5,130,18.78,2.59,0.0,5.43,4,3.59
3,9.86,96.4,130,82.76,2.02,0.0,1.66,6,3.73
3,1.06,95.16,110,83.37,3.17,0.0,7.78,1,9.16
3,28.09,90.65,110,49.8,7.09,19.13,8.14,3,2.64
2,28.52,64.03,130,63.28,3.78,25.1,7.47,4,14.09
2,14.38,111.84,110,66.09,0.91,0.0,3.63,0,8.84
2,31.27,127.44,110,26.13,3.56,4.91,7.37,4,-0.94
1,20.02,65.02,130,19.57,1.49,8.68,5.99,1,5.97
2,21.16,31.12,130,11.76,3.76,0.0,5.67,0,-0.66
2,10.12,58.52,110,87.59,5.44,0.0,6.66,2,11.18
2,4.38,37.86,110,39.39,0.72,0.0,6.49,1,-0.64
3,2.95,80.76,110,17.3,0.68,0.0,8.09,2,-0.98
2,4.76,40.27,130,49.59,1.42,0.0,9.87,4,4.83
1,11.88,80.17,130,16.43,0.13,19.38,7.4,5,5.43
3,2.27,48.73,130,17.25,2.89,15.44,4.7,5,5.46
3,3.59,116.04,130,51.56,3.46,24.97,4.89,3,11.84
3,7.57,23.58,130,53.25,1.06,0.0,0.78,6,6.66
3,3.18,92.12,110,59.31,1.57,28.22,2.02,0,12.03
2,10.66,42.03,110,65.79,2.23,0.0,2.67,1,7.18
3,30.79,20.13,130,66.8,0.19,22.7,9.91,0,8.64
1,16.54,133.0,110,46.8,3.11,38.27,7.75,4,18.54
2,13.17,107.3,110,64.7,1.87,33.43,1.84,5,13.72
2,10.49,32.86,110,35.9,2.45,0.0,5.23,4,2.4
1,8.03,106.33,160,47.51,3.22,0.0,2.53,5,7.53
1,2.48,99.51,110,43.43,2.81,28.96,3.33,6,17.12
2,27.01,81.54,110,37.97,0.25,0.0,6.24,3,-5.09
3,3.43,74.5,130,30.28,3.81,0.0,6.19,3,4.51
2,1.15,135.32,110,16.67,2.35,0.0,8.78,6,5.09
1,16.64,51.87,160,53.0,3.14,5.41,2.06,1,7.25
3,2.32,71.78,110,55.67,0.76,0.0,5.23,5,-0.43
2,5.58,62.79,130,38.57,0.63,0.0,6.19,0,1.15
2,0.34,120.26,110,92.95,4.37,0.0,9.34,1,10.7
2,1.77,139.14,130,57.34,1.24,0.0,5.41,2,6.58
2,2.28,130.47,130,85.57,2.14,0.0,3.74,4,8.76
2,0.67,123.7,130,58.46,2.01,15.75,3.28,6,12.38
3,12.83,148.28,130,26.14,2.2,9.01,2.55,2,3.11
2,21.77,110.63,110,92.84,0.18,17.08,9.64,2,15.21
2,5.61,117.64,160,85.25,0.9,0.0,6.23,0,8.71
3,24.91,147.76,130,50.06,0.17,0.0,3.38,2,-0.55
3,2.88,20.91,130,30.66,1.64,0.0,7.58,6,-2.0
1,4.72,102.43,130,28.93,5.81,0.0,3.25,2,7.12
1,1.96,116.07,110,78.51,1.23,0.0,5.29,3,12.45
1,11.63,139.32,130,15.88,3.81,0.0,0.75,1,8.05
2,6.53,134.9,110,64.24,0.85,39.86,8.54,6,19.74
2,11.4,129.45,130,64.41,4.85,0.0,9.59,3,9.57
1,17.21,142.95,110,25.51,1.36,0.0,8.72,0,2.84
3,9.47,89.86,110,69.92,1.1,13.35,2.13,1,6.6
2,11.85,20.9,160,69.96,2.99,0.0,8.34,6,1.68
2,32.85,21.44,160,39.75,1.8,0.0,3.8,1,5.6
2,4.26,90.8,130,51.09,1.03,8.91,9.39,4,1.71
2,5.34,76.59,130,80.78,0.15,0.0,3.34,5,1.15
1,15.18,78.66,130,54.47,0.46,0.0,1.35,4,11.77
2,11.34,72.05,130,62.54,3.7,0.0,8.6,2,3.7
3,2.36,139.3,110,45.09,6.34,0.0,1.61,1,8.26
2,5.66,66.69,160,22.72,0.46,0.0,5.64,1,0.43
2,7.57,131.31,130,94.84,2.11,0.0,4.07,4,11.03
2,6.52,137.37,130,55.18,0.09,28.26,7.69,2,14.0
1,2.36,84.94,160,38.6,0.86,0.0,7.61,4,5.89
1,30.99,78.1,130,70.67,1.49,0.0,7.87,1,5.15
2,17.24,118.93,110,62.77,3.33,24.04,1.1,0,19.12
2,7.88,112.04,160,29.8,0.11,0.0,8.65,4,-1.51
1,13.68,62.71,110,84.54,3.8,0.0,4.93,6,8.22
3,27.31,33.33,130,16.03,0.57,0.0,2.58,3,-1.39
3,1.76,54.43,110,61.48,3.56,0.0,3.34,5,5.69
3,3.46,37.03,130,50.62,2.46,0.0,9.08,4,4.11
3,9.39,58.32,130,37.05,1.04,0.0,0.56,6,6.57
2,19.25,54.04,130,80.24,3.22,0.0,8.12,1,5.56
3,0.44,102.9,130,65.78,0.67,37.61,9.28,6,13.98
1,49.64,144.08,110,74.56,0.62,0.0,2.88,2,9.18
3,7.28,109.15,130,45.25,0.16,8.52,8.31,6,1.2
3,5.34,140.46,160,90.1,1.25,0.0,2.03,5,3.72
3,4.16,121.94,110,39.3,0.26,0.0,0.65,1,5.23
3,2.3,114.62,110,55.14,1.36,0.0,6.24,2,0.74
2,18.82,73.83,110,89.36,0.02,10.05,6.64,1,6.25
2,37.32,62.22,160,17.07,0.42,26.27,1.93,3,9.5
2,6.41,130.02,130,19.25,6.73,0.0,5.37,3,5.01
2,36.54,137.7,160,94.51,3.97,14.31,4.16,2,20.41
1,20.83,78.74,130,92.57,0.67,23.85,1.22,3,22.1
2,7.87,21.18,110,75.59,3.17,23.26,5.32,6,10.92
3,13.45,123.03,130,51.16,2.76,5.08,6.06,0,5.93
1,6.85,57.06,110,53.02,0.49,0.0,2.56,5,-0.39
3,9.82,21.29,110,31.86,1.16,35.58,7.53,6,11.65
3,0.72,124.65,110,46.78,6.12,37.34,1.19,6,21.23
3,14.3,87.26,110,46.66,3.36,0.0,5.73,0,1.25
3,0.65,109.08,110,13.07,3.57,15.87,3.38,3,8.38
2,20.38,138.91,110,48.52,2.07,0.0,4.64,4,-2.13
3,20.91,90.35,110,50.78,2.74,0.0,8.99,3,3.09
3,3.25,85.42,110,66.59,1.78,0.0,6.86,2,5.4
1,4.69,57.79,130,53.9,3.38,0.0,1.91,3,4.47
2,7.88,59.68,110,83.24,3.3,13.37,8.92,3,8.93
3,10.9,123.55,110,41.24,0.08,0.0,4.04,2,-1.39
2,4.07,78.37,110,44.83,2.5,0.0,3.74,0,5.9
2,10.77,41.26,130,58.58,2.48,23.05,5.26,4,12.26
2,4.24,32.29,130,27.23,0.17,24.08,2.45,1,13.18
1,0.69,81.48,130,43.45,1.32,0.0,9.19,4,1.88
2,0.03,80.44,130,68.32,5.73,0.0,4.94,1,4.09
3,1.28,104.95,110,45.0,7.67,0.0,4.24,3,9.75
2,18.86,81.24,110,87.06,3.81,0.0,2.12,0,7.72
1,39.06,38.65,110,62.3,0.41,31.25,8.13,3,14.49
1,6.68,86.01,160,23.07,1.17,10.46,9.55,6,7.37
2,8.63,137.88,130,51.43,0.5,0.0,8.76,5,0.23
3,1.91,40.73,110,75.01,2.64,0.0,2.03,1,3.15
2,9.61,109.67,110,64.68,3.71,35.82,7.64,6,20.75
2,1.88,97.2,110,85.25,5.38,0.0,2.44,6,10.75
2,11.34,117.32,110,73.75,4.93,0.0,0.87,0,13.62
2,32.48,39.58,130,15.24,0.26,4.02,5.1,1,0.6
3,2.61,142.41,130,19.56,0.34,0.0,6.87,3,2.66
3,17.36,100.73,130,65.23,6.01,0.0,1.68,6,5.26
1,0.29,130.12,110,30.26,4.64,0.0,6.25,1,9.81
2,5.65,52.06,110,59.97,1.54,8.9,8.51,5,3.59
1,1.41,116.12,130,77.34,1.41,0.0,2.49,0,12.35
2,5.22,121.53,130,59.04,2.01,0.0,4.56,5,4.49
2,2.29,71.67,110,45.32,2.27,0.0,5.24,4,5.93
1,5.61,69.91,130,64.93,0.73,0.0,8.4,3,6.46
2,6.49,105.51,130,22.21,1.29,0.0,7.83,1,0.99
2,4.29,32.14,110,71.47,2.42,17.12,7.81,1,10.02
3,12.83,115.63,130,69.25,0.58,0.0,6.95,5,2.16
3,30.14,25.58,110,53.72,16.88,1.48,6.37,4,15.79
1,6.14,44.78,130,33.7,0.83,0.0,5.33,0,-1.09
3,2.56,106.34,110,77.79,2.01,0.0,4.01,5,3.77
2,3.79,32.78,130,53.4,2.02,0.0,5.38,2,4.55
2,23.09,146.34,110,15.03,1.5,0.0,8.61,2,-7.11
3,10.17,132.89,110,88.08,0.69,10.88,5.92,2,11.62
3,7.28,101.42,130,75.26,2.08,0.0,9.86,6,2.73
3,1.95,126.48,130,59.71,0.24,36.46,1.85,3,15.47
2,7.17,135.39,130,47.13,1.22,15.66,4.69,6,7.79
2,3.92,53.73,130,91.59,0.63,0.0,2.4,5,5.75
3,34.41,130.42,130,75.88,0.33,0.0,3.97,2,3.12
2,25.86,45.32,130,55.47,6.49,0.0,8.0,6,8.5
2,1.05,73.73,110,65.52,3.01,0.0,8.34,5,5.73
2,8.72,92.57,110,33.86,0.46,19.47,0.8,2,9.83
2,3.06,112.81,110,26.64,7.46,30.3,9.56,4,16.68
2,6.35,23.92,110,33.23,0.61,24.05,8.78,2,8.53
1,25.13,57.77,110,34.92,0.67,0.0,9.1,6,1.89
3,9.0,99.11,160,72.88,0.36,0.0,4.08,1,2.21
1,4.88,66.46,130,21.91,3.25,24.77,5.22,4,12.73
2,2.8,120.75,160,76.09,2.12,27.28,2.1,1,17.73
2,19.33,104.71,160,54.49,0.15,14.25,4.27,3,4.12
1,11.75,50.47,110,42.69,0.06,0.0,1.7,4,1.63
1,7.57,38.97,110,35.53,1.9,0.0,8.7,1,0.76
1,2.94,101.78,130,53.62,2.64,39.36,6.02,1,19.03
3,4.88,78.56,130,36.99,4.33,0.0,1.79,0,4.16
2,38.58,41.96,110,46.5,1.63,0.0,8.85,0,1.73
3,8.81,62.43,130,72.82,2.82,0.0,1.26,0,8.0
2,6.14,59.4,110,63.21,3.31,0.0,9.31,0,2.84
2,8.84,34.06,110,73.58,2.37,0.0,1.5,2,6.03
2,18.11,91.1,110,70.6,1.09,0.0,7.32,6,5.19
2,4.99,119.27,110,79.28,0.35,37.02,6.63,3,17.83
3,2.36,94.81,130,27.14,2.61,0.0,7.94,2,0.44
2,10.55,127.42,110,94.59,3.66,16.06,5.87,3,14.79
2,13.13,36.58,160,50.44,0.53,0.0,3.82,4,-1.93
3,14.97,76.63,110,71.05,1.71,36.21,3.11,3,20.5
3,25.64,99.22,160,67.61,1.27,12.78,9.48,2,4.46
3,5.57,107.88,130,58.12,0.58,0.0,4.69,6,-0.13
2,0.94,110.45,130,94.64,0.7,31.72,8.5,6,18.43
3,38.14,114.77,110,28.47,0.68,0.0,7.37,6,-10.1
2,6.85,104.69,130,45.85,1.36,0.0,6.73,4,-1.3
2,11.71,32.25,130,20.86,1.24,0.0,9.72,5,-0.55
2,13.17,110.39,110,25.46,2.02,33.85,5.87,4,10.95
2,9.49,114.22,110,70.6,0.24,1.19,7.46,5,5.55
1,2.76,149.15,110,10.41,2.18,0.0,8.57,4,3.95
2,16.88,110.14,110,85.63,0.06,0.0,0.94,0,9.78
3,19.54,109.29,110,63.82,0.74,23.94,9.96,6,9.91
2,9.66,86.93,130,47.48,1.74,0.0,2.99,2,1.28
1,8.05,132.83,110,38.17,2.9,0.0,7.17,0,8.81
1,1.45,149.59,130,20.73,3.69,0.0,9.56,6,6.1
3,1.05,121.28,130,88.33,0.09,0.0,7.75,5,2.67
2,4.98,99.63,130,70.55,1.93,0.0,2.68,1,6.7
2,4.47,30.26,110,38.59,1.09,17.85,3.94,6,8.83
3,36.86,114.48,130,16.03,2.97,16.55,4.43,6,-1.16
3,18.37,112.11,110,37.68,0.83,0.0,6.07,4,-4.28
2,12.94,120.82,110,25.69,3.4,13.89,6.23,4,6.21
2,8.75,36.19,110,76.83,2.3,0.0,7.99,4,6.13
3,2.2,104.99,160,71.17,3.9,0.0,8.67,6,5.13
2,46.05,58.44,130,52.34,10.4,2.67,1.35,2,12.23
1,5.64,118.84,110,85.3,5.98,19.66,3.09,4,25.78
3,1.36,51.25,110,25.36,2.25,0.0,3.76,2,1.95
2,8.17,108.92,110,48.42,5.61,10.31,0.63,1,14.7
2,24.86,58.35,160,70.4,0.42,13.03,4.47,1,7.42
2,26.2,21.17,160,15.76,0.11,0.0,3.91,1,-0.95
1,0.13,102.34,110,41.68,1.9,34.77,5.49,0,16.07
1,26.09,34.72,110,58.59,9.16,13.01,1.45,4,19.49
3,3.8,105.71,130,41.18,3.09,0.0,4.43,1,2.35
1,0.48,140.33,110,50.82,0.91,0.0,6.18,3,6.97
2,22.59,146.0,110,61.69,2.76,38.95,8.14,5,21.26
2,23.93,50.67,130,41.31,0.1,12.82,7.78,5,1.51
1,10.88,125.2,110,19.01,1.59,0.0,4.35,2,4.02
3,10.25,65.96,130,21.85,0.68,0.0,4.2,5,-3.14
2,20.13,137.06,110,54.8,0.13,10.55,0.86,3,16.08
2,18.52,122.37,130,24.85,0.72,0.0,1.29,1,-0.84
2,26.5,29.61,130,85.64,3.2,18.5,8.79,0,13.65
2,9.66,72.93,130,80.91,2.0,10.73,8.16,0,10.85
1,41.17,63.85,130,39.67,0.06,4.29,0.7,3,11.22
3,66.71,122.07,110,80.63,1.32,0.0,8.89,6,5.18
3,1.49,73.34,110,55.32,3.49,35.15,6.33,1,19.17
2,22.73,109.0,110,23.52,7.73,3.0,8.12,4,5.41
2,8.31,98.32,110,62.21,5.19,0.0,5.27,2,8.55
3,5.88,146.83,110,67.75,0.0,0.0,1.93,6,2.12
3,11.39,141.91,130,17.13,0.62,0.0,3.89,2,1.12
2,0.69,75.6,110,36.73,0.58,0.0,4.78,0,1.45
2,8.47,114.07,110,10.46,1.33,0.0,7.66,5,-0.92
2,24.57,127.83,130,36.9,2.59,0.0,8.22,3,-2.82
3,2.88,136.86,130,38.51,0.42,31.81,7.54,1,11.07
3,6.67,28.86,110,63.57,6.18,0.0,5.03,1,7.43
1,33.66,59.27,110,26.92,3.75,16.35,6.81,6,10.91
2,6.72,61.63,110,12.56,1.36,33.94,3.31,4,11.3
3,5.32,76.48,110,36.83,2.19,36.82,9.88,4,13.91
3,6.97,42.0,130,80.18,1.95,18.11,2.1,5,9.1
3,8.79,84.51,110,43.93,2.18,1.58,7.37,6,0.19
3,12.0,106.22,130,45.28,4.92,20.38,1.97,1,11.15
2,19.35,84.66,160,49.87,0.56,29.59,3.17,1,7.46
2,7.22,106.55,130,73.9,2.88,0.0,7.61,2,8.86
2,20.41,28.64,110,50.8,0.28,0.0,7.43,5,-0.2
1,9.16,133.88,130,17.76,1.54,0.0,1.68,3,5.86
2,4.96,142.08,130,27.54,2.53,0.0,6.95,2,5.24
3,12.87,100.33,130,25.97,0.03,0.0,2.44,4,-3.92
1,15.18,134.58,130,53.17,0.29,5.84,9.74,6,6.75
3,9.8,37.09,130,12.54,0.24,28.95,6.23,0,9.13
2,0.7,123.67,130,34.11,1.17,0.0,0.53,5,5.06
3,2.23,35.49,160,61.61,2.43,0.0,2.48,1,2.26
1,4.03,73.04,130,40.15,13.78,21.27,2.68,1,23.66
2,3.99,62.1,130,70.16,0.73,0.0,2.85,6,2.62
2,13.43,96.13,130,43.25,0.37,30.91,5.79,6,6.43
2,0.22,59.2,130,93.24,1.34,0.0,2.45,3,5.0
3,16.91,102.85,130,92.06,0.39,0.0,4.42,4,2.34
3,3.7,67.76,110,77.99,0.06,0.0,2.15,1,2.51
1,4.45,131.9,130,91.12,2.08,0.0,6.84,2,16.17
2,9.01,102.4,130,27.41,5.29,32.18,5.9,5,14.24
2,2.92,47.99,130,73.83,4.93,0.0,6.47,5,5.14
2,25.9,63.7,130,37.34,0.27,0.0,9.69,5,-1.71
3,1.07,130.16,110,71.65,0.4,3.97,4.29,3,4.67
3,7.05,70.24,110,41.78,1.69,0.0,2.55,1,-1.25
2,22.72,89.65,130,34.6,1.15,0.0,9.99,0,-4.19
3,11.48,104.36,160,91.5,3.04,12.08,1.05,4,18.48
2,4.15,65.22,110,27.84,1.71,38.33,8.2,6,16.23
3,6.55,58.22,130,74.48,0.05,6.21,2.04,3,5.9
2,14.72,81.78,130,67.35,0.84,10.18,6.82,6,3.85
3,43.46,47.93,130,35.8,5.79,23.21,5.0,2,10.66
3,26.83,56.95,130,48.96,1.79,0.0,8.47,4,-3.31
2,5.03,28.07,110,22.15,4.0,0.0,7.45,1,1.57
3,75.83,59.52,130,88.3,1.29,0.0,2.14,0,1.87
1,0.04,61.69,130,92.29,2.82,29.92,6.82,2,23.0
2,0.34,145.04,130,72.26,0.46,0.0,2.56,4,7.28
2,20.84,96.66,130,82.2,3.33,39.69,2.11,1,20.24
3,2.67,122.36,110,17.02,3.86,25.15,1.3,3,14.76
3,0.75,25.9,160,42.64,0.24,0.0,1.58,5,2.89
3,3.25,33.85,130,38.12,0.51,0.0,7.19,1,2.55
3,6.66,125.89,130,58.02,1.55,25.66,9.93,3,14.72
2,15.74,101.06,160,25.59,2.54,29.27,6.92,3,9.91
3,11.75,44.83,160,57.89,2.54,3.13,7.23,1,8.01
2,3.26,72.62,130,65.62,2.76,5.23,7.94,0,7.71
2,8.4,90.03,130,21.25,3.13,0.0,8.95,5,0.09
1,31.28,129.67,130,21.2,1.76,19.12,3.04,3,7.88
3,20.25,27.85,110,13.01,2.14,12.44,6.24,5,2.51
3,4.68,97.57,110,74.68,0.02,8.55,2.56,3,3.16
2,48.39,113.21,130,38.14,0.46,0.0,5.49,1,-4.41
1,14.8,147.13,130,29.16,1.73,1.3,2.48,3,7.5
3,0.77,124.93,110,76.14,3.42,37.55,1.11,6,23.74
1,0.43,55.91,160,22.18,4.14,0.0,1.34,2,10.93
3,2.21,112.25,130,46.31,3.26,27.35,9.77,4,14.14
3,15.62,119.23,130,73.31,1.67,0.0,0.56,1,11.68
2,2.44,114.87,110,58.78,0.83,0.0,7.06,6,0.6
2,8.6,126.62,110,57.09,1.47,0.0,8.93,2,6.17
3,1.17,137.48,130,23.38,0.02,36.24,4.24,6,11.88
3,30.44,32.8,110,25.38,2.28,0.0,7.23,5,1.88
2,5.06,33.62,130,59.52,0.19,39.84,3.81,3,17.59
3,28.65,123.53,130,12.0,0.39,2.56,5.53,3,-6.22
1,34.78,52.81,130,83.88,2.46,0.0,9.39,3,8.46
2,0.07,27.61,130,39.79,0.03,0.0,0.9,4,5.01
3,7.49,72.16,110,45.41,2.13,0.0,3.04,6,1.94
3,0.3,126.58,110,31.97,2.54,17.42,1.51,0,15.08
1,28.72,36.45,130,84.52,3.88,0.0,5.21,1,7.49
3,8.77,107.34,130,64.61,0.18,0.0,7.82,2,2.68
2,0.93,20.47,110,48.24,0.01,0.0,9.78,0,-3.18
2,1.4,34.27,110,59.75,3.64,0.0,1.98,1,5.48
1,5.8,65.61,110,42.33,0.86,21.09,0.92,3,12.87
3,33.81,30.87,130,49.57,5.46,0.0,1.81,3,4.13
1,14.17,129.97,110,40.4,0.51,0.0,9.7,2,4.86
2,24.26,132.33,110,44.91,2.2,0.0,3.54,0,-6.22
2,5.48,118.22,130,36.77,0.29,0.0,3.04,3,0.88
3,0.53,51.52,110,16.6,1.29,5.59,7.48,4,3.84
2,43.94,88.02,130,13.17,5.34,2.08,1.65,1,3.18
3,0.21,43.94,110,24.8,2.34,12.78,3.82,2,5.7
2,35.4,56.57,160,31.39,2.92,0.0,1.88,4,2.34
2,5.52,87.08,110,85.69,0.64,0.0,9.76,2,5.65
2,0.12,115.55,110,61.96,6.4,19.52,3.21,1,15.07
3,14.02,32.31,160,91.46,2.44,0.0,3.06,0,0.93
3,47.27,58.57,110,38.87,0.28,0.0,6.53,6,-4.23
1,40.45,140.46,130,44.15,0.04,0.0,0.66,4,11.45
2,2.11,75.79,110,71.18,0.04,0.0,6.71,3,3.67
1,2.4,142.05,110,59.12,0.13,23.66,4.81,2,11.47
2,10.0,148.88,130,54.87,6.07,0.0,2.25,0,8.77
2,12.17,88.47,160,58.92,1.11,0.0,5.12,1,3.64
2,16.14,57.45,110,59.65,0.89,16.97,9.99,3,12.15
2,2.4,122.8,130,75.09,1.35,24.16,8.47,2,17.27
2,38.33,40.71,130,66.79,1.32,0.0,9.75,6,2.27
2,12.22,52.77,110,91.37,0.68,0.0,9.3,0,4.03
3,22.53,122.03,130,90.58,0.24,0.0,8.29,1,2.05
2,9.32,76.37,110,45.86,0.29,0.0,3.68,5,-6.51
1,6.42,46.2,110,13.04,2.29,0.0,7.43,6,1.65
3,45.36,104.65,110,10.94,1.26,0.0,4.22,5,-3.62
2,10.47,115.26,130,20.47,5.82,0.0,4.58,5,3.48
2,24.2,36.26,110,16.37,1.56,8.02,8.8,0,0.54
2,36.77,56.01,130,41.74,1.75,0.0,2.45,1,0.62
2,13.5,48.77,110,14.49,6.59,20.22,3.32,3,14.1
1,9.55,69.38,110,63.12,1.74,0.0,9.34,5,2.8
2,0.04,119.25,130,26.16,1.74,28.82,7.15,4,12.44
3,0.49,112.78,130,53.69,1.13,17.22,1.12,2,11.26
2,2.69,106.13,110,18.76,3.1,24.7,1.66,4,13.56
2,2.47,20.82,110,80.36,1.24,0.0,6.01,3,1.27
2,3.53,38.48,160,76.3,2.22,0.0,8.09,6,9.38
1,4.36,49.03,110,42.85,1.48,23.75,8.03,4,10.98
2,5.36,55.35,130,87.4,1.88,0.0,4.54,2,5.38
3,6.55,39.04,130,25.78,4.39,23.49,2.96,3,11.13
1,1.25,73.34,130,79.18,1.33,29.74,7.98,6,15.66
2,0.52,29.77,160,56.4,0.65,4.23,9.47,2,3.25
2,13.45,117.5,130,38.01,2.11,2.95,4.72,4,-2.46
2,9.25,122.4,110,17.17,6.93,5.92,1.8,6,10.96
3,7.05,94.65,110,24.56,2.95,0.0,6.29,0,2.98
1,12.08,31.66,110,83.34,0.92,0.0,1.18,6,6.09
2,21.1,135.71,110,61.59,8.24,0.0,6.31,5,11.69
1,6.7,145.53,160,30.15,1.05,0.0,2.14,6,5.34
3,12.3,46.31,110,52.15,10.22,0.0,5.4,6,11.41
1,36.84,111.6,130,19.17,0.53,16.07,6.44,0,3.61
2,21.96,129.45,130,18.4,19.89,0.0,4.74,2,14.05
3,6.66,90.18,130,87.16,0.2,17.98,8.36,0,11.79
3,12.42,62.03,130,48.92,3.12,0.0,4.06,2,-4.51
2,2.34,82.21,130,40.73,3.37,31.44,1.97,4,15.85
2,9.87,86.59,110,90.67,2.85,0.0,4.91,1,6.01
2,47.77,72.08,130,43.92,3.76,0.0,9.65,3,2.58
2,8.77,140.88,110,38.58,1.6,0.18,8.86,4,-0.19
2,31.51,116.7,160,33.2,0.14,28.97,3.46,1,2.46
2,6.28,51.37,110,58.03,1.11,0.0,2.81,5,4.05
2,81.16,96.12,110,57.46,2.57,0.0,5.09,4,3.14
2,10.39,109.53,110,11.38,2.6,0.0,6.72,1,-0.2
2,0.52,38.22,130,65.6,0.54,0.0,9.3,2,2.3
3,10.6,66.6,130,77.01,0.73,2.87,6.33,3,3.2
2,3.85,137.72,110,62.36,1.67,35.82,8.44,5,15.52
1,0.4,93.73,110,83.94,3.26,0.0,7.11,6,10.64
1,20.63,48.21,110,33.5,4.79,0.0,1.46,2,7.57
3,3.87,35.96,110,26.32,0.23,0.0,8.97,6,-3.42
2,19.11,87.37,130,69.27,6.5,2.7,2.4,3,10.62
1,4.08,91.2,110,26.03,6.57,39.6,3.98,1,20.98
2,2.59,63.47,130,17.74,0.02,34.34,8.48,5,13.37
2,43.77,101.95,110,18.21,1.77,0.0,9.8,0,-3.42
2,5.39,28.93,160,75.31,2.21,0.0,3.45,0,1.12
2,11.04,38.87,110,12.44,2.02,29.57,4.14,6,8.8
1,11.3,91.02,130,34.6,2.39,0.0,5.11,0,2.33
3,9.86,28.04,130,20.98,1.75,0.0,5.23,5,-1.1
2,29.54,134.52,110,74.17,0.87,0.0,7.63,6,5.6
2,13.47,38.48,110,52.8,0.25,0.0,8.26,6,3.3
3,6.2,107.61,110,27.47,0.58,30.76,9.91,5,8.76
2,23.8,70.86,110,73.78,3.37,0.0,8.14,6,7.88
2,2.4,71.97,110,73.78,0.69,15.85,3.35,0,9.53
2,9.43,119.44,110,54.46,4.43,0.0,3.9,5,9.86
2,36.08,84.93,110,33.45,1.29,0.0,6.37,4,-4.29
3,11.78,114.34,110,59.83,1.34,30.56,7.02,6,12.42
3,20.38,85.67,110,89.35,5.07,16.51,1.35,4,16.83
1,12.72,97.08,110,14.39,0.6,0.0,3.76,0,-2.22
1,21.94,118.89,110,32.69,0.53,25.64,2.43,5,11.93
3,34.69,98.95,130,34.22,10.57,32.3,5.32,2,17.05
3,3.82,100.03,130,63.7,1.94,39.26,2.1,1,19.86
3,2.23,122.6,160,65.35,0.53,0.0,6.02,0,3.87
2,7.94,143.38,110,27.54,0.45,0.0,4.94,2,-1.28
2,14.52,68.97,110,28.37,4.95,20.97,4.34,2,12.28
3,3.09,95.03,110,88.9,2.29,4.31,6.67,2,7.2
2,0.05,31.22,130,74.29,0.31,0.0,4.46,6,-0.59
2,5.04,66.64,130,89.41,5.45,0.0,4.29,4,9.01
1,41.63,73.57,110,80.52,1.47,34.73,6.69,3,17.58
2,14.25,128.58,130,44.18,11.36,0.0,1.04,5,10.41
2,6.16,86.74,130,20.36,0.83,0.0,4.61,4,-0.21
2,2.57,115.04,160,63.51,1.88,12.03,2.36,0,6.83
3,5.28,22.47,110,39.92,0.48,10.29,0.87,6,6.07
2,2.23,80.38,110,46.16,1.45,0.0,0.83,5,5.13
3,1.35,137.17,110,46.2,0.49,19.28,2.09,6,9.03
1,28.47,49.16,110,89.6,0.92,0.0,4.62,0,4.87
2,72.64,24.1,160,15.85,0.79,0.0,5.88,0,0.3
3,2.15,76.34,110,26.41,0.83,9.07,8.06,1,5.22
1,0.67,111.58,130,61.68,8.75,0.0,6.27,1,12.38
1,4.8,79.08,110,85.12,0.1,0.0,5.44,3,9.83
2,7.43,79.8,110,88.03,1.72,0.0,0.85,4,10.22
1,2.75,107.07,110,57.49,2.48,0.0,3.33,2,5.3
3,4.3,53.07,110,12.94,2.7,0.0,7.08,5,3.51
3,2.69,117.75,130,40.84,3.51,38.19,3.07,6,21.44
2,17.86,39.9,160,88.1,3.58,0.0,6.15,4,5.3
2,14.96,71.45,130,52.5,7.78,0.0,6.24,0,5.98
2,12.09,105.28,130,71.76,3.52,21.26,3.4,3,16.67
3,5.88,127.69,110,32.88,4.34,0.0,5.93,1,6.49
1,28.77,122.9,130,12.13,1.9,32.89,1.58,5,13.29
2,41.89,113.82,110,59.16,2.68,0.0,7.41,3,4.04
2,2.29,66.68,160,80.97,1.63,18.86,0.71,2,16.48
2,3.03,35.9,130,94.17,0.81,0.0,0.84,3,3.75
2,8.95,48.19,110,81.96,0.94,32.26,8.77,3,18.64
3,1.15,132.43,110,57.09,1.12,9.03,6.01,3,6.32
1,6.88,131.45,160,61.74,1.04,0.0,2.05,0,8.48
1,10.46,143.7,110,80.05,1.9,22.67,6.22,2,23.39
3,8.86,29.88,110,11.68,0.71,33.27,4.01,1,9.88
3,4.82,89.79,110,90.89,1.82,14.95,3.06,4,9.38
1,9.38,104.33,130,55.15,6.2,21.95,8.21,1,16.76
2,38.27,112.39,110,90.92,1.3,0.0,5.03,3,5.26
2,2.77,103.7,130,74.98,0.63,0.0,3.29,3,5.56
2,12.76,120.1,160,22.95,1.06,31.42,9.47,4,11.5
2,0.53,66.73,160,24.05,5.24,0.0,2.07,2,7.48
1,0.82,43.33,110,40.06,7.11,2.3,1.85,3,9.05
2,9.63,46.6,130,32.44,5.44,0.0,1.42,0,4.88
3,1.33,21.56,110,47.34,0.85,5.43,1.68,6,7.51
2,0.27,65.54,130,61.33,1.23,26.95,2.9,5,10.87
2,2.26,31.93,130,47.11,9.22,12.46,7.14,0,10.79
1,9.98,61.79,130,14.8,0.98,30.98,6.88,1,12.59
3,14.58,101.67,130,92.93,0.37,0.0,7.75,6,6.04
3,2.71,136.28,130,46.14,0.83,0.0,5.97,0,-2.64
3,13.24,129.15,110,82.34,8.31,0.0,5.18,1,13.15
3,2.42,52.85,130,16.29,1.34,22.32,4.6,6,6.99
3,11.41,37.43,110,78.86,6.79,24.29,8.81,3,13.54
2,6.37,45.1,110,24.74,0.27,18.49,3.76,0,4.5
2,12.73,146.23,110,67.75,3.63,11.19,8.97,0,10.07
2,63.71,91.43,160,66.25,0.24,1.29,3.12,4,0.06
3,33.33,43.73,110,87.33,0.55,26.48,1.99,1,11.58
3,0.05,129.3,130,37.26,2.39,0.0,2.92,4,3.28
2,26.0,71.37,130,19.26,1.43,0.0,5.24,2,-6.52
1,0.83,136.9,130,83.49,2.75,35.72,9.3,6,25.63
2,36.7,53.89,130,38.18,9.07,37.18,2.18,5,20.05
3,3.97,71.12,110,29.77,0.14,17.98,6.01,4,7.84
2,5.78,85.64,130,51.33,0.53,27.92,2.57,6,6.73
2,1.15,136.04,130,22.42,2.56,0.0,6.94,6,0.64
2,1.43,132.94,130,35.24,5.67,36.78,4.92,0,19.74
2,15.57,94.67,110,42.75,3.99,22.52,7.47,6,9.42
3,34.66,48.83,110,33.57,1.57,0.0,8.63,0,-0.56
2,11.32,72.44,160,48.27,3.42,0.0,3.68,2,2.53
3,15.1,146.83,110,42.7,0.58,0.0,9.41,1,-3.98
2,17.22,99.01,110,75.84,0.03,0.0,4.95,1,4.4
2,3.66,121.54,110,88.06,2.11,10.28,9.4,5,11.37
2,0.56,78.48,110,18.58,4.19,0.57,2.69,1,3.53
3,0.02,89.16,110,79.98,1.42,0.0,9.02,2,1.05
2,5.18,75.76,130,89.2,2.11,0.0,3.67,3,6.81
2,3.32,111.38,160,68.36,1.37,0.0,7.63,3,1.82
2,0.77,130.69,110,94.7,1.8,22.48,9.7,2,15.23
3,2.37,85.96,110,38.48,5.39,4.41,9.17,4,8.99
1,1.6,82.51,130,80.58,1.63,0.0,4.9,2,8.75
3,29.56,64.24,110,67.26,0.02,0.0,3.78,3,3.52
2,1.81,43.02,160,37.49,4.02,13.56,6.32,5,8.58
2,9.26,142.1,110,69.9,2.4,0.0,7.21,5,6.27
1,10.79,61.09,110,53.32,3.28,0.0,5.63,3,8.2
2,9.41,124.09,130,26.06,5.78,0.0,8.56,4,2.9
2,1.25,113.0,130,24.78,0.84,17.24,1.05,0,11.84
1,4.61,122.82,130,70.64,1.75,0.0,6.2,0,10.18
2,0.63,141.78,110,70.51,2.31,0.0,5.49,0,7.59
3,6.04,101.04,110,55.12,1.06,28.16,0.87,1,16.51
1,2.51,136.73,160,52.62,4.68,0.0,0.62,3,17.69
3,9.9,41.8,130,25.3,2.99,19.73,6.26,6,7.4
2,14.16,101.47,110,46.49,3.31,0.0,1.62,6,1.61
2,9.11,120.4,130,84.07,4.13,34.29,7.8,2,22.51
2,6.83,55.31,130,82.65,0.75,0.0,9.52,6,0.27
1,5.88,116.3,130,66.18,3.42,4.7,2.19,4,14.47
1,22.12,121.2,110,94.78,3.72,0.0,8.09,6,15.38
1,2.97,128.05,130,85.92,4.62,25.38,6.12,3,25.17
1,15.9,60.67,110,22.34,1.68,2.51,4.76,0,2.2
2,17.0,108.61,130,43.93,1.75,0.8,6.68,4,-0.92
3,6.52,59.55,110,21.21,0.26,0.0,8.12,2,1.71
3,4.23,116.08,130,49.62,4.78,29.2,9.72,6,18.52
2,7.63,80.19,110,75.99,1.91,6.12,6.77,3,4.37
1,1.17,97.68,110,23.24,2.26,0.0,7.6,2,1.43
2,0.56,74.06,110,84.84,0.32,0.0,6.27,3,1.2
2,1.42,41.06,110,58.37,2.3,0.41,5.87,3,0.88
2,2.49,43.14,110,73.66,0.11,0.0,1.12,0,4.12
2,8.42,30.08,110,13.84,6.42,0.0,1.97,4,7.19
2,22.7,100.35,160,17.98,4.98,0.0,4.1,5,-1.9
2,3.22,130.32,130,62.77,0.54,30.79,6.67,5,14.84
2,32.83,22.71,130,81.25,2.25,0.0,1.22,5,6.87
3,37.19,28.61,110,84.28,2.31,0.0,5.67,0,1.36
3,38.3,79.47,110,68.51,4.07,0.0,0.63,3,11.21
2,21.81,115.9,110,27.08,3.54,7.65,7.78,0,0.9
3,5.43,40.5,130,26.58,12.49,0.0,6.84,3,15.95
3,0.91,55.31,110,84.92,1.08,0.0,5.45,6,4.76
2,10.09,50.16,130,19.63,0.33,11.6,5.93,5,4.83
2,9.82,71.88,110,68.32,2.13,0.0,9.36,5,4.6
2,22.76,49.25,160,55.35,3.61,4.93,9.11,0,7.52
3,66.23,65.84,110,45.82,0.84,0.0,8.03,6,-2.31
3,8.52,114.71,110,47.43,0.67,0.0,3.69,3,-4.13
1,5.08,99.43,130,90.34,4.05,27.66,1.52,5,21.78
2,2.47,30.55,160,83.22,3.5,32.51,3.55,1,14.1
2,0.06,102.91,130,83.52,0.57,17.54,7.64,1,14.16
2,8.54,82.02,110,44.56,5.09,14.61,6.3,5,8.13
1,9.73,141.49,130,19.09,0.36,13.14,7.2,2,7.48
3,20.91,57.61,160,94.82,0.29,0.0,1.5,3,7.22
2,8.43,114.4,110,22.35,1.08,20.74,2.01,0,3.76
3,29.79,115.01,110,53.82,5.44,0.0,6.81,3,10.07
3,11.87,48.8,130,32.49,2.97,4.03,4.03,0,-0.91
3,22.02,137.42,130,53.41,1.26,0.0,4.01,2,2.82
2,1.93,83.85,130,35.92,0.43,0.0,4.23,5,-0.85
2,23.2,108.25,160,86.24,3.12,7.85,8.06,5,11.87
1,13.49,38.96,110,92.31,2.29,30.39,7.14,5,17.1
2,2.24,53.51,130,44.86,10.99,0.0,1.51,3,15.4
1,2.53,96.19,130,15.97,3.63,0.0,3.77,2,6.1
2,31.33,61.47,130,66.38,0.27,18.08,6.9,0,11.72
2,0.39,84.96,130,42.01,3.26,0.0,9.77,4,5.95
1,7.45,68.62,160,93.81,0.74,0.0,9.17,5,10.53
1,4.51,103.27,110,17.6,8.17,0.0,2.86,0,7.88
1,13.13,83.33,110,20.13,0.05,0.0,1.13,2,3.8
3,21.96,20.6,110,69.45,0.68,2.56,5.95,3,2.68
3,5.36,104.46,130,74.49,1.73,0.0,4.36,3,1.98
2,6.68,74.88,110,50.04,0.21,38.89,2.24,2,17.5
1,48.15,64.42,130,33.57,1.05,0.0,6.69,6,1.99
1,18.39,32.24,110,36.33,1.72,34.6,2.02,3,14.91
1,27.3,48.65,110,38.73,1.48,0.0,3.84,6,-0.38
1,6.93,49.09,130,29.15,1.54,0.0,8.05,1,1.53
3,3.2,141.6,130,82.3,5.28,0.0,7.0,5,11.44
2,6.37,76.23,110,15.53,1.76,0.0,6.27,4,0.87
2,15.11,25.47,130,44.62,7.08,0.0,9.34,2,7.44
1,1.39,38.05,110,73.55,0.4,0.0,1.69,4,3.88
2,3.78,30.27,110,10.33,0.82,0.0,7.06,2,1.11
2,0.57,96.55,110,84.63,2.67,5.97,1.61,4,10.86
2,6.79,44.26,130,70.03,0.83,0.0,1.8,0,4.53
2,21.08,84.81,110,16.24,1.07,0.0,5.31,2,-3.85
1,0.3,68.11,160,86.07,5.78,39.29,0.73,3,30.78
2,13.5,124.5,130,51.42,1.93,2.22,5.26,4,0.1
2,32.35,61.66,110,65.44,1.02,0.0,0.59,0,8.92
2,3.24,79.57,110,84.97,3.75,0.0,6.22,0,4.35
3,14.2,113.77,110,84.9,0.18,0.0,3.46,6,5.33
2,44.32,76.34,130,44.74,2.07,0.0,1.29,5,2.68
2,39.33,123.12,130,30.2,0.26,25.12,7.92,0,-2.77
2,3.21,106.02,130,31.88,0.49,37.92,4.2,3,15.26
2,1.27,73.37,110,75.11,0.16,18.16,4.72,0,9.99
2,1.93,85.52,110,89.0,5.8,18.17,4.06,4,17.53
2,14.53,145.74,110,16.14,0.12,0.0,1.29,6,-3.51
3,15.52,106.01,110,11.28,1.82,0.0,4.87,3,-1.79
1,13.46,137.65,110,79.95,0.64,17.9,6.82,5,16.65
2,4.92,43.24,160,42.86,1.21,0.0,9.08,2,3.22
2,2.23,82.82,130,33.5,1.7,0.0,7.76,3,3.34
3,10.43,138.13,130,26.01,1.49,0.0,1.25,2,1.24
2,7.93,61.94,110,39.45,3.45,0.0,2.08,2,2.69
2,15.66,145.8,110,92.57,6.07,0.0,0.93,2,16.93
1,6.99,32.62,110,93.05,0.89,0.0,1.63,2,5.06
2,4.96,137.35,110,38.18,0.06,0.0,5.07,6,4.01
1,4.17,77.88,130,91.91,5.61,0.0,2.59,5,16.78
2,2.85,29.59,110,35.49,9.63,0.0,6.66,6,7.74
1,3.71,134.34,130,82.63,1.42,0.0,0.81,3,17.66
2,1.2,52.75,160,28.02,1.52,0.0,8.64,6,0.77
2,5.11,22.89,110,80.25,0.39,0.0,6.94,5,1.54
2,0.45,37.65,130,40.07,1.61,7.69,9.71,5,4.52
3,2.48,105.68,130,26.64,0.9,18.83,9.55,1,10.51
2,16.48,147.12,110,89.46,12.95,1.61,7.08,6,24.61
2,4.72,34.49,160,28.21,0.51,31.27,2.0,1,15.3
2,13.24,80.05,110,94.31,1.19,31.63,2.61,6,21.38
1,15.14,43.48,130,19.23,2.4,28.08,3.14,6,9.36
3,10.44,116.85,110,10.85,1.06,35.85,4.55,0,10.19
1,38.24,35.35,110,84.02,1.61,21.98,5.92,6,11.36
2,0.26,51.18,110,59.86,9.07,0.0,6.98,4,8.63
2,16.1,45.53,130,45.84,1.77,0.0,1.22,4,5.43
2,38.27,91.83,110,16.97,6.03,0.0,6.3,5,1.0
2,23.79,133.51,110,58.87,0.11,20.49,1.06,4,11.28
2,2.21,86.44,110,43.47,0.32,0.0,8.36,0,6.79
1,4.75,27.57,110,51.11,7.23,30.58,0.88,4,19.86
3,2.27,93.24,130,63.58,0.34,0.0,4.21,3,1.47
2,11.03,123.68,130,64.39,3.33,0.0,4.49,6,7.24
3,14.95,37.18,130,91.65,1.48,0.0,5.92,5,0.63
3,4.58,29.45,130,65.68,1.31,31.52,1.41,5,16.42
3,9.31,44.42,160,38.85,2.69,0.0,9.36,1,-0.98
2,14.09,116.99,130,38.02,3.25,0.0,4.14,6,2.04
2,6.56,96.92,160,50.56,6.72,29.85,4.26,5,19.86
3,23.09,90.28,110,32.04,0.74,23.83,2.81,2,-1.43
2,17.72,52.43,110,42.0,2.99,0.0,7.92,5,-2.87
1,0.8,63.19,160,81.58,1.05,0.0,0.57,5,14.29
3,11.65,145.57,130,83.08,3.16,1.05,1.51,5,10.93
3,3.22,51.28,130,63.36,0.38,31.41,4.97,4,10.33
2,9.78,137.21,110,59.54,1.53,0.0,9.7,0,3.79
1,37.73,95.47,130,46.3,0.51,0.0,0.84,6,8.16
2,25.35,36.03,130,64.05,1.03,4.8,1.09,0,3.38
3,6.22,80.75,110,78.51,3.14,36.76,7.29,3,22.88
3,4.14,143.31,110,72.72,0.66,0.0,7.49,2,2.29
2,3.21,74.41,110,13.01,2.89,0.0,9.02,2,3.07
1,9.12,132.24,160,72.15,1.71,0.0,5.98,0,14.85
3,1.46,53.34,130,71.2,0.24,19.69,4.33,4,8.05
2,9.56,94.22,160,18.41,1.22,0.0,4.79,5,-0.7
2,0.02,129.7,110,22.77,5.09,0.0,4.6,3,3.77
3,4.7,139.69,160,76.97,11.34,0.0,9.75,5,14.12
1,2.98,83.16,110,57.51,1.15,22.75,4.11,3,11.36
2,42.58,103.16,110,79.84,0.14,0.0,1.41,2,9.64
1,15.59,20.39,110,25.7,0.35,0.0,3.25,3,-0.75
2,5.16,52.92,160,12.6,3.88,23.71,9.62,5,9.23
3,1.17,56.23,110,23.77,2.67,36.28,4.57,1,13.83
2,8.73,32.15,110,48.47,0.84,35.29,3.5,2,12.39
3,2.88,56.36,110,54.48,1.24,0.0,3.45,6,3.24
2,9.23,61.75,110,82.9,4.17,32.74,0.59,0,20.22
2,21.65,145.94,130,70.88,1.33,0.13,6.51,6,6.75
2,11.48,106.92,130,94.18,3.52,0.62,7.38,3,10.74
2,12.05,75.38,130,16.69,0.87,0.0,3.85,2,0.27
2,9.35,148.45,160,21.07,3.23,0.0,8.79,6,-1.43
1,31.45,39.92,130,17.17,1.57,31.76,7.56,4,10.67
2,32.24,81.89,130,55.77,1.97,0.0,6.21,4,5.16
2,8.63,104.12,110,32.68,2.28,37.61,7.19,5,13.66
3,4.38,27.23,160,68.11,1.5,32.6,7.81,1,16.27
2,7.39,113.21,110,21.28,1.57,4.11,5.51,5,3.46
3,2.48,32.98,130,18.77,0.77,17.61,4.28,0,7.57
1,12.14,38.24,130,49.11,10.63,0.0,1.69,4,13.14
2,8.32,40.76,110,41.95,5.91,0.0,4.35,6,3.66
2,1.31,140.76,110,80.48,1.87,15.45,5.73,2,13.57
2,2.64,108.82,110,81.19,0.09,11.76,9.5,3,9.31
1,7.84,105.21,110,19.98,0.46,0.0,1.97,4,4.19
3,26.23,92.21,130,79.05,4.81,0.0,7.69,6,3.42
3,10.03,58.06,160,57.95,6.68,0.0,2.79,4,6.81
2,13.73,100.72,130,52.8,0.44,33.43,9.59,1,14.68
1,4.97,73.32,130,18.05,3.32,0.0,6.15,5,2.56
3,10.17,38.9,110,72.87,2.44,0.0,4.61,5,2.84
2,7.12,109.65,110,15.07,0.9,0.0,3.79,3,-1.87
3,12.92,36.85,130,33.6,1.43,3.8,2.42,5,3.14
3,0.62,44.79,160,18.11,2.83,0.0,7.29,3,2.07
3,8.16,126.3,130,55.12,0.27,0.0,6.54,4,0.75
2,4.21,105.82,110,64.84,0.52,0.0,8.96,3,5.32
1,4.74,102.03,130,85.72,0.08,38.1,6.17,0,22.66
2,38.9,74.37,130,72.38,5.81,0.0,2.11,6,8.25
2,2.42,71.52,130,91.69,2.13,0.0,6.99,0,4.0
3,4.47,109.73,130,74.68,1.85,0.0,8.85,4,3.92
1,8.56,116.2,130,35.34,3.06,0.0,9.91,4,5.37
1,23.86,86.33,110,56.54,11.13,19.06,7.01,0,19.4
3,6.47,146.01,160,48.92,0.47,0.0,3.25,5,0.12
3,16.34,144.24,110,58.11,0.36,5.88,5.87,3,5.85
3,23.29,73.62,110,58.63,0.87,6.28,5.39,1,0.34
3,4.45,126.68,160,69.68,5.86,8.07,5.36,1,10.32
2,5.99,90.62,110,17.06,1.33,0.0,1.25,6,7.9
2,5.29,86.53,110,73.47,3.94,0.0,2.35,1,6.85
3,21.47,27.15,110,22.22,0.57,7.59,5.48,3,3.77
2,0.54,94.62,130,12.23,1.7,0.0,8.08,1,1.79
2,4.43,137.08,110,54.11,0.34,0.0,2.23,0,2.71
1,13.65,121.42,110,59.43,1.33,0.0,2.06,3,9.54
2,10.0,122.22,110,12.96,0.76,0.0,7.72,0,0.36
3,6.88,40.79,130,53.81,1.99,0.0,7.06,5,0.8
2,9.32,66.6,110,55.44,3.79,0.0,5.11,6,3.13
2,2.64,50.32,130,14.46,6.97,0.0,0.98,5,8.42
2,6.76,61.07,110,70.48,0.83,35.78,4.99,3,13.77
2,8.36,95.34,130,27.87,3.4,15.88,8.43,1,9.36
2,27.77,67.42,110,77.53,5.42,0.0,0.6,1,13.92
2,3.63,92.89,130,36.42,0.33,32.4,1.47,4,17.15
3,24.28,77.01,130,50.62,2.2,0.37,8.19,2,1.27
2,12.4,57.26,110,85.81,2.37,18.04,5.49,6,9.57
1,0.25,32.4,130,78.53,0.79,28.57,6.79,0,12.81
1,15.48,135.94,130,76.46,0.06,0.0,7.58,1,11.83
2,0.43,21.48,110,23.64,0.74,35.41,3.35,3,12.96
2,71.34,20.21,130,14.09,2.2,0.0,3.33,6,2.28
3,24.73,127.48,130,61.49,0.55,33.91,3.01,6,15.6
2,4.23,149.59,110,44.91,0.85,0.0,2.09,6,4.18
3,3.57,114.52,110,87.27,3.08,0.0,3.4,4,8.43
2,5.76,21.99,160,39.72,1.27,0.0,9.55,0,2.28
2,5.28,49.47,130,44.9,0.17,0.0,1.32,1,-2.82
2,5.59,146.34,160,54.71,1.27,28.99,2.79,4,14.69
3,4.6,125.12,130,77.69,20.93,0.18,3.52,1,26.21
2,11.65,93.68,110,32.81,0.76,0.0,1.96,1,3.31
2,2.15,50.79,110,90.05,0.77,16.56,1.24,1,12.23
2,22.45,21.87,130,55.89,0.47,4.91,2.04,4,-1.7
1,20.08,22.71,130,81.48,0.79,0.0,5.51,5,5.74
2,7.77,99.56,110,54.68,2.14,27.72,6.17,5,11.65
2,22.99,22.84,130,75.62,8.35,0.0,2.54,2,10.19
2,3.41,149.17,130,14.37,2.34,30.61,5.29,1,14.43
2,0.21,43.84,130,77.93,1.32,12.6,0.56,0,13.61
2,11.59,112.39,110,54.54,1.23,0.0,6.22,5,-0.52
3,7.35,40.16,110,48.2,0.06,2.92,0.51,5,4.58
3,10.05,90.21,160,19.49,0.01,25.91,6.61,4,3.13
3,27.55,30.48,130,73.03,3.99,38.83,5.09,1,19.26
1,42.05,119.68,110,21.15,1.68,0.0,1.54,6,2.74
1,12.08,96.04,130,26.35,0.08,11.12,1.34,5,3.53
2,17.33,31.2,110,20.75,0.84,23.04,0.57,4,14.11
2,1.05,130.32,110,10.56,1.1,0.0,5.74,0,-1.28
2,2.1,91.11,110,66.26,3.82,0.0,8.16,5,6.99
1,15.86,139.81,110,33.02,1.42,33.47,8.64,0,14.2
2,6.77,139.16,130,22.7,3.89,0.0,5.91,3,4.24
1,7.09,139.67,130,37.2,2.51,34.97,8.93,6,19.54
3,4.43,30.11,110,52.42,0.08,0.0,8.69,3,0.98
2,11.22,35.72,130,52.79,8.66,24.7,7.13,2,17.84
2,2.46,148.4,130,41.21,0.5,0.0,3.95,6,1.63
1,11.83,83.39,110,52.07,0.81,12.87,8.36,3,6.34
2,2.29,50.97,130,46.32,4.14,14.16,4.22,4,8.77
2,0.79,120.06,130,79.93,0.53,0.0,4.33,5,6.83
3,4.81,54.36,130,12.52,1.28,33.8,6.94,3,17.08
3,3.15,114.54,130,83.78,5.01,0.0,9.32,4,9.85
2,26.38,128.85,110,30.73,2.54,0.0,5.25,6,-2.92
3,0.68,121.95,110,71.35,0.9,0.0,2.18,4,3.64
3,2.33,55.63,130,44.43,2.58,0.0,1.85,2,4.8
3,9.55,72.21,130,35.02,4.19,34.81,3.37,4,9.69
3,7.87,73.72,110,62.3,1.29,0.0,4.85,3,1.25
2,0.56,83.87,110,75.36,2.12,0.0,3.33,5,6.89
2,0.09,41.76,130,48.24,11.04,0.0,7.26,5,13.23
1,53.14,78.82,110,49.66,8.35,5.96,5.66,3,12.33
1,12.9,86.4,110,15.0,1.78,0.0,4.36,1,-0.46
3,5.46,89.12,110,88.54,0.25,0.0,2.53,5,3.29
2,7.63,126.59,110,81.99,3.02,30.78,6.25,6,18.82
3,3.72,87.25,110,43.83,0.78,34.07,6.9,6,15.47
3,5.08,50.0,130,75.02,2.77,0.71,7.95,2,5.75
3,12.57,106.21,110,36.63,1.08,19.46,9.91,0,8.0
3,25.73,123.65,160,72.09,3.17,0.0,2.7,0,8.44
2,2.44,61.52,160,53.92,1.14,27.36,0.64,1,16.95
1,22.02,103.89,160,49.17,7.08,9.81,5.25,3,15.07
2,1.56,39.1,130,14.8,0.37,22.65,9.28,2,12.45
1,2.9,64.45,130,92.06,0.18,0.0,2.86,3,6.78
1,0.45,138.2,110,81.18,3.8,0.0,7.68,5,16.81
2,1.82,138.47,110,77.44,1.28,0.0,3.54,1,7.1
3,29.91,94.79,110,35.92,1.57,3.51,4.22,0,-2.82
2,7.38,111.31,110,34.62,6.79,8.75,9.5,6,6.99
2,0.97,131.02,130,58.72,2.23,0.0,4.88,2,8.2
2,38.54,144.61,160,81.93,2.7,0.0,7.39,5,7.6
2,25.34,83.69,110,89.44,0.05,6.35,5.72,3,10.55
1,16.86,93.0,130,32.86,2.78,0.0,7.76,4,7.73
3,32.52,74.03,130,61.63,1.23,15.29,3.51,4,8.46
2,2.98,29.36,110,71.53,1.54,0.0,8.83,4,2.62
3,21.72,74.96,160,29.24,4.13,0.44,5.71,0,-1.91
1,14.05,122.78,130,44.63,1.85,0.0,3.44,6,5.83
3,24.46,124.64,110,25.94,10.83,13.01,0.86,4,15.25
2,19.13,136.01,160,69.41,3.98,21.21,0.63,4,20.24
2,5.1,26.69,130,83.42,3.26,21.04,3.86,1,14.85
2,17.87,88.53,110,84.59,2.22,0.0,2.55,5,8.64
3,3.65,33.97,130,66.96,1.33,10.73,1.0,1,9.6
2,4.78,46.1,130,39.51,0.14,0.0,5.75,1,2.31
2,1.37,137.03,110,66.19,0.05,15.26,9.89,3,7.91
3,32.81,84.58,130,83.46,0.12,0.0,4.51,4,2.63
3,4.13,118.61,160,63.2,7.98,2.22,5.75,5,15.5
2,8.82,28.37,130,45.1,0.98,0.0,2.59,6,1.92
3,5.96,74.19,130,88.18,3.02,0.0,2.45,0,6.64
2,38.6,107.65,130,80.99,2.26,0.0,3.62,4,7.3
2,4.9,37.34,110,85.01,2.12,0.0,8.43,4,3.83
2,18.09,62.36,160,86.77,2.16,0.0,9.63,3,5.33
3,23.21,28.39,130,43.47,0.9,0.0,7.53,1,-2.26
3,6.86,104.67,110,83.07,5.44,0.0,0.7,6,15.3
2,5.7,146.22,130,58.48,6.29,0.0,4.66,4,12.09
2,16.53,127.52,130,13.24,2.59,0.0,4.5,6,-2.65
2,29.29,146.7,110,64.05,4.99,0.0,9.38,2,10.31
3,16.87,129.93,130,50.0,0.15,31.39,7.58,2,11.35
3,3.09,131.18,130,33.39,0.26,33.71,7.29,1,12.74
2,26.3,95.03,130,92.48,2.05,0.0,5.87,6,5.86
3,5.88,87.37,110,14.68,4.69,25.3,6.64,6,11.44
3,10.3,72.81,130,90.4,0.95,32.45,7.14,5,15.24
2,21.37,126.35,130,23.54,1.99,0.0,5.75,1,-2.59
1,2.5,43.67,160,42.04,0.03,21.01,8.53,4,7.38
2,18.42,27.31,130,45.46,10.79,4.65,0.85,2,16.59
2,10.88,143.23,130,72.14,3.64,0.0,9.44,0,7.03
2,26.86,20.49,110,28.33,1.12,0.0,7.85,0,0.53
2,2.26,146.99,130,93.82,10.19,0.0,5.53,2,23.35
3,6.55,114.75,110,73.67,0.24,0.0,8.67,1,2.44
1,21.47,62.7,110,77.15,1.56,18.65,8.37,3,10.66
2,0.23,110.72,110,19.05,0.15,19.87,4.48,3,9.27
2,1.43,126.32,130,50.49,1.02,0.0,8.48,0,4.05
2,55.96,51.9,110,90.38,0.62,0.0,2.29,1,4.42
2,3.95,120.22,110,32.96,0.95,0.0,4.96,4,4.58
2,44.53,124.57,110,22.36,7.36,0.0,2.71,2,-1.8
1,2.42,52.42,130,51.26,1.39,0.0,1.68,0,3.4
2,5.38,25.45,130,89.08,0.98,0.0,9.0,3,3.45
2,16.77,46.54,110,51.38,2.56,0.0,3.99,3,5.57
1,12.87,46.08,130,44.41,2.88,0.0,7.0,4,4.78
3,10.44,28.48,110,65.27,10.3,0.0,4.06,4,10.75
2,9.06,114.38,110,89.64,1.97,26.63,5.67,3,18.2
2,22.25,69.4,110,14.17,3.49,24.96,3.81,1,9.21
3,3.21,134.97,110,23.04,1.2,32.89,7.56,3,10.25
1,7.01,52.78,130,21.28,0.47,12.17,7.97,2,3.18
1,2.03,78.92,110,17.25,1.4,35.12,4.59,1,13.96
3,10.87,103.07,130,35.68,1.36,0.0,8.67,6,0.19
2,3.46,134.07,160,29.49,1.36,0.0,3.88,6,6.7
2,4.87,88.2,110,56.64,2.97,0.0,7.74,4,4.86
3,7.65,68.56,110,37.82,1.3,0.0,6.68,5,0.03
3,0.33,132.71,130,44.44,7.71,0.0,4.83,5,7.75
3,1.16,60.33,110,90.06,10.15,0.0,8.94,6,13.68
2,13.9,30.33,110,23.23,1.85,0.0,5.94,4,-2.22
2,6.72,77.86,110,43.02,2.04,12.52,8.48,4,5.52
2,24.01,122.06,160,31.85,1.31,0.0,7.47,2,-6.76
1,14.24,24.0,130,56.68,1.1,0.0,5.56,4,-1.97
2,0.1,96.16,110,72.59,10.55,26.9,3.6,1,28.96
2,11.51,97.28,110,79.44,0.1,0.0,9.54,4,5.99
3,1.18,140.71,110,53.8,1.32,0.0,1.04,6,8.83
2,18.22,57.24,110,82.67,0.41,0.0,9.0,6,4.94
2,57.22,56.25,110,76.73,3.24,23.43,5.31,5,16.62
2,9.09,77.26,130,23.35,0.54,0.0,7.61,4,-1.49
1,13.78,66.4,110,30.86,5.4,35.2,3.67,3,20.52
1,3.25,115.72,110,67.1,1.17,0.0,4.15,3,7.7
2,6.91,103.43,110,92.86,6.23,0.0,2.31,2,11.92
1,23.26,118.66,110,41.97,10.77,0.0,9.57,1,11.02
2,2.2,126.61,160,29.53,3.69,0.0,0.91,5,9.39
3,3.7,139.99,110,83.88,2.44,13.36,4.17,6,10.59
3,7.07,76.02,110,26.97,0.41,0.0,3.68,1,-1.66
2,14.95,148.01,110,69.28,6.76,0.0,8.22,3,13.51
2,5.66,48.04,110,12.91,3.75,0.0,5.27,1,2.74
3,31.53,112.87,160,11.61,0.85,31.38,2.11,4,6.47
3,1.19,89.42,110,48.38,1.58,0.0,5.34,2,1.47
1,5.56,126.2,110,65.81,0.18,34.32,2.74,3,20.87
3,14.81,81.98,110,22.11,2.69,0.0,0.66,6,2.56
2,3.07,121.91,130,74.93,0.33,31.05,5.67,4,15.68
3,12.82,140.92,130,20.94,2.64,6.55,3.92,3,0.85
3,2.15,115.2,130,55.37,2.78,0.0,2.77,3,2.52
1,0.69,120.89,110,36.21,0.98,7.18,2.14,5,5.26
3,1.55,28.73,160,73.94,7.42,9.54,4.81,2,12.66
2,31.91,46.64,110,78.35,3.77,29.27,8.76,6,14.19
3,9.63,146.66,130,15.62,1.72,26.21,7.7,6,6.91
2,19.1,110.11,130,26.37,6.27,9.19,0.54,2,12.74
3,4.85,92.99,130,85.87,4.84,10.81,7.45,3,14.6
1,10.78,67.71,110,45.33,2.95,0.0,1.19,5,10.02
2,8.2,25.77,110,50.52,0.42,0.0,5.71,4,4.33
1,34.97,67.99,110,24.28,1.72,0.0,7.91,0,5.16
3,16.52,84.86,110,94.57,5.0,0.0,4.81,4,8.23
3,15.74,47.49,130,88.46,2.35,33.39,4.08,5,19.7
3,0.57,42.51,110,10.17,1.97,0.0,9.42,1,5.12
3,9.57,86.09,130,56.81,7.77,0.0,0.78,3,13.89
1,7.55,96.17,130,84.14,0.04,0.0,1.51,3,11.91
2,31.55,51.19,110,46.6,0.03,29.44,8.77,2,6.46
1,3.57,96.36,110,47.13,5.58,34.8,8.92,1,20.89
2,3.77,137.04,130,42.24,0.1,2.87,4.04,0,-0.07
2,6.36,81.51,130,12.45,1.01,36.09,5.63,0,10.69
2,3.35,131.46,110,77.17,6.44,0.0,2.06,5,13.53
2,1.66,140.55,110,48.83,2.94,25.35,8.9,2,12.34
1,23.37,32.01,130,55.14,2.61,0.0,4.96,0,3.45
1,9.8,32.46,130,31.73,2.68,0.0,5.86,5,4.34
1,23.71,81.89,130,76.65,0.96,14.15,1.62,3,13.61
3,21.34,96.45,130,77.47,1.89,0.0,6.34,0,6.9
3,3.98,75.36,130,57.0,2.49,7.38,7.11,6,8.68
3,9.52,62.44,110,86.89,0.91,0.0,3.3,0,1.83
2,1.04,103.33,130,19.85,3.97,0.0,9.01,4,3.47
2,29.62,20.27,160,76.86,0.97,0.0,2.44,5,1.9
3,6.22,145.85,110,57.48,0.19,39.68,9.03,0,15.14
2,6.0,50.17,130,29.64,0.56,0.0,7.18,4,2.4
2,4.33,139.22,110,21.25,1.31,0.0,8.39,1,1.06
2,7.41,34.17,110,35.59,5.97,38.78,7.14,4,19.49
1,3.48,50.95,160,82.79,1.34,1.61,4.57,1,3.75
2,5.64,50.53,110,76.95,0.24,0.0,3.65,2,0.79
2,19.31,149.5,110,64.84,0.55,0.0,7.47,3,2.95
2,21.57,20.6,110,17.68,1.97,20.05,3.33,2,5.18
1,4.35,103.15,110,91.16,0.49,0.0,1.09,2,14.75
2,7.6,133.06,130,35.96,0.17,23.3,2.85,2,8.18
3,24.84,107.4,110,61.59,3.14,0.0,7.67,6,8.2
1,0.65,67.16,110,78.26,3.84,0.0,8.04,1,9.19
2,26.39,144.58,110,21.29,4.75,0.0,3.13,5,-2.41
3,2.97,136.16,130,65.44,4.64,0.0,3.62,0,8.14
1,13.62,76.41,130,12.75,1.19,35.82,5.72,4,12.52
1,10.48,94.53,130,18.65,3.32,7.01,2.99,2,6.33
2,9.66,145.78,130,71.47,2.19,0.0,6.26,2,11.67
2,23.54,147.73,110,23.18,0.06,14.58,3.18,0,-0.41
2,1.29,78.48,130,47.7,1.28,13.3,1.65,2,12.9
3,5.11,130.16,110,31.11,0.14,0.0,1.97,1,-0.53
1,9.27,59.26,110,45.8,0.22,0.0,2.88,1,0.91
2,20.01,68.34,130,16.56,0.14,0.0,2.1,6,-2.15
2,2.93,41.43,110,74.17,8.11,21.21,9.76,5,19.67
1,19.49,47.19,110,16.72,4.65,11.05,6.75,0,7.77
2,6.12,105.39,110,81.22,1.45,0.0,2.2,1,7.01
2,2.51,86.4,130,66.32,0.71,24.45,4.53,6,11.89
2,17.07,50.05,110,45.41,0.19,0.03,3.06,5,-5.09
1,1.14,72.38,160,83.65,1.41,10.72,7.0,6,9.51
2,8.68,68.51,110,25.82,2.29,39.97,8.74,2,13.67
2,0.79,148.36,130,32.49,3.99,0.0,4.31,5,7.59
3,5.29,130.96,130,21.66,0.13,0.0,4.57,2,0.62
1,11.03,70.44,130,42.43,1.35,22.56,4.29,3,9.42
2,9.75,138.81,130,93.87,9.42,36.06,4.77,5,28.05
2,6.22,64.54,130,23.69,0.32,28.34,0.84,3,11.59
3,6.73,106.83,110,80.63,1.28,0.0,6.13,0,2.59
2,3.09,145.66,130,65.41,0.8,19.17,9.54,2,10.27
2,7.3,70.74,110,11.34,0.36,39.04,7.96,2,7.87
3,36.76,108.39,130,90.32,4.57,0.0,8.68,6,3.69
3,22.8,58.47,130,92.54,2.99,25.79,2.68,4,9.15
2,1.88,54.62,130,88.62,1.33,3.3,6.27,5,2.31
2,0.36,94.64,110,52.65,1.15,0.0,8.98,1,5.47
3,32.53,147.3,130,28.73,4.4,0.0,1.15,0,5.94
3,8.98,78.91,110,43.26,0.24,17.57,8.83,6,8.51
3,9.26,141.89,130,62.21,0.4,0.0,1.11,0,7.13
2,18.21,138.87,110,42.2,5.93,15.73,9.84,5,6.38
1,4.53,52.99,130,70.19,4.25,0.0,1.3,6,9.93
2,7.89,72.24,130,77.62,3.73,19.06,4.0,1,13.73
3,41.56,103.63,110,27.8,2.45,5.05,1.02,4,5.82
2,13.38,87.35,130,44.42,0.86,1.15,1.04,3,0.47
2,2.0,32.47,110,91.41,6.83,30.9,8.73,4,19.49
3,1.72,149.18,130,31.23,1.69,0.0,1.1,6,6.29
2,2.74,117.85,130,39.45,0.82,0.0,8.03,3,2.12
3,17.47,76.9,110,13.03,1.14,15.3,9.12,3,-2.56
2,4.2,100.36,130,38.25,0.04,36.56,9.38,4,13.47
2,0.26,31.38,130,41.53,0.74,0.0,8.71,0,-1.54
2,34.63,84.39,110,18.49,0.52,2.14,9.57,2,0.49
3,2.23,141.01,160,10.12,0.36,0.0,0.99,0,5.64
1,0.12,136.56,130,58.91,0.08,0.0,9.97,2,9.34
1,3.25,63.86,110,35.63,0.64,0.0,0.69,0,5.42
3,3.22,89.08,110,11.52,0.27,0.0,2.08,4,-0.54
1,6.58,110.66,130,83.1,0.12,0.0,1.27,4,17.7
2,30.37,64.2,110,59.67,0.37,9.1,7.57,4,7.29
2,25.36,28.43,110,24.55,0.57,36.69,1.33,5,15.2
2,7.33,85.71,110,83.55,1.34,0.0,3.28,2,8.17
2,6.35,98.21,130,31.55,2.19,0.0,6.56,0,5.03
2,9.72,20.76,130,29.33,0.97,0.0,5.23,6,2.78
2,3.35,32.42,110,86.04,0.38,0.0,1.79,3,4.95
2,0.64,46.95,130,25.25,7.05,29.84,5.45,6,20.04
2,33.61,65.25,160,84.71,1.81,2.95,3.74,5,5.41
1,2.48,90.34,160,78.25,3.39,23.59,6.07,0,19.78
2,2.65,58.2,130,36.33,2.96,0.0,5.62,0,4.95
1,7.67,55.9,130,12.92,0.84,22.63,9.9,1,9.58
2,8.12,133.02,110,17.02,2.05,0.0,8.7,0,0.99
2,0.22,38.86,110,19.31,2.3,0.0,0.53,5,8.02
1,1.92,84.41,110,85.72,1.08,38.52,2.17,3,17.63
3,5.7,143.87,130,44.34,2.78,0.0,9.17,0,3.9
2,13.81,101.25,130,12.77,3.91,0.0,5.62,1,0.15
3,3.11,113.24,110,57.31,1.13,0.0,7.71,1,3.23
3,6.6,76.06,110,27.68,0.04,0.0,5.28,3,2.79
2,9.78,22.59,130,29.99,1.07,0.0,7.96,6,0.45
1,26.33,104.0,110,23.67,0.31,17.63,1.76,5,6.86
2,4.74,102.15,110,74.77,0.42,0.0,7.51,0,5.83
3,1.72,34.36,110,10.05,1.14,0.0,8.76,4,1.33
2,8.06,80.08,160,47.31,0.58,7.26,3.02,4,4.32
1,16.48,138.99,110,17.38,6.83,11.0,4.0,1,10.28
2,1.4,46.66,130,56.95,2.64,3.13,6.11,3,3.24
3,6.63,79.94,110,39.41,1.83,0.0,8.75,4,-0.58
3,0.22,79.94,130,12.41,0.02,10.24,9.12,1,0.23
1,0.41,125.4,110,49.18,0.27,10.52,5.58,1,7.74
2,7.92,127.19,110,58.5,3.88,0.0,6.75,5,10.29
2,4.25,118.71,110,31.05,1.23,0.0,8.79,0,0.75
2,22.38,67.51,110,75.07,0.12,12.79,2.7,5,4.57
3,11.06,29.36,130,41.54,4.37,21.47,8.34,3,9.13
2,7.26,65.43,110,73.69,0.9,17.51,2.99,4,9.99
2,6.29,108.37,130,59.22,1.22,2.54,6.02,0,3.43
1,8.25,111.36,110,83.89,9.16,17.03,9.38,2,26.09
3,0.5,145.45,110,56.49,0.04,0.0,5.36,3,2.85
3,26.8,78.97,130,25.78,3.19,0.0,1.39,1,0.69
2,76.55,102.22,110,79.92,7.43,0.0,9.01,0,11.81
3,2.4,90.09,110,76.56,0.16,0.0,6.06,4,6.17
1,1.54,39.58,110,92.65,5.03,0.58,1.18,1,13.48
2,1.86,79.96,130,17.95,1.35,0.0,0.6,1,5.61
2,12.98,90.83,130,60.25,5.26,2.79,2.98,6,10.18
1,13.0,143.6,110,51.79,0.92,22.66,1.64,4,16.02
2,22.6,67.65,130,67.02,10.14,0.0,6.47,2,12.47
3,16.72,147.41,130,93.32,2.6,0.0,6.17,5,10.41
1,7.17,90.5,160,55.24,2.47,0.0,8.49,3,9.3
2,11.39,51.52,110,68.29,4.1,0.0,5.38,3,3.55
2,13.99,44.92,130,39.51,1.43,0.0,2.9,1,2.47
2,8.63,38.42,110,35.41,0.75,0.0,0.98,0,2.54
3,7.75,78.88,110,38.5,0.76,10.83,0.6,6,8.34
2,12.43,22.85,110,13.28,1.0,0.0,9.29,2,-2.5
2,9.78,77.86,130,34.2,2.4,0.0,1.87,2,2.22
3,12.39,148.49,130,24.7,4.56,3.79,5.24,6,-0.14
1,11.39,107.11,130,48.88,1.73,0.0,8.05,1,6.75
2,15.24,118.77,130,49.17,1.29,0.0,9.32,5,2.23
2,12.35,35.47,130,75.04,3.95,21.6,2.42,0,12.29
2,8.8,81.5,130,52.69,0.86,0.0,2.7,5,4.73
3,13.74,57.21,110,49.36,2.92,0.0,2.21,5,-0.02
3,7.16,136.23,110,29.69,0.28,3.56,2.01,4,-2.73
2,3.32,43.57,110,82.46,0.3,0.0,4.82,5,2.59
3,0.02,79.64,110,17.74,2.58,16.02,6.54,4,7.98
1,9.85,96.45,130,93.5,0.22,0.0,7.21,1,13.4
1,10.72,86.83,130,50.47,0.42,9.66,3.61,5,6.46
2,42.93,127.93,130,25.81,2.45,8.62,6.43,6,-1.32
2,5.38,50.09,110,40.12,1.44,0.0,0.52,0,4.27
2,6.01,69.06,130,11.31,2.06,3.46,8.94,2,2.42
2,2.7,122.97,110,24.15,9.42,8.57,8.76,2,13.11
3,0.88,88.65,160,38.5,2.5,16.23,5.67,2,8.63
2,17.78,72.28,110,57.13,2.23,3.79,2.81,3,5.38
2,3.45,23.83,130,21.01,1.2,0.0,9.74,2,0.71
1,11.27,117.94,130,67.46,2.49,0.0,8.2,6,10.52
1,13.97,146.38,160,81.76,0.03,0.0,0.66,4,18.58
2,7.65,100.64,110,58.65,2.04,6.02,4.96,6,4.76
2,25.08,131.35,110,35.24,0.18,0.0,1.47,0,-6.48
3,7.04,87.19,110,20.32,0.62,4.8,1.76,2,0.4
1,4.02,50.12,110,11.32,2.07,0.0,0.51,5,7.52
1,27.16,21.88,130,72.2,2.76,0.0,7.03,1,-1.63
2,23.73,104.94,160,63.42,1.21,0.0,2.9,5,4.34
2,2.15,84.1,110,50.48,1.36,0.0,3.4,1,7.4
1,0.32,121.67,130,18.67,1.72,0.0,0.95,4,8.11
3,1.13,110.31,130,27.6,3.56,0.0,0.58,2,9.4
1,4.05,148.43,110,79.29,0.04,0.0,8.03,4,11.45
2,43.02,86.34,110,50.79,1.48,0.0,6.78,4,-0.21
2,9.81,75.53,130,91.84,0.04,0.0,4.13,4,6.13
1,5.61,57.28,160,95.0,0.96,0.0,1.16,3,12.12
2,26.35,81.99,130,78.06,1.83,38.41,7.87,2,16.31
3,7.24,133.47,110,31.95,0.21,0.0,9.3,1,0.72
2,4.54,25.52,110,29.64,1.66,0.0,5.51,5,3.53
3,34.01,147.13,130,31.56,6.46,0.0,1.82,3,-3.15
1,22.73,149.13,110,93.88,2.89,0.0,6.7,4,20.05
3,22.27,97.72,110,38.5,3.81,0.0,1.18,1,1.86
2,8.62,63.1,130,70.05,2.17,35.83,2.07,5,18.03
2,18.7,49.0,130,91.52,5.67,0.0,4.97,6,6.26
2,2.37,55.94,130,79.67,0.4,0.0,2.87,4,4.01
3,10.22,26.51,110,60.8,1.49,0.0,9.34,3,2.09
2,49.51,81.76,110,24.36,2.27,0.0,8.18,0,-0.53
1,4.13,27.45,130,24.87,5.17,0.0,3.13,4,6.99
1,18.98,113.4,130,51.86,0.92,0.0,9.66,4,5.67
3,8.09,68.35,130,90.92,0.0,0.0,4.09,5,4.4
2,0.49,45.92,160,86.88,9.16,0.0,5.9,1,8.52
3,17.28,90.83,130,24.13,0.07,0.0,5.86,1,-5.55
2,2.22,146.59,130,34.46,0.41,24.55,6.67,4,8.5
2,11.98,110.37,110,60.05,1.37,18.71,2.81,2,9.75
1,1.07,83.93,130,50.58,1.71,0.0,9.26,1,3.86
3,35.22,121.0,130,20.15,4.5,0.0,3.02,0,-5.79
2,4.14,115.87,110,41.39,1.48,0.0,6.82,0,4.97
3,3.08,135.93,130,91.15,1.98,0.0,7.77,4,8.6
2,1.66,46.61,110,90.87,0.56,7.78,8.87,1,4.68
2,35.03,131.65,130,57.55,2.11,0.0,4.84,0,0.72
2,14.93,59.13,110,64.0,1.07,37.1,7.26,3,14.81
2,16.24,142.33,110,28.86,0.26,0.0,1.31,6,-0.94
3,8.3,56.54,130,73.07,7.32,0.0,7.89,5,11.46
3,7.73,140.49,110,14.46,0.21,28.96,7.68,5,7.1
3,1.4,145.29,130,28.76,2.83,0.0,4.4,0,5.47
3,9.85,38.91,110,10.5,5.97,0.0,3.48,1,2.4
2,3.4,146.68,130,42.78,0.49,13.82,4.11,4,8.59
2,45.34,31.14,130,82.27,0.68,39.79,1.36,0,20.24
3,19.11,48.41,160,93.51,1.39,35.04,6.56,4,16.72
1,6.39,77.74,130,66.76,0.87,0.0,9.17,3,3.97
3,1.97,149.17,130,73.31,3.56,0.0,6.82,5,6.62
3,18.46,83.51,110,32.33,1.03,0.0,6.01,0,-2.85
2,1.56,91.55,110,54.23,10.64,12.14,9.91,6,13.76
3,2.52,110.28,110,72.61,4.89,0.0,5.65,4,9.23
2,2.85,145.88,130,52.27,5.64,0.0,3.79,0,6.24
2,9.77,121.84,130,17.53,0.16,4.81,7.19,5,-3.43
1,18.56,49.14,110,72.97,0.48,8.6,5.45,0,6.15
2,4.53,59.39,110,28.66,0.46,24.35,9.73,1,8.03
2,1.06,32.69,110,18.3,2.79,0.0,9.03,5,3.25
2,7.5,103.78,110,50.63,0.03,0.0,9.49,1,2.6
3,16.55,43.5,130,16.34,4.11,32.33,0.51,6,18.7
3,3.01,53.46,130,63.5,1.98,32.97,3.68,6,12.6
1,2.98,135.45,130,64.44,2.09,0.0,6.46,6,12.7
2,35.3,62.48,110,31.82,1.93,0.0,3.43,2,-1.58
3,36.99,93.66,160,91.99,1.92,0.0,6.74,1,7.36
1,55.83,71.68,110,80.08,0.55,0.0,7.29,6,2.37
1,19.78,29.62,110,19.31,0.83,0.0,6.42,1,2.11
1,2.5,67.17,130,73.62,1.67,0.0,4.85,2,5.69
2,2.86,73.05,110,40.01,2.83,0.0,7.12,6,5.29
1,4.99,136.44,110,73.77,0.79,0.0,7.91,2,14.89
3,4.6,62.18,110,78.07,4.1,0.0,7.11,0,3.53
2,37.63,69.3,130,22.87,4.16,0.0,8.21,0,1.58
2,18.67,121.78,130,66.26,0.8,6.55,9.5,0,5.76
2,15.45,118.66,130,83.33,2.05,0.0,1.47,1,6.11
2,2.47,123.78,130,37.49,1.07,20.62,9.11,6,11.55
2,28.83,143.99,110,16.83,0.53,20.74,3.1,4,3.17
3,21.11,123.42,110,12.32,4.1,0.0,5.86,5,2.11
3,2.14,72.99,110,19.35,11.91,0.0,9.45,4,12.68
2,24.59,126.8,130,10.36,2.09,0.0,6.39,5,-8.04
3,3.81,86.13,110,37.79,6.13,0.0,1.3,1,9.18
3,1.01,56.1,160,35.44,2.57,0.0,5.24,3,2.74
3,12.83,59.38,110,19.38,2.09,0.0,9.0,0,0.57
1,12.73,49.1,130,65.35,1.64,0.0,4.41,1,4.63
1,1.2,38.85,160,94.31,0.67,10.65,8.56,3,4.91
2,4.61,43.98,110,86.58,0.22,0.0,8.04,0,3.74
2,59.23,28.21,130,31.49,1.46,31.02,9.11,6,10.82
2,13.61,135.5,110,75.45,2.06,0.0,3.0,2,9.31
2,15.72,141.03,110,89.63,1.78,33.35,5.22,1,21.67
3,2.87,96.28,110,87.04,2.97,0.0,3.68,3,7.68
3,0.98,129.26,130,85.19,0.53,0.0,5.58,4,4.87
3,3.89,43.86,110,76.85,1.09,0.0,0.68,6,8.15
2,3.43,137.22,110,34.9,1.34,0.0,2.8,1,0.88
2,3.21,85.83,160,17.1,0.52,0.0,9.75,6,1.46
2,2.57,28.73,110,51.46,5.92,0.0,6.23,4,6.13
1,10.26,38.37,110,14.66,2.86,0.0,2.15,3,4.0
1,4.77,60.17,160,94.87,0.24,28.13,5.33,1,15.02
2,20.6,25.66,110,40.46,3.12,0.0,7.13,1,4.54
2,2.44,60.21,110,91.46,1.98,18.01,6.24,1,12.2
3,7.5,27.79,130,75.72,1.86,0.0,5.27,5,4.19
1,0.17,50.68,110,44.96,11.46,0.0,6.9,1,13.07
3,7.89,54.54,110,20.06,2.41,0.0,2.09,2,1.38
2,0.69,149.27,110,30.16,5.68,0.0,4.66,1,2.34
2,45.65,50.62,130,67.21,6.12,29.25,7.63,3,17.79
2,18.76,51.09,110,80.54,0.27,0.0,6.0,3,0.99
2,8.08,109.28,110,93.25,0.02,0.0,9.11,2,5.73
2,1.09,131.72,110,21.23,1.43,3.33,4.72,6,5.15
2,10.77,70.32,110,23.26,3.67,18.88,1.76,1,5.16
1,17.06,133.83,130,13.61,4.35,0.0,0.96,1,10.46
1,2.54,64.22,110,32.13,3.87,30.96,5.04,0,16.74
2,10.08,45.61,130,79.79,1.48,0.0,4.66,0,6.07
3,20.2,62.85,130,26.85,3.47,0.0,2.94,4,-4.61
2,17.55,99.22,110,56.57,3.17,2.08,6.11,2,7.45
3,19.49,67.73,110,47.94,0.94,34.21,2.88,0,9.71
2,25.38,107.48,110,37.7,0.46,26.43,2.56,3,3.68
3,33.31,50.8,110,62.56,2.43,0.0,6.41,6,6.29
3,6.24,111.13,130,52.7,2.83,0.0,9.48,3,0.17
2,10.09,65.17,130,38.45,2.1,20.47,2.43,6,7.26
2,18.77,79.26,110,68.55,0.6,0.0,2.24,3,5.32
3,14.33,92.51,130,33.8,0.81,9.92,5.43,2,-2.69
2,64.9,109.21,160,64.67,3.08,0.0,1.63,5,9.05
2,0.17,51.03,110,91.37,8.22,0.0,3.29,6,11.76
1,5.26,128.67,110,71.96,7.24,0.0,9.91,3,12.47
3,3.96,113.84,130,45.56,1.83,33.84,8.49,0,17.1
3,3.65,50.43,110,73.54,5.44,0.0,7.21,0,4.95
1,3.02,146.75,130,78.79,0.07,0.0,0.75,4,20.98
2,14.82,106.42,160,37.7,4.94,0.0,3.02,4,2.86
2,1.06,78.82,110,69.94,1.62,0.0,5.91,2,4.98
1,16.24,40.48,130,46.92,3.8,12.79,7.25,4,11.69
3,14.19,89.32,110,79.57,0.01,15.21,6.85,2,9.76
2,3.47,41.42,110,35.11,5.07,30.64,2.26,1,12.3
1,3.5,75.83,110,89.71,2.26,0.0,4.93,4,7.17
2,11.89,73.13,110,58.86,0.69,0.0,2.39,2,2.28
3,17.23,113.59,130,40.03,1.07,17.37,9.27,6,0.8
1,25.1,45.01,110,45.65,0.56,20.01,5.8,6,12.34
2,22.94,126.84,130,39.56,1.38,31.48,4.21,0,5.13
2,40.19,62.4,110,22.43,1.0,0.0,9.22,4,-2.69
1,10.45,77.72,110,15.82,1.91,0.0,9.09,4,3.45
1,28.72,120.4,110,37.35,4.22,6.42,5.29,6,14.08
2,19.84,101.3,110,48.99,10.08,8.98,7.02,6,11.44
2,27.01,60.04,110,40.75,0.72,16.4,3.53,5,1.93
3,0.14,70.21,130,11.18,0.28,28.77,3.42,2,11.46
3,40.54,59.75,110,59.22,1.26,0.0,5.72,6,3.69
3,7.7,97.32,130,22.31,0.39,0.0,8.54,1,-0.39
2,19.2,63.24,110,27.94,4.49,1.95,6.17,4,-0.58
3,1.63,114.34,130,20.26,1.74,0.0,4.86,2,6.09
2,6.05,95.37,130,54.24,2.42,8.77,6.81,1,5.15
2,3.8,38.94,110,18.09,0.41,0.0,8.22,2,1.89
1,4.14,60.33,130,31.79,3.46,0.0,7.98,1,2.72
1,1.58,48.79,110,48.4,9.08,0.0,4.02,3,11.63
2,19.66,70.74,130,24.26,1.65,0.0,9.39,4,-3.09
2,0.11,87.08,130,47.93,8.21,14.47,0.65,3,17.61
2,4.5,85.88,130,39.13,0.09,10.42,4.78,2,-0.16
2,2.3,118.09,130,83.15,0.09,0.0,9.12,3,7.51
2,10.67,44.59,130,77.57,8.05,37.84,7.11,1,22.06
2,3.52,143.04,130,94.39,3.01,0.0,7.19,0,11.89
2,3.6,64.57,110,54.96,0.52,0.0,1.99,5,5.64
3,8.04,59.03,130,58.91,1.13,0.0,6.03,3,3.39
3,12.69,109.07,110,90.46,1.77,25.84,9.69,5,9.07
2,1.55,124.72,130,43.97,3.03,26.82,2.51,2,11.86
2,2.32,69.2,130,57.23,4.61,0.0,3.61,4,2.62
2,3.41,117.09,130,42.22,0.22,0.0,4.19,3,0.2
3,43.68,134.89,130,56.4,2.67,28.11,3.92,6,14.11
2,6.07,119.68,130,16.87,1.62,0.0,6.46,3,5.23
2,10.97,24.45,110,76.62,2.28,0.0,2.73,0,5.3
1,3.32,127.56,110,93.75,1.78,4.41,5.3,2,19.17
2,8.09,120.68,130,15.59,1.5,0.0,4.3,3,0.24
2,0.92,107.01,110,78.09,0.58,0.0,6.62,4,6.1
3,0.42,118.8,130,30.55,1.6,0.0,2.8,1,-1.28
2,7.59,147.33,110,26.79,0.53,21.08,5.75,4,3.72
2,6.1,76.04,110,68.94,0.11,31.13,7.53,3,14.52
3,1.77,28.74,130,13.75,1.17,0.0,7.08,5,1.22
3,13.96,79.92,130,49.38,0.06,0.0,8.43,5,-2.52
2,59.38,26.04,110,10.12,2.07,26.56,9.58,6,12.86
2,6.04,58.25,110,57.12,0.19,0.0,8.61,3,0.22
2,11.76,96.29,110,49.28,1.44,0.0,9.41,0,-1.03
3,39.55,60.25,110,87.82,9.8,0.0,0.67,2,17.75
1,21.37,109.1,110,71.22,0.02,30.64,6.47,0,15.24
3,7.47,126.86,130,20.71,1.14,6.84,3.04,4,-1.32
2,16.05,74.66,130,40.14,2.8,0.0,8.19,2,1.67
2,1.65,137.02,110,89.18,0.43,0.0,8.28,0,7.28
1,8.61,30.38,110,71.65,2.06,22.38,0.95,3,15.32
2,3.93,129.21,130,60.51,0.75,0.0,6.16,2,4.72
2,2.11,127.71,130,57.52,0.63,0.0,8.58,1,0.44
1,6.67,61.86,110,43.84,5.63,37.72,6.08,1,20.09
2,1.69,58.83,110,59.74,0.57,0.0,4.54,4,0.97
3,14.41,59.66,110,75.59,1.18,12.58,1.23,6,11.0
2,7.31,125.48,110,20.84,0.46,0.0,7.44,0,-5.45
3,9.09,128.11,130,92.44,0.83,0.0,1.21,5,7.34
1,1.9,62.86,160,30.35,0.87,0.0,6.18,4,0.93
2,1.81,97.04,130,48.06,0.99,17.12,9.22,1,7.74
1,10.51,38.06,160,11.93,2.56,21.86,4.48,3,12.43
2,50.4,80.94,110,56.78,3.39,16.5,7.82,3,9.54
3,1.21,149.84,130,42.46,1.79,0.0,8.1,3,9.36
2,4.04,40.65,110,31.23,2.36,22.24,0.6,5,17.57
1,24.43,143.18,110,93.77,4.2,0.0,9.19,3,20.23
2,0.9,127.15,130,46.39,19.33,2.15,2.29,3,23.41
2,25.04,146.39,110,45.22,1.52,0.0,3.19,1,-2.2
2,8.92,43.35,110,49.36,6.89,0.0,8.77,2,4.4
3,6.3,47.76,130,19.87,1.69,0.0,7.02,6,2.22
3,4.45,22.19,110,43.41,3.81,0.0,4.03,5,2.08
2,4.23,114.21,130,38.59,2.13,0.0,1.33,3,7.33
2,4.38,103.73,110,49.54,5.39,0.0,4.17,5,7.13
2,25.93,43.15,130,82.81,1.49,0.0,9.68,5,4.12
1,15.44,122.85,110,26.39,2.98,0.0,1.49,5,6.95
2,13.29,58.9,130,61.66,1.57,0.0,8.54,2,3.25
2,19.24,37.55,110,13.2,4.86,0.0,3.59,6,6.38
2,3.57,74.93,130,36.93,12.95,0.0,6.72,6,12.61
2,11.55,31.83,130,50.18,0.7,7.39,6.5,3,2.32
1,7.4,54.22,110,16.31,1.61,3.24,3.59,6,2.84
2,18.3,68.27,110,56.24,0.21,0.0,1.02,4,8.37
1,4.44,130.74,110,36.38,0.38,9.63,1.91,0,7.0
1,12.37,123.03,130,94.39,6.62,0.0,5.88,2,21.26
3,25.67,77.56,130,63.63,1.96,20.62,9.51,0,9.59
1,6.17,114.19,110,30.75,1.26,14.36,9.29,1,7.13
2,0.83,93.92,130,18.73,2.78,0.0,1.58,4,6.92
1,8.71,64.31,130,13.46,2.05,24.83,8.81,6,10.85
3,5.1,114.36,110,17.72,0.85,5.08,2.72,3,1.84
2,13.39,108.85,110,67.81,0.64,19.91,9.14,3,9.82
2,36.2,100.48,130,82.67,2.23,17.64,7.71,6,14.72
2,7.98,100.33,130,23.32,0.52,30.61,9.63,1,11.77
3,7.53,108.79,110,44.18,0.37,0.0,4.7,2,-2.63
3,12.76,69.99,110,40.11,0.96,0.0,7.45,6,-4.07
2,1.31,132.98,110,64.78,4.94,0.0,7.49,6,7.31
3,3.51,41.1,130,25.53,0.09,0.0,5.21,3,2.32
3,30.16,134.91,130,91.03,4.48,0.0,9.76,2,7.62
3,13.3,64.5,110,71.93,2.43,4.31,2.81,3,4.83
2,0.16,36.25,110,91.18,0.1,0.0,9.87,6,0.18
2,2.75,98.0,110,33.58,2.3,26.9,8.22,2,16.02
2,13.78,68.88,130,59.96,1.39,18.79,6.35,0,8.73
3,17.35,126.01,110,72.24,4.6,22.78,1.22,2,22.15
2,21.98,76.0,130,70.43,5.94,8.53,2.96,1,11.57
2,4.15,106.91,130,11.81,0.84,21.22,8.49,3,7.44
2,32.09,60.07,130,94.85,3.83,29.84,7.42,4,19.52
3,9.66,47.23,130,88.89,0.93,0.0,9.65,2,2.55
3,14.31,70.45,110,20.18,0.88,19.23,4.27,4,6.31
1,10.9,98.89,130,56.2,0.53,0.0,9.0,6,4.78
3,1.57,105.4,130,36.74,2.84,30.46,8.69,2,13.37
2,39.6,95.17,130,84.71,0.76,0.0,9.68,0,4.55
3,1.57,148.45,110,69.29,1.56,30.0,3.09,4,17.96
2,3.53,109.84,110,29.0,4.18,9.85,5.2,1,8.92
2,20.16,141.1,130,12.88,3.92,0.0,1.27,4,-0.44
3,11.57,35.33,160,34.8,4.84,0.0,6.11,2,-0.16
2,21.85,27.98,130,13.24,0.44,22.48,7.46,6,6.91
3,8.7,60.43,130,22.01,2.21,0.0,2.76,1,-2.1
2,5.68,37.76,130,64.07,6.16,0.0,2.11,0,3.75
2,30.59,88.36,110,73.33,0.11,0.0,6.58,4,5.66
2,0.44,87.47,130,49.78,3.96,12.25,4.23,1,7.44
2,23.27,94.76,130,61.02,0.71,0.0,4.55,4,-0.27
2,3.15,116.88,130,23.25,2.77,0.0,4.98,0,3.06
1,22.66,146.27,160,36.93,3.16,0.0,5.36,0,5.81
2,1.8,134.17,110,70.6,6.5,0.0,2.36,0,9.53
1,10.42,35.39,110,41.02,1.78,14.28,5.99,6,8.16
3,26.28,64.01,160,39.65,4.71,0.0,1.16,0,3.77
3,7.7,53.26,110,26.49,0.12,0.0,1.58,1,4.11
2,16.47,42.99,130,60.56,1.36,17.95,7.26,1,8.42
3,19.6,90.81,130,78.81,1.45,12.55,7.45,5,5.92
2,16.0,91.92,110,49.9,1.93,32.39,3.03,0,10.82
2,31.14,49.54,130,19.82,1.64,0.0,2.25,6,-0.72
3,7.11,112.55,110,81.26,8.6,0.0,1.01,5,15.32
3,2.28,115.28,130,16.07,0.2,37.33,4.48,5,10.13
2,0.59,22.73,110,50.1,0.77,0.0,5.34,2,4.3
3,3.4,71.45,130,32.19,8.65,29.67,9.04,1,16.93
2,1.85,135.72,130,89.59,1.47,0.0,0.52,0,16.57
3,9.8,87.64,110,72.69,2.12,0.0,4.36,1,6.78
1,2.45,65.19,130,58.14,0.21,32.1,4.48,4,14.1
2,0.48,52.98,160,66.76,0.84,0.0,8.92,6,4.3
2,0.44,51.64,130,55.28,0.1,0.0,2.36,2,3.22
2,21.37,32.97,160,22.55,0.37,0.0,1.13,5,-0.34
1,10.74,126.24,110,70.27,2.51,0.0,4.13,0,14.37
3,5.32,31.27,130,51.88,3.61,0.0,6.32,2,4.69
1,26.96,58.0,110,63.92,5.1,2.67,8.65,5,5.16
2,0.87,25.94,160,13.84,0.72,29.99,3.06,1,11.67
2,47.14,121.58,110,22.07,1.01,0.0,2.89,1,-7.68
2,11.49,25.11,110,60.1,2.11,0.0,3.6,6,3.67
2,2.43,60.08,110,49.05,0.22,22.57,1.62,4,9.46
2,13.64,94.53,110,29.28,4.11,0.0,9.78,0,-0.56
1,17.3,73.24,160,30.46,1.65,0.0,5.64,0,0.73
1,6.73,56.7,110,63.69,8.42,0.0,3.09,3,12.22
2,23.73,55.77,160,15.01,0.31,0.0,3.94,5,-2.24
3,1.96,123.71,110,46.91,0.36,0.0,8.73,4,1.76
3,3.92,146.62,130,54.46,1.07,9.06,6.9,6,5.84
1,1.18,65.25,130,36.19,0.58,0.0,5.76,5,2.17
2,2.84,25.09,110,79.75,2.98,4.34,7.39,6,7.73
1,3.27,24.75,110,14.83,7.33,17.03,7.68,2,11.32
1,29.96,118.7,110,83.59,0.24,0.0,2.35,6,9.02
2,0.98,91.81,110,71.48,0.69,37.81,2.01,0,14.87
2,6.69,121.87,110,47.93,0.68,0.0,9.68,3,-2.44
1,9.12,110.67,110,88.58,1.78,7.72,2.26,5,14.31
2,27.48,137.98,110,69.69,1.5,0.0,4.92,5,8.59
1,72.88,135.16,130,89.14,3.24,19.24,9.84,2,21.23
3,16.8,122.48,110,50.17,3.3,3.68,4.46,1,5.66
3,42.4,81.77,130,48.5,2.13,0.0,5.39,1,-1.0
1,18.56,60.06,160,55.11,2.24,0.0,8.08,4,5.0
2,39.63,85.91,110,15.56,4.62,0.0,3.73,1,0.84
3,14.74,85.27,110,87.22,1.26,0.0,4.59,6,3.07
3,1.0,99.34,110,66.76,0.03,17.88,3.66,1,7.44
2,6.17,44.19,110,62.49,0.6,0.0,3.23,3,1.08
1,12.48,105.23,130,88.75,0.09,25.87,4.98,2,21.57
1,5.18,79.36,110,94.46,1.25,0.0,7.59,5,16.26
2,3.83,100.63,110,23.89,1.11,0.0,8.74,2,1.6
2,10.34,51.15,110,73.66,0.26,24.97,4.97,3,10.49
1,32.53,76.47,130,59.3,3.52,36.78,3.55,2,18.44
2,0.43,47.33,130,49.18,2.01,0.0,9.16,5,6.37
1,17.6,133.79,160,93.1,0.64,0.0,3.69,2,15.55
3,15.39,83.43,160,82.27,3.56,0.0,7.86,4,4.93
2,39.88,49.25,110,69.22,2.76,0.0,7.61,0,4.03
1,32.03,25.36,110,42.53,0.53,20.15,0.97,2,16.06
2,17.24,107.85,110,66.61,10.17,0.0,2.19,2,12.51
2,8.82,47.9,130,55.19,0.49,20.29,5.94,2,8.63
3,2.74,148.65,130,31.2,3.69,0.0,8.74,1,-0.53
2,9.46,89.38,110,48.28,8.63,0.0,6.14,3,9.36
2,17.4,57.57,110,28.04,3.23,0.0,7.56,4,-0.79
3,27.12,105.5,110,52.54,2.74,0.0,7.48,5,6.04
2,18.71,55.78,130,71.22,5.84,0.8,5.2,1,9.41
3,2.61,126.64,160,13.11,0.78,0.63,5.83,3,1.47
2,10.99,60.07,110,75.06,0.81,0.0,1.18,4,5.59
2,4.84,148.47,110,11.7,2.56,0.0,9.31,5,2.9
1,0.11,98.67,110,53.97,5.35,28.65,6.91,1,17.03
2,2.68,129.77,130,58.75,2.4,0.0,1.97,4,6.3
3,1.44,29.47,160,74.71,9.44,21.56,2.82,2,18.86
3,22.2,65.28,110,74.69,0.63,0.0,0.54,5,8.33
2,3.59,115.87,110,45.48,4.37,0.0,3.01,1,6.31
2,4.02,105.16,110,15.64,6.55,0.0,3.51,1,5.59
3,38.61,45.25,130,68.95,1.39,26.62,6.99,0,11.42
3,5.72,66.31,130,53.43,8.17,6.23,5.03,2,9.11
1,0.12,54.25,130,38.31,0.56,0.0,8.51,2,0.76
2,4.01,99.74,160,29.96,7.64,0.0,1.32,1,15.23
2,1.52,64.79,110,20.18,5.83,34.51,7.22,1,18.32
3,1.3,60.18,130,35.09,0.17,0.0,8.81,5,1.55
1,0.97,46.96,110,48.97,1.84,18.74,4.5,3,10.08
2,10.79,73.17,110,50.6,1.88,0.0,3.24,0,3.44
3,2.52,45.42,130,59.53,0.15,29.43,4.73,1,11.51
1,5.38,145.13,160,40.81,0.1,0.0,7.99,5,3.47
2,23.77,40.09,130,88.19,0.01,0.0,9.23,4,3.33
2,6.63,138.73,130,52.15,1.86,0.0,1.12,6,6.8
2,29.68,75.7,130,46.02,1.56,27.02,5.52,6,4.25
2,8.27,69.12,110,14.09,7.05,0.0,6.58,3,5.1
2,6.11,50.07,130,60.92,1.05,13.84,0.67,1,14.83
1,16.65,102.65,130,61.24,2.68,0.0,2.22,2,7.05
2,0.91,109.12,130,59.58,0.02,6.29,1.09,0,10.28
3,1.12,80.78,130,85.45,2.72,0.83,3.26,3,7.06
3,12.67,27.24,130,74.85,6.12,0.0,2.45,4,9.96
1,8.01,139.41,130,83.73,1.1,32.97,5.12,3,29.87
1,18.75,147.44,110,15.05,0.94,0.62,6.73,0,2.97
2,29.76,76.04,130,37.04,2.46,0.0,8.5,0,-2.0
2,5.9,99.78,130,37.09,1.0,32.27,3.39,3,8.41
2,10.89,78.54,110,65.85,1.29,12.23,0.98,4,14.07
2,8.33,61.84,130,48.13,0.8,0.0,0.54,3,7.52
1,47.95,30.05,110,76.09,1.06,0.0,8.52,6,2.99
1,21.34,79.29,110,42.68,2.84,0.0,8.84,6,5.83
2,29.13,126.39,130,28.84,6.39,0.0,1.46,2,-1.03
2,3.52,22.21,160,34.73,2.19,0.0,0.6,6,6.82
1,17.77,95.67,110,25.51,0.03,35.26,8.1,3,10.81
2,3.7,134.5,130,26.82,0.77,0.0,6.59,1,2.14
2,2.81,48.28,130,28.43,7.6,28.32,5.78,1,17.05
3,34.65,43.82,130,11.37,6.03,0.0,5.57,4,5.65
3,0.23,120.4,130,70.87,0.31,0.0,7.85,1,3.66
2,40.36,53.16,130,43.97,5.98,0.0,3.29,1,3.95
2,1.94,44.96,130,11.93,8.35,18.89,4.2,6,15.05
2,20.54,69.14,130,41.45,0.98,18.11,1.24,5,9.86
2,3.87,71.03,110,86.96,3.02,0.0,5.88,3,9.6
2,5.18,133.63,110,53.46,2.05,0.0,9.63,3,4.59
3,2.93,100.4,110,93.87,1.03,27.85,3.2,0,15.35
2,10.57,72.77,130,55.9,0.42,0.0,9.33,5,4.95
3,5.13,89.47,110,91.84,1.14,22.34,7.43,6,10.02
2,12.85,144.02,110,27.15,6.57,0.0,2.72,1,4.24
1,0.19,34.72,130,34.64,4.17,27.0,6.8,1,13.61
3,0.8,47.0,130,69.5,1.0,7.58,3.98,5,7.69
2,1.26,145.13,130,93.88,1.98,0.0,1.66,5,13.03
2,6.52,144.45,110,80.15,1.3,0.97,1.38,6,7.11
2,20.24,43.03,110,57.06,1.57,4.87,0.66,6,8.83
1,26.29,38.86,110,17.24,3.58,0.0,8.08,0,6.61
3,3.37,74.74,110,40.97,1.96,8.89,8.91,0,7.52
1,10.25,26.46,110,17.35,0.5,13.11,5.08,6,3.15
3,17.55,105.14,110,36.46,0.78,0.0,5.44,4,-5.68
3,4.09,30.07,110,32.0,2.1,0.0,7.07,6,2.43
3,6.31,27.54,130,43.03,2.95,0.0,7.16,0,1.27
2,8.91,83.07,110,81.17,1.77,0.0,3.58,0,5.06
2,1.74,144.51,110,22.78,2.42,0.0,2.01,1,2.29
3,0.32,75.48,130,36.02,3.89,22.11,4.59,2,10.99
2,1.99,66.34,130,32.19,1.97,4.22,7.12,4,8.53
2,11.83,149.73,130,35.17,9.45,9.73,8.14,4,10.1
2,0.92,89.16,110,40.65,0.67,0.0,1.35,5,3.14
2,2.52,68.78,160,30.77,6.3,0.0,6.09,3,7.87
2,4.95,70.16,160,90.12,0.71,0.0,1.01,4,8.33
2,0.97,45.34,130,45.71,1.9,21.84,8.34,0,8.43
2,2.55,86.59,110,19.7,1.52,0.0,6.83,4,1.33
3,29.07,77.05,110,49.75,1.17,0.0,7.12,4,-3.12
2,0.23,55.2,130,25.68,8.22,29.95,7.74,3,19.89
3,12.72,40.87,130,28.37,0.79,12.68,5.21,3,3.32
2,5.82,60.46,160,34.23,2.81,32.48,3.34,4,10.99
3,13.4,86.13,130,20.6,4.07,0.0,7.96,1,1.5
2,10.66,27.58,160,71.3,0.55,0.0,7.89,0,3.33
3,3.04,39.99,130,77.32,9.04,0.0,1.78,0,8.88
1,22.54,143.2,160,43.51,1.98,19.04,9.08,0,11.36
3,8.13,90.57,110,68.56,6.15,0.0,2.6,6,7.84
1,20.75,28.25,110,43.06,2.73,25.12,3.41,3,12.78
3,6.25,110.1,130,23.95,2.62,0.0,2.55,6,1.63
3,50.15,28.03,130,43.76,1.06,31.56,9.67,0,10.43
2,17.66,116.05,110,57.34,3.68,0.0,3.34,1,3.66
2,40.56,117.5,130,13.48,0.08,0.0,9.73,0,-5.52
3,8.67,104.64,130,65.63,2.03,0.0,6.56,3,2.22
2,7.7,115.19,110,73.12,0.08,0.0,2.18,6,7.15
3,16.9,31.44,130,83.1,0.92,0.0,5.76,6,4.25
1,25.47,114.48,160,18.74,0.25,0.0,8.88,1,-1.22
1,39.94,37.77,130,10.01,6.06,0.0,5.84,4,6.85
3,4.71,64.14,130,16.23,2.47,0.0,1.76,2,6.27
2,19.24,142.56,110,88.55,2.76,0.0,3.23,6,11.57
3,2.84,85.37,130,75.07,4.76,0.0,2.64,1,3.63
2,9.46,145.77,160,81.01,3.3,0.0,1.7,3,11.1
2,2.38,31.56,110,53.95,0.33,2.48,3.61,6,3.56
2,5.12,82.08,110,54.77,2.4,0.0,6.78,6,7.62
2,32.15,28.11,130,35.37,9.56,0.0,4.13,5,7.7
2,1.9,101.93,160,81.63,0.6,15.26,4.72,1,7.33
2,12.01,30.23,110,80.53,2.42,0.0,3.55,1,8.16
2,10.79,42.8,110,43.33,2.07,0.0,9.95,3,-0.39
2,1.54,53.65,110,37.99,1.24,35.36,6.07,6,17.14
3,4.73,117.34,110,72.76,7.73,0.0,8.42,2,10.16
2,9.93,41.32,130,12.22,1.1,0.0,4.69,4,-0.49
2,2.49,130.06,160,83.1,0.25,8.21,2.1,3,7.96
2,19.35,37.15,110,47.93,8.21,35.63,8.54,4,17.53
2,42.97,24.58,130,47.51,3.27,0.0,7.75,4,5.68
3,2.9,71.36,130,66.87,1.05,0.0,3.63,5,4.46
2,2.48,147.33,110,64.89,0.82,0.0,6.26,6,5.28
1,7.28,34.34,130,32.61,6.58,0.0,1.39,6,11.51
1,16.53,33.22,130,90.18,0.8,0.0,0.75,0,8.12
2,3.97,117.65,110,93.84,1.93,0.0,8.25,1,8.92
3,0.24,60.58,110,54.71,0.61,0.0,9.45,2,1.72
1,9.35,113.25,130,57.72,13.36,13.28,3.77,4,22.1
3,37.65,46.0,110,57.12,3.67,0.0,6.18,5,2.64
2,5.96,79.81,110,51.29,2.1,0.0,7.31,6,-0.08
2,6.54,54.49,160,90.34,3.42,28.65,7.59,4,14.54
3,41.65,78.7,130,30.8,6.2,0.0,5.07,1,5.03
2,14.23,119.98,130,19.18,8.25,31.39,6.33,0,11.82
2,15.24,119.06,110,89.01,3.85,0.0,6.74,0,10.22
1,9.93,87.05,160,28.11,4.73,0.0,1.48,2,8.29
1,44.08,140.69,130,73.68,1.27,3.91,6.63,0,12.96
2,14.01,54.29,130,27.33,1.24,0.0,5.35,2,-0.28
1,27.05,51.24,110,91.62,4.13,0.0,4.1,2,9.42
2,14.42,99.79,110,77.25,3.56,21.31,2.99,5,17.11
2,15.94,100.77,130,88.09,5.78,0.0,6.56,5,12.23
2,4.12,26.05,130,90.83,0.36,0.0,2.08,5,-0.89
1,4.34,99.01,130,17.18,2.93,5.69,8.2,4,7.8
2,18.33,68.68,110,46.84,2.61,27.9,2.13,2,8.34
2,4.22,117.17,160,65.09,4.01,0.0,7.83,6,4.03
3,9.93,125.05,160,78.21,0.06,0.0,8.27,3,4.58
1,3.44,91.78,130,30.53,4.38,0.0,9.43,5,5.25
3,20.38,20.22,110,87.74,0.99,0.0,4.9,2,4.96
2,1.41,102.73,130,28.78,2.9,0.0,1.11,6,9.4
2,21.22,117.35,130,83.62,2.4,0.0,6.94,2,6.26
2,11.08,52.37,130,53.58,1.45,0.0,3.18,3,4.48
1,2.48,80.4,130,53.81,3.43,19.25,1.38,1,14.76
1,9.37,145.54,110,41.79,8.12,0.0,8.63,5,8.85
2,3.98,58.76,130,18.8,0.98,33.0,1.83,0,12.18
2,4.69,49.01,110,39.5,3.45,37.84,5.31,0,14.65
3,5.2,47.41,160,46.27,0.94,23.86,7.99,0,8.23
2,0.78,92.64,110,50.72,4.67,0.0,2.39,1,10.35
1,51.19,143.47,110,72.82,1.44,29.55,9.02,5,22.75
3,0.38,99.13,130,39.93,1.49,0.0,3.65,6,3.26
2,13.03,59.43,110,44.56,3.69,0.0,4.27,3,-1.3
2,5.57,103.01,130,87.02,1.71,0.0,1.75,0,6.98
2,12.46,101.23,110,73.97,0.78,0.0,6.62,5,5.79
3,5.29,97.6,130,11.94,13.53,0.0,5.21,6,11.9
3,13.44,40.73,130,79.03,2.42,0.0,9.75,0,2.16
2,15.68,102.49,110,94.15,2.59,0.0,7.13,2,10.73
2,14.08,75.92,160,89.88,2.6,5.32,7.71,1,8.92
3,1.45,22.42,110,81.06,5.37,11.48,2.39,0,14.18
2,12.84,90.17,110,63.48,0.51,0.0,7.27,1,4.48
1,3.94,148.6,110,33.65,0.15,0.0,5.8,6,0.67
2,0.35,65.47,130,65.63,1.22,18.97,4.34,0,10.14
2,6.43,145.52,110,69.13,2.08,37.16,7.94,0,17.67
2,6.82,32.51,110,33.93,0.84,0.0,9.8,0,3.11
2,7.55,115.22,160,31.7,2.92,31.12,1.4,3,12.94
2,14.64,34.86,110,43.74,0.19,6.58,7.99,2,2.92
1,4.43,55.56,110,64.5,3.91,0.0,9.24,3,9.18
3,4.54,94.21,110,34.91,3.17,20.53,3.49,6,9.61
2,0.75,97.06,110,57.23,0.6,0.54,3.95,1,3.82
2,13.93,120.78,110,86.44,0.89,34.81,8.05,2,19.77
2,10.07,99.99,110,35.08,4.11,31.11,9.56,6,14.66
2,5.16,97.17,110,92.11,3.71,0.0,9.42,4,9.65
1,14.66,138.61,110,50.23,4.2,33.96,1.03,3,23.99
1,9.25,78.78,110,18.58,0.97,0.0,8.78,2,2.6
3,7.6,49.28,130,14.68,8.73,0.0,6.07,0,7.65
3,8.59,41.03,130,38.79,3.14,2.21,4.5,6,-0.19
2,12.14,72.0,110,31.99,0.17,19.17,8.53,5,-0.76
1,12.95,112.66,160,81.72,1.62,31.36,8.1,0,24.23
2,4.09,25.53,130,72.7,2.73,0.0,5.34,6,4.44
3,1.82,36.78,160,85.19,0.46,0.0,4.4,3,2.55
3,2.04,33.79,110,60.09,5.8,7.4,4.99,2,11.63
1,12.24,96.08,130,47.01,3.51,0.0,3.52,5,8.55
1,24.75,51.57,110,33.0,0.21,34.14,6.96,3,15.68
3,6.32,41.61,130,59.56,6.11,29.49,8.97,4,18.72
2,2.23,97.06,110,62.53,1.3,0.0,2.88,1,4.36
2,16.96,118.97,110,43.4,1.51,0.0,8.34,3,-4.27
1,21.44,63.18,110,89.61,3.82,0.0,3.93,5,13.82
2,25.5,95.17,130,64.4,2.58,18.41,1.75,1,12.47
3,11.2,32.76,130,81.19,1.44,0.0,0.88,5,5.69
3,23.66,141.57,110,62.73,0.75,26.98,5.05,2,14.19
2,0.19,63.8,110,36.91,1.82,6.8,5.9,6,1.24
2,1.36,149.68,160,72.61,2.16,0.0,0.56,5,12.07
1,1.17,147.22,130,29.57,2.49,0.0,6.7,5,3.42
2,14.96,121.25,130,60.71,2.32,11.96,5.43,6,8.48
2,0.87,22.61,130,44.2,2.4,0.0,9.98,4,6.62
2,8.23,90.65,110,22.74,1.61,0.0,1.49,6,1.43
2,7.68,31.29,110,45.13,2.06,6.51,7.2,3,1.47
2,4.47,136.37,110,36.37,0.85,7.79,2.56,2,4.95
1,24.52,122.65,110,19.54,0.43,0.0,2.46,6,3.0
2,2.24,146.4,130,80.03,2.33,6.33,0.68,5,12.56
1,5.21,99.09,110,52.38,0.12,0.0,0.56,5,10.23
1,17.86,87.88,110,39.44,0.17,37.97,2.27,5,14.75
3,0.37,87.47,110,52.92,0.71,35.84,2.17,3,15.03
2,13.41,70.24,110,74.14,0.54,0.0,0.5,5,6.96
2,20.34,80.93,130,11.56,1.17,34.59,7.31,0,7.63
3,32.31,102.6,110,56.47,1.16,38.16,5.28,2,15.87
3,25.08,141.28,110,50.73,0.31,0.0,4.26,4,-0.38
2,4.62,97.46,130,85.91,0.71,0.0,1.49,5,11.44
3,10.59,131.43,110,57.26,0.01,39.9,3.67,2,16.95
2,0.97,132.16,110,21.67,1.08,0.0,4.97,5,3.49
2,3.58,87.45,130,43.04,3.98,0.0,9.98,4,4.55
2,1.19,65.17,110,62.79,0.77,0.0,5.35,0,3.08
2,4.54,103.14,130,13.9,2.58,0.0,0.69,5,5.63
2,24.97,77.96,130,85.2,0.26,0.0,2.47,0,2.87
2,5.12,30.59,110,15.76,0.03,2.71,3.87,1,-2.28
1,9.9,69.12,110,12.6,1.72,35.72,4.83,1,15.04
2,6.82,149.23,160,10.17,1.55,0.0,6.91,0,3.08
1,7.37,26.31,110,68.12,0.53,0.0,6.11,0,4.1
2,41.91,110.57,160,48.75,0.84,37.6,5.34,1,12.28
2,4.21,129.35,110,18.74,0.08,34.69,8.46,1,14.23
3,11.84,104.33,130,82.78,4.0,14.46,2.36,1,13.2
3,6.54,94.07,130,27.23,0.9,0.0,1.24,2,0.53
3,0.76,111.98,130,37.74,0.62,0.0,8.46,0,2.13
2,8.06,75.81,110,25.11,4.08,36.08,4.89,3,13.76
3,20.14,31.88,110,88.77,0.1,23.8,5.76,4,11.24
2,1.25,145.11,110,74.44,0.84,38.33,8.46,4,17.22
1,0.87,76.2,160,71.54,0.76,32.38,9.49,4,17.44
1,2.0,106.5,110,13.74,0.76,0.0,5.74,4,1.2
2,17.35,89.07,160,54.43,0.03,0.0,8.22,1,5.59
2,15.45,27.11,110,58.91,6.82,0.0,5.68,1,5.47
2,9.99,143.86,110,42.51,4.99,0.0,0.82,6,11.12
3,7.58,123.03,110,37.35,1.34,23.19,9.58,0,9.76
1,26.31,39.38,130,82.42,1.47,32.04,8.27,1,15.89
1,17.47,147.61,130,11.96,1.86,0.0,7.66,4,3.11
3,20.05,115.8,110,63.16,1.63,0.0,4.7,6,3.38
1,20.14,81.4,160,43.51,3.78,12.61,9.45,2,10.65
2,12.35,99.48,110,66.61,1.68,0.0,5.15,6,6.37
2,7.35,33.88,130,26.82,0.52,10.91,7.35,5,7.44
2,24.0,92.85,130,30.29,0.31,26.51,1.46,2,8.23
1,31.25,29.58,110,59.88,6.26,0.0,2.58,3,8.32
1,0.29,90.83,110,93.29,0.12,0.0,4.53,0,13.66
1,0.64,91.85,110,92.85,5.7,13.08,6.02,2,18.15
2,38.26,133.68,110,31.16,2.93,35.01,8.15,2,6.56
2,3.89,114.26,160,18.7,1.3,0.0,2.79,2,1.8
2,24.8,52.44,160,60.18,0.52,0.0,7.86,4,-0.16
2,5.91,135.5,130,45.7,0.93,0.0,8.95,4,0.28
3,1.52,94.52,130,74.74,1.89,7.11,8.28,6,3.55
1,1.01,98.83,110,54.88,2.67,0.0,6.41,3,4.59
2,2.04,41.97,110,53.4,2.94,7.37,8.19,1,5.93
2,3.45,131.51,130,64.95,1.48,23.26,8.84,1,11.78
2,8.05,141.03,130,20.75,1.17,0.0,5.77,1,0.15
2,14.51,120.75,130,67.56,3.66,0.0,8.2,6,8.17
2,51.57,142.3,130,51.52,6.49,0.0,4.5,2,10.08
3,6.99,59.3,110,79.71,6.15,0.0,5.46,1,6.89
3,8.76,131.95,110,21.79,2.01,0.0,1.0,5,5.92
2,8.85,83.56,130,35.56,0.21,0.0,8.89,1,-0.58
3,9.3,41.31,110,90.77,0.19,0.0,1.83,4,2.85
2,8.75,106.94,130,57.01,1.29,0.0,3.12,4,4.35
2,0.11,108.94,110,88.99,3.3,0.0,3.52,1,8.77
2,0.02,57.3,110,68.57,1.72,22.32,1.6,4,15.7
1,1.23,23.57,110,88.75,2.47,0.0,9.26,4,7.29
3,1.29,45.98,130,37.02,4.63,6.38,9.72,2,6.48
2,14.65,71.97,130,17.7,0.1,0.0,8.72,3,-3.75
2,2.75,41.78,110,78.19,6.44,0.0,3.79,4,7.43
3,27.01,45.22,110,78.38,1.0,38.91,1.02,3,24.75
1,31.67,70.88,130,62.6,0.12,0.0,2.24,6,3.68
2,44.7,145.03,110,59.26,4.51,1.94,7.83,6,11.35
1,33.58,119.35,110,87.77,6.8,19.07,3.22,5,31.42
3,3.81,61.57,110,25.0,3.66,0.0,8.98,0,4.52
3,8.55,143.71,110,62.41,4.08,0.0,8.43,1,3.33
2,2.32,103.93,130,14.23,5.13,26.6,2.75,6,17.66
2,19.69,79.21,110,21.97,1.85,7.09,7.09,3,-1.63
2,26.32,80.88,110,47.17,2.85,0.0,4.7,3,-2.52
3,22.87,73.4,110,79.8,0.84,25.02,2.54,0,15.33
2,6.82,50.29,110,72.32,0.72,14.6,6.11,1,5.1
2,17.06,70.26,160,92.8,2.35,15.24,8.45,5,14.64
3,1.23,88.63,110,13.81,3.32,33.74,9.3,1,14.79
2,0.49,88.64,130,42.41,1.27,0.0,1.06,6,2.59
1,16.79,119.03,110,23.5,1.28,26.21,4.48,1,13.39
2,6.65,66.64,130,13.14,7.71,33.97,6.24,5,13.22
3,64.98,113.18,160,32.47,1.83,0.0,3.71,4,-5.15
2,1.23,95.15,110,30.78,10.72,0.0,3.52,2,8.21
1,23.22,145.04,130,45.7,4.97,0.0,7.83,2,9.03
2,7.85,70.09,110,21.91,2.55,0.0,7.93,4,1.9
2,21.06,137.16,110,51.53,0.02,33.11,7.42,1,15.23
1,20.39,126.68,110,88.21,0.88,0.0,9.04,5,14.77
2,29.72,102.9,110,73.6,1.35,33.31,5.2,0,18.98
3,4.24,105.09,110,81.59,2.64,0.0,7.98,4,5.88
2,35.9,31.0,110,78.4,1.26,0.0,0.61,6,7.73
2,1.97,143.53,110,43.12,4.4,0.0,9.88,4,7.07
2,1.03,33.9,130,70.26,2.72,22.69,9.23,5,10.54
1,6.78,93.22,110,74.11,1.07,0.0,8.49,5,10.04
3,21.15,62.91,110,27.48,3.84,13.83,6.08,5,4.9
2,7.7,75.88,110,83.12,0.9,8.06,5.67,3,8.78
2,21.21,99.32,110,48.91,0.16,0.0,1.93,6,-4.43
2,15.7,138.15,110,11.39,0.47,0.0,1.01,5,0.9
2,2.82,79.48,110,64.69,0.01,0.0,2.93,4,3.76
2,35.68,148.4,130,67.52,4.46,32.69,1.93,6,17.01
1,0.75,97.07,110,56.9,2.47,0.0,5.83,6,4.23
3,27.43,40.87,130,28.06,2.11,0.0,3.66,6,-1.54
3,4.36,44.7,110,50.99,2.71,4.32,4.18,1,4.55
2,8.32,113.09,110,44.01,2.65,0.0,0.75,4,9.42
3,6.59,26.55,110,92.85,2.08,0.0,5.71,2,4.02
1,2.26,82.44,160,80.1,4.62,39.95,6.73,2,27.02
2,5.32,39.27,130,74.76,1.45,0.0,3.68,6,6.09
2,2.57,76.32,110,25.39,4.08,0.0,1.75,4,8.28
2,2.74,117.49,110,38.14,3.86,2.69,7.19,0,4.17
2,2.49,79.65,110,42.28,0.56,27.94,1.73,3,15.03
2,8.06,41.25,110,51.87,1.51,0.0,8.26,5,2.57
1,19.19,52.75,130,12.57,4.5,0.0,5.69,4,3.64
2,10.1,67.78,130,60.41,4.44,19.32,2.76,1,12.44
1,26.84,29.04,110,40.42,0.06,13.21,9.04,0,4.19
3,12.15,95.96,110,57.74,0.63,0.0,1.85,1,3.11
2,14.03,98.98,130,10.76,1.38,0.0,6.21,1,-2.88
1,13.22,28.08,130,37.32,0.12,0.0,6.37,5,3.23
2,7.16,72.3,130,75.34,0.75,0.0,0.85,3,12.1
2,14.03,73.82,110,52.59,0.75,28.93,6.29,3,11.61
3,0.87,63.4,130,77.06,0.6,0.0,7.1,2,-0.23
2,23.58,92.51,110,69.41,1.26,0.0,9.15,1,5.8
2,18.05,64.97,110,82.67,4.19,0.0,7.23,6,9.15
3,3.38,74.13,130,10.63,0.7,0.0,5.1,4,1.52
2,17.53,123.68,130,32.21,2.18,0.0,8.61,6,-5.08
1,0.15,41.07,110,56.65,2.04,37.22,3.86,1,15.45
2,2.94,100.48,130,89.99,4.26,0.0,8.63,2,10.09
3,0.81,85.73,130,67.78,1.25,8.47,8.52,1,4.88
2,18.18,59.66,110,48.81,0.63,32.7,6.23,3,7.2
2,16.92,114.58,130,21.06,5.55,16.02,3.77,2,10.83
1,20.16,91.65,130,51.92,4.47,0.0,6.12,0,6.23
1,0.05,82.06,130,47.49,2.43,0.0,9.11,6,7.71
2,8.35,106.8,110,76.17,0.24,0.0,6.55,1,5.43
2,14.64,124.3,110,45.13,0.04,0.0,8.48,6,-1.16
1,2.03,146.45,130,37.1,0.5,0.0,3.77,1,6.06
3,12.59,101.82,110,17.63,0.55,0.0,3.28,5,-4.41
3,1.05,133.68,110,13.95,0.37,0.0,2.93,3,-0.06
2,2.4,20.14,130,47.33,0.76,0.0,5.17,0,2.05
3,7.75,88.93,130,39.48,1.03,0.0,4.6,1,-4.25
1,12.72,47.9,110,57.2,3.51,0.0,8.62,1,9.15
2,1.89,32.25,110,70.51,3.09,0.0,1.57,0,6.19
2,2.46,89.16,130,13.4,0.28,4.45,5.76,5,0.11
3,2.74,117.09,110,52.18,9.44,0.0,4.33,3,13.24
3,3.27,73.6,110,83.27,3.49,21.63,9.41,6,13.59
2,3.08,107.11,110,48.69,0.45,0.0,7.99,4,0.96
3,6.03,83.66,130,54.31,0.33,15.75,4.62,0,8.97
1,12.73,76.82,110,51.38,0.23,0.0,6.59,3,-1.33
3,6.92,57.73,130,43.13,3.29,4.4,7.58,5,4.16
3,17.95,69.74,130,19.36,0.67,0.0,1.18,1,2.1
1,15.24,65.47,110,20.74,0.19,6.83,6.9,0,1.43
3,1.62,104.0,110,25.22,1.37,0.0,1.83,6,-0.11
1,0.6,35.08,110,77.37,3.08,3.91,2.3,3,8.25
2,25.24,32.04,110,33.4,0.91,0.0,4.88,1,-2.28
2,1.0,105.8,110,90.59,1.65,0.0,9.8,2,12.05
2,1.93,91.02,130,78.86,0.54,0.0,9.55,3,3.43
3,0.27,75.93,110,68.19,1.4,34.11,9.07,3,14.64
2,11.88,39.82,130,71.23,1.11,0.0,0.83,3,8.29
2,10.48,73.43,130,14.05,1.42,0.0,8.6,1,-5.21
3,52.03,122.67,110,58.31,1.57,35.63,7.87,5,16.22
3,26.16,135.65,110,89.99,0.24,0.0,5.24,4,7.47
1,6.35,111.33,130,13.32,0.25,0.0,3.59,4,0.48
3,5.57,27.79,130,34.74,0.75,37.37,7.68,2,10.05
1,4.23,107.15,160,14.38,0.31,0.0,1.52,0,1.81
3,1.98,51.33,110,58.43,0.73,8.78,6.68,6,0.84
2,1.78,60.98,160,19.88,0.06,0.0,6.88,2,-0.3
1,1.7,45.46,110,50.74,1.08,0.0,5.76,0,5.09
2,1.45,120.85,110,71.2,0.6,0.0,8.84,6,3.72
2,3.3,104.32,110,23.98,5.57,30.92,3.63,0,18.32
2,4.39,99.54,110,74.21,4.88,25.97,5.04,2,14.89
1,39.11,106.84,130,15.12,0.89,0.0,7.71,2,5.13
2,10.37,50.78,110,22.72,1.61,0.0,7.31,3,1.0
3,52.68,77.8,130,33.81,7.8,26.7,5.84,1,11.46
2,5.59,102.32,130,77.67,1.86,17.23,3.09,4,9.57
2,7.34,102.76,160,82.26,4.72,0.0,3.3,0,8.52
2,4.71,122.94,110,28.73,4.38,0.0,7.54,0,5.81
1,2.42,57.32,130,18.14,7.09,11.11,0.55,3,19.28
3,1.85,120.14,110,82.08,0.91,1.4,6.7,4,0.92
3,34.82,77.22,130,65.2,0.11,0.0,2.86,1,4.11
2,51.94,107.12,130,23.42,0.27,0.0,6.89,3,-5.83
2,0.55,79.24,110,57.41,2.12,29.13,2.28,5,11.93
3,1.96,143.32,110,84.15,1.89,0.0,4.08,1,1.46
2,6.61,43.31,130,15.91,0.89,0.0,7.66,5,-0.72
3,2.47,107.75,130,17.12,0.71,10.57,7.67,0,5.05
2,5.43,94.95,110,33.26,3.09,0.0,2.49,6,1.1
3,1.66,42.46,110,65.44,1.04,0.0,4.07,4,3.74
2,7.32,28.58,110,25.13,2.32,35.68,5.27,0,17.12
2,3.8,123.89,130,79.39,3.11,0.0,6.08,3,7.77
3,5.2,40.47,110,73.79,1.41,0.0,7.55,1,0.95
2,1.19,44.25,130,57.69,0.54,0.0,0.72,1,10.17
2,6.71,147.2,130,19.87,4.93,0.0,1.6,0,4.63
2,49.08,113.24,130,94.0,0.25,0.0,2.0,3,8.32
2,4.78,52.56,130,51.65,4.42,37.01,2.31,4,17.23
2,25.09,96.82,110,48.43,4.53,0.0,0.79,2,6.96
1,22.23,89.43,110,94.62,2.12,10.04,9.24,5,13.94
1,36.45,129.78,110,83.43,2.48,13.27,2.04,6,19.91
2,18.73,114.81,110,48.79,1.11,0.0,1.2,3,1.38
3,12.93,128.12,110,45.6,4.61,0.0,4.98,4,1.75
2,23.3,47.5,130,18.15,0.77,0.0,9.44,5,-3.53
2,0.94,103.23,130,88.75,2.05,0.0,9.66,4,11.19
2,7.46,25.23,110,81.72,0.0,0.0,6.93,1,2.79
1,54.4,28.96,110,36.35,7.03,11.41,2.19,2,9.92
2,17.62,112.76,110,74.03,7.41,15.35,0.54,6,19.24
1,39.27,23.17,130,74.83,3.1,0.0,3.68,5,7.89
1,18.15,95.37,130,29.37,1.38,0.0,1.69,2,2.16
2,24.94,129.25,110,62.16,0.49,0.0,7.67,2,4.28
2,14.71,69.39,130,31.68,1.7,0.0,9.71,0,-1.95
1,17.15,25.83,110,77.14,3.92,0.0,1.3,1,9.47
2,8.89,112.8,110,23.07,2.32,0.0,4.27,3,-3.18
2,30.96,140.86,110,66.86,1.87,0.0,9.07,0,5.73
2,20.92,113.23,130,37.71,4.73,0.0,7.42,6,-0.27
2,22.29,95.2,110,13.08,0.94,0.0,8.76,0,-5.36
3,13.41,49.9,110,20.51,4.91,32.45,9.27,2,14.5
1,4.36,22.0,110,65.67,1.45,0.0,4.42,2,3.15
2,0.44,110.31,110,30.39,0.01,24.75,7.09,4,10.42
1,32.92,50.03,130,63.64,3.29,27.38,7.24,4,14.63
1,10.59,131.56,110,45.26,5.26,0.0,6.49,1,12.88
2,4.25,80.63,130,68.88,1.66,0.0,3.59,1,3.82
2,1.94,88.98,110,51.9,1.52,36.38,8.41,3,16.73
3,21.23,118.01,110,36.23,4.09,0.0,7.8,0,-1.2
2,21.73,121.33,110,22.39,5.4,22.38,4.73,2,8.17
3,20.22,103.54,110,38.99,9.16,17.94,4.5,2,12.62
1,12.43,142.0,110,63.97,1.06,19.97,0.6,1,20.43
1,5.47,147.7,110,72.94,2.26,0.0,8.51,4,15.07
1,4.35,143.1,130,23.63,4.33,0.5,3.2,5,7.4
1,0.1,127.14,130,66.46,1.9,34.61,4.97,3,22.48
2,21.52,111.73,130,25.24,1.55,0.0,4.41,5,-3.83
2,1.1,106.23,110,28.85,2.12,24.64,6.94,0,9.19
1,11.96,33.49,110,55.16,1.1,0.0,4.21,6,1.95
3,8.42,55.29,110,34.58,0.53,0.0,2.21,1,-5.44
3,8.98,20.74,130,66.24,0.17,0.0,8.75,4,-0.0
2,31.36,37.86,160,91.24,2.35,22.25,2.24,4,12.15
1,0.39,77.1,130,22.66,1.19,0.0,0.77,0,4.02
1,17.81,39.05,110,58.49,5.36,19.79,2.36,6,14.87
1,0.64,137.22,110,88.48,0.63,3.37,4.82,0,18.9
1,0.47,124.74,110,25.0,0.93,0.0,4.52,5,2.73
2,6.74,29.31,110,41.18,8.81,24.85,8.07,1,15.94
2,0.78,52.36,110,20.51,2.03,0.0,2.35,0,1.18
2,18.68,126.48,110,64.57,1.06,0.0,7.87,2,5.64
3,9.05,124.4,110,66.88,4.93,0.0,1.42,6,7.92
2,0.35,142.91,110,66.46,3.4,0.0,5.0,4,3.14
3,0.5,149.68,110,56.08,2.13,8.17,8.72,6,10.5
1,11.38,146.92,130,73.43,5.5,0.0,4.42,4,18.65
2,19.69,73.32,110,13.05,0.25,0.0,9.65,2,-6.71
2,6.91,52.54,110,91.39,1.25,8.77,6.49,3,4.41
1,9.7,118.59,130,28.88,4.16,20.58,7.69,3,13.26
1,19.3,58.91,130,20.33,1.22,0.0,5.34,6,1.79
2,11.31,124.83,110,90.0,6.53,0.0,4.58,0,15.05
2,3.05,89.41,130,80.59,0.41,0.0,1.3,5,6.57
2,11.39,123.21,110,75.01,1.03,0.0,1.64,1,9.67
2,11.88,55.86,110,18.9,1.39,0.0,5.93,3,-2.42
2,15.9,86.04,110,78.64,2.9,0.0,6.33,5,9.05
1,11.64,93.32,110,61.77,0.54,0.0,9.86,1,5.41
2,41.78,142.6,130,72.21,0.02,38.26,8.65,1,16.98
1,2.64,54.66,110,93.14,9.38,21.28,8.52,3,22.49
1,36.21,141.77,110,26.53,5.73,3.92,3.22,1,10.14
3,9.28,124.63,160,52.87,0.89,0.0,4.41,0,3.36
2,13.38,115.02,110,74.03,1.65,1.08,1.47,2,8.72
3,1.26,122.29,130,46.86,1.68,0.0,6.02,5,0.98
2,5.75,98.71,110,14.65,5.09,0.0,1.16,5,6.81
2,17.6,51.73,110,19.47,2.27,0.0,4.74,2,-2.3
2,14.73,44.63,110,61.18,4.38,0.0,5.88,0,4.25
1,0.49,132.62,130,34.23,6.08,6.32,2.67,0,12.85
1,9.49,114.27,130,21.72,2.09,0.63,7.87,4,1.75
3,1.11,47.72,110,38.89,0.84,39.74,6.91,2,13.49
2,65.83,99.96,110,27.08,1.73,0.0,1.9,0,-3.29
2,27.31,78.18,160,12.03,4.76,11.17,9.84,3,1.74
2,0.26,40.63,130,22.9,2.19,22.85,5.65,1,9.27
3,23.48,89.14,130,85.06,5.65,29.81,0.75,5,27.89
1,30.22,56.6,110,11.02,5.64,10.06,3.83,0,8.97
2,5.24,32.51,130,75.78,1.17,20.96,9.8,6,11.17
2,15.25,80.7,110,74.04,1.49,0.0,9.07,3,9.65
3,7.0,96.71,130,57.96,2.83,19.24,1.94,4,11.83
3,12.78,26.1,110,27.72,0.29,0.0,8.62,2,-0.28
2,4.99,72.27,130,84.64,1.57,0.0,6.37,3,5.76
3,4.67,53.5,110,50.38,0.4,1.89,0.71,1,6.28
3,6.63,23.98,130,24.72,4.71,0.0,7.7,3,3.45
2,1.89,36.34,130,46.47,7.15,25.11,4.42,5,16.19
2,21.34,38.07,130,26.57,0.38,0.0,4.26,4,-3.74
2,5.15,43.77,130,41.96,2.75,0.0,4.14,6,3.49
3,6.13,124.44,130,52.22,2.53,0.0,6.17,1,0.63
1,26.94,77.13,130,40.59,3.57,19.36,7.29,2,12.39
3,8.24,39.12,110,65.85,2.98,0.0,6.65,1,3.24
2,9.43,33.04,110,89.55,0.61,14.97,2.8,3,5.58
3,37.62,58.73,130,39.59,0.86,22.11,7.21,0,6.42
2,26.14,123.74,130,40.24,0.45,0.0,1.79,0,-6.98
2,2.23,67.38,110,72.76,6.35,0.0,9.73,1,8.07
3,7.69,40.79,130,55.1,1.84,0.0,5.0,5,3.92
3,42.61,72.54,110,46.45,9.34,0.0,1.37,6,3.99
3,5.59,92.19,110,79.17,1.49,0.0,5.98,1,6.34
1,5.57,23.85,130,85.74,2.01,0.0,5.98,4,4.35
2,2.6,101.59,130,60.2,3.89,9.87,0.87,3,13.97
1,1.46,71.36,130,25.73,3.99,18.47,0.6,1,14.11
2,16.18,21.26,130,49.63,0.66,0.0,9.96,0,-0.18
2,17.64,107.61,110,52.87,0.85,24.79,4.21,2,11.85
2,41.69,112.61,110,46.74,0.26,0.0,2.83,5,-4.25
2,17.82,101.75,130,32.31,4.09,3.49,5.7,3,-0.08
3,3.35,64.45,130,50.15,3.95,0.0,0.58,4,8.51
1,0.49,88.85,110,47.96,0.21,0.0,0.62,3,9.51
2,50.75,70.33,130,27.81,0.74,0.0,1.57,0,-2.92
2,4.99,111.08,130,86.79,1.49,0.0,8.12,3,8.24
1,4.49,95.87,130,85.25,1.95,34.22,2.86,4,21.46
1,28.37,30.63,130,74.57,1.85,0.0,5.28,6,5.84
3,10.56,103.6,110,44.08,10.2,0.0,2.62,4,11.06
3,2.9,109.34,110,41.48,3.61,0.0,5.68,2,4.28
3,26.39,68.19,130,70.9,0.3,0.0,5.33,3,4.63
3,60.18,133.85,130,61.69,0.87,0.0,4.31,2,4.87
2,1.09,129.59,110,61.05,1.06,14.87,4.62,1,10.49
2,23.79,42.77,130,20.55,0.95,0.0,6.71,2,-1.77
2,5.94,137.55,130,62.55,3.85,24.71,8.5,1,15.36
2,8.91,77.31,110,86.66,1.12,0.0,3.53,1,7.5
2,29.56,114.09,130,17.29,1.7,0.0,5.56,1,-3.6
2,43.51,125.83,110,38.83,1.91,0.0,8.61,0,-7.05
2,3.65,85.66,110,53.27,0.79,0.0,2.1,5,2.86
2,2.87,71.88,130,68.31,0.97,0.0,9.81,4,1.76
1,1.01,139.01,110,17.62,3.79,0.0,7.63,1,5.55
2,9.9,50.01,110,84.19,5.04,0.0,3.98,5,8.98
2,0.16,53.41,130,13.45,0.09,10.82,4.06,3,0.85
2,6.37,67.01,130,82.9,2.32,10.51,2.45,0,9.02
2,0.91,131.73,110,12.35,2.51,0.0,3.05,1,3.56
3,6.23,142.04,110,23.05,3.34,0.0,6.08,1,2.1
1,0.49,48.61,110,78.03,2.96,0.0,0.54,4,16.53
2,21.64,132.3,130,83.11,5.25,13.12,0.72,0,18.14
3,2.82,53.57,110,93.49,0.2,0.0,9.87,0,5.02
2,4.78,146.18,110,19.84,1.23,9.23,2.74,5,3.22
2,24.49,97.66,110,54.75,3.81,0.0,8.38,2,1.72
2,16.46,20.92,110,16.56,4.69,6.68,6.32,3,6.32
2,2.97,24.44,110,23.29,0.77,35.98,4.74,4,13.23
3,0.9,39.17,110,24.83,2.2,0.0,7.46,5,2.53
3,15.09,44.38,160,15.39,0.5,18.86,0.98,2,9.35
2,5.95,119.79,160,85.9,4.76,0.96,7.68,2,12.27
2,17.43,48.96,110,20.74,3.28,0.0,8.64,3,-0.86
1,7.07,145.99,130,63.49,0.63,0.0,3.16,5,10.84
2,5.1,102.69,130,63.19,2.44,17.88,3.37,6,7.67
2,7.2,110.03,110,26.88,1.78,36.81,1.48,4,15.09
2,16.57,48.32,110,94.86,0.75,37.24,8.63,5,18.97
2,27.9,136.05,110,39.53,5.59,21.32,8.18,5,6.96
2,0.61,106.82,130,86.93,0.4,9.35,4.54,3,9.31
1,8.91,132.37,130,90.6,1.58,0.0,4.09,4,15.66
2,0.4,144.34,160,90.66,2.19,0.0,4.56,6,10.95
2,7.58,36.33,130,73.99,4.34,0.0,4.49,1,5.18
3,25.98,32.56,130,31.57,0.41,0.0,4.58,5,-0.33
1,5.39,124.44,130,20.26,2.35,11.27,1.88,0,6.65
2,32.34,132.6,130,58.44,0.02,33.56,0.63,1,23.66
3,11.95,95.89,110,40.6,4.32,37.41,7.74,1,15.77
1,32.65,67.58,110,80.64,0.67,0.0,3.77,1,10.41
2,16.98,104.84,130,73.32,3.19,21.09,5.16,3,13.79
1,1.31,59.74,130,33.5,2.3,0.0,3.42,4,5.86
2,3.15,50.99,110,11.45,0.13,32.79,4.13,1,9.14
2,6.01,83.46,130,30.17,0.51,0.0,1.21,0,3.94
2,2.24,48.1,160,58.2,0.78,0.0,4.02,1,1.76
2,8.2,82.88,130,16.71,5.44,0.0,4.9,2,3.45
3,7.65,144.36,110,65.95,1.64,0.0,8.41,2,6.13
1,37.55,129.17,130,67.09,6.12,30.68,3.56,3,26.74
1,6.82,142.41,110,24.4,0.12,10.65,1.34,5,9.66
3,18.48,124.82,110,60.69,0.02,35.82,7.71,5,15.52
2,34.15,66.12,130,61.59,7.4,0.0,4.07,0,10.33
3,25.15,125.57,130,50.63,3.22,0.0,9.2,3,4.41
2,2.81,139.98,110,91.03,3.82,0.0,9.61,6,10.41
3,8.22,143.11,130,19.19,6.19,8.51,8.78,3,7.36
2,5.13,108.82,110,44.56,10.42,0.0,2.65,6,6.29
3,6.13,47.48,130,85.05,0.26,0.0,2.91,3,2.67
3,5.37,25.16,130,42.84,0.43,0.0,8.04,5,0.8
2,21.01,39.14,110,46.09,0.52,0.0,4.74,1,-0.2
1,7.22,145.52,110,66.8,4.27,33.3,3.33,4,24.08
2,8.9,80.07,160,66.57,1.1,0.0,3.29,4,-0.42
1,48.51,131.15,110,11.95,2.25,0.0,5.99,0,3.94
2,0.74,80.46,110,48.73,4.83,0.0,9.0,1,4.72
2,8.03,105.91,110,38.35,2.87,0.0,6.38,5,-0.85
2,17.85,23.14,110,63.35,0.17,0.0,6.39,4,2.74
2,1.97,52.48,130,57.23,1.48,0.0,7.6,2,0.05
2,11.35,76.72,110,65.32,0.17,0.0,7.72,5,2.21
2,3.28,101.98,130,65.57,1.63,3.09,9.14,5,9.45
1,24.25,42.3,110,31.66,0.62,0.0,2.04,3,-0.0
1,4.75,119.39,130,30.95,0.0,0.0,9.85,5,-0.2
1,4.79,67.37,130,41.47,4.19,0.0,3.62,4,7.05
2,10.94,126.27,110,30.57,8.72,0.0,3.17,5,7.08
2,2.43,32.74,160,68.04,8.32,0.0,5.34,3,6.1
2,4.02,108.37,110,61.24,0.89,0.0,3.01,1,3.98
2,6.47,58.13,130,28.39,4.41,0.0,2.71,6,5.23
3,5.24,123.4,160,85.15,2.84,24.34,9.68,4,18.26
1,8.93,72.28,130,49.16,4.02,0.0,1.49,3,8.24
2,10.98,106.5,130,20.8,4.68,0.0,9.9,4,2.8
2,10.03,141.46,110,28.1,9.82,28.55,6.41,4,18.84
3,12.74,22.68,110,55.89,0.41,23.26,9.61,0,10.92
3,4.41,21.45,110,38.77,3.67,0.0,9.03,5,3.66
1,1.62,120.14,160,82.35,3.31,33.07,6.66,0,28.77
1,17.17,104.03,160,52.05,0.85,0.0,6.1,1,3.67
3,22.83,58.09,110,87.8,1.25,0.0,9.93,3,4.85
2,3.56,84.27,110,18.66,0.49,0.0,5.39,5,-1.24
2,6.27,25.45,110,66.83,6.11,1.56,2.2,0,3.9
2,8.28,45.02,110,85.29,5.29,7.83,9.93,0,11.5
2,9.15,75.18,110,34.9,2.38,0.0,3.57,1,6.3
3,12.93,128.43,130,21.53,1.79,0.0,1.33,2,1.59
3,0.51,82.36,130,48.81,0.66,32.75,7.31,2,12.71
3,15.34,96.23,130,91.71,3.9,0.0,4.74,4,10.04
2,0.77,133.59,130,63.84,0.02,0.0,4.19,1,3.1
3,7.58,60.15,130,64.74,1.55,0.0,6.5,3,-0.75
1,21.1,111.09,130,67.08,4.93,0.0,1.0,5,18.02
2,7.2,132.02,110,13.38,2.41,0.0,7.13,0,3.59
3,1.94,46.34,110,47.88,2.52,22.27,5.28,6,11.12
2,50.42,66.34,110,16.59,0.18,0.0,5.16,6,-3.44
2,26.41,147.38,130,36.85,0.84,29.44,9.05,2,3.64
1,17.7,147.82,160,79.84,2.8,0.0,8.4,0,15.62
3,6.36,49.02,130,65.78,0.13,8.82,5.55,4,4.68
2,2.44,28.64,160,94.62,1.0,6.88,5.99,6,5.23
2,34.05,55.22,110,24.63,1.09,0.0,8.17,0,-2.22
2,9.12,71.71,130,43.75,1.73,30.59,4.41,1,4.49
3,22.96,77.33,130,78.82,1.13,19.46,6.88,3,10.51
3,5.02,100.44,130,28.33,1.51,39.15,5.64,6,11.51
2,4.9,136.94,160,23.07,1.98,0.0,5.25,0,3.58
2,50.84,62.95,130,46.35,0.34,0.0,9.85,5,-0.69
2,8.85,130.5,110,42.62,0.5,0.0,0.67,5,6.17
3,1.82,32.15,110,93.32,4.47,0.0,4.44,3,3.43
2,2.98,25.44,130,48.78,1.54,4.21,9.34,6,1.81
3,7.89,85.53,160,83.18,1.1,0.0,9.32,5,3.69
2,0.52,27.76,110,85.48,1.42,34.8,7.6,1,16.71
3,7.45,71.02,130,23.42,0.48,33.52,6.12,4,12.2
3,6.51,136.58,130,70.8,0.69,0.0,7.06,1,4.67
2,18.13,51.39,110,33.6,1.81,8.0,2.9,2,-0.26
3,5.26,111.78,110,18.05,1.11,32.09,5.14,6,13.34
2,48.58,59.31,110,84.35,1.61,0.0,5.59,4,4.47
1,2.39,25.84,110,34.86,0.41,0.0,1.11,0,3.71
2,10.73,92.37,110,39.36,0.43,0.0,8.73,3,-2.62
3,1.13,128.53,110,37.54,1.21,0.0,4.84,4,-0.85
2,15.88,73.23,110,27.03,1.19,0.0,9.04,6,-0.91
2,63.0,100.25,130,46.93,5.37,11.43,4.2,4,4.15
2,20.52,137.0,130,46.4,0.09,0.0,4.38,6,-5.16
2,9.74,122.66,130,44.74,12.35,23.39,2.82,2,20.76
2,7.96,45.2,130,87.89,7.84,0.0,6.62,0,11.8
2,21.62,115.34,160,38.88,1.95,0.0,5.71,5,-6.59
3,32.98,85.25,130,12.58,3.17,0.0,9.17,4,0.68
2,54.35,116.98,160,25.17,6.84,26.96,4.58,2,13.57
2,6.06,84.29,110,71.33,0.72,0.0,6.66,3,3.99
2,56.42,36.63,130,60.22,0.95,4.43,7.22,3,3.96
1,2.03,94.09,130,90.9,0.29,0.0,3.54,5,15.65
3,3.51,83.98,110,69.03,2.07,0.0,8.87,0,1.8
3,1.12,87.33,110,26.51,0.43,16.12,4.12,5,5.39
2,3.81,134.26,130,20.25,6.68,21.82,6.55,6,15.98
3,17.53,136.33,110,54.26,1.41,9.55,6.35,0,9.07
3,23.0,78.96,110,66.55,6.3,22.27,4.5,0,15.86
3,18.11,79.25,130,24.08,0.57,0.0,2.24,3,-6.06
1,11.97,86.97,130,61.14,2.96,0.0,6.13,1,10.32
3,8.66,87.55,160,83.53,2.61,0.0,4.07,0,5.41
2,14.8,143.55,130,71.84,1.28,0.0,4.1,1,6.56
2,5.95,104.42,130,66.46,5.72,0.0,5.18,1,10.91
1,22.09,56.07,110,77.09,1.43,0.0,6.93,6,9.12
2,13.57,89.1,130,18.85,0.55,0.0,7.43,0,-2.74
1,14.36,101.54,110,27.33,9.43,32.36,4.56,1,23.02
2,9.21,103.17,130,13.24,1.46,0.0,1.64,1,2.41
2,25.98,96.08,110,22.32,0.58,0.0,8.02,1,-5.84
3,3.48,43.11,110,87.62,1.13,0.0,6.86,5,1.54
3,5.76,24.37,110,28.88,2.38,12.19,8.11,2,4.4
2,18.04,63.92,130,66.28,1.79,0.0,3.5,4,1.99
3,8.14,75.58,160,68.78,2.52,0.0,9.14,0,2.06
3,26.4,28.03,110,64.85,2.71,0.0,3.0,2,7.72
3,5.1,125.95,110,57.08,0.33,0.0,3.25,0,0.58
1,5.53,64.73,130,51.32,0.95,0.0,5.6,6,4.09
2,26.35,138.77,130,45.69,3.45,0.0,9.97,4,-2.36
3,7.49,40.07,110,87.94,2.63,0.0,2.42,1,6.14
2,8.71,27.4,110,10.81,0.23,0.0,8.47,2,-1.33
2,4.86,82.7,110,14.55,0.95,0.0,0.52,0,9.8
2,3.89,44.59,130,51.86,6.7,0.0,2.76,1,7.35
2,12.8,141.86,110,38.09,4.95,0.0,3.79,3,3.27
2,1.53,21.34,110,44.7,2.78,0.0,6.66,2,4.61
1,25.37,73.64,110,94.82,0.19,0.0,1.58,5,11.19
2,18.13,140.48,130,75.89,2.34,38.07,1.72,2,23.52
3,2.54,69.97,160,84.58,0.03,1.98,1.89,6,4.03
3,14.21,32.1,160,41.33,2.71,0.0,6.79,3,-1.97
1,11.07,59.38,130,30.36,3.28,0.0,1.59,6,7.39
3,2.45,84.74,130,75.28,1.72,33.94,4.28,1,18.21
2,3.83,44.07,110,78.64,0.01,9.91,1.99,4,5.17
2,6.31,80.65,130,56.74,2.75,0.0,4.13,3,4.27
3,14.42,128.72,110,86.16,4.28,0.0,7.28,3,9.25
3,12.22,133.44,130,92.22,2.2,11.63,3.14,0,15.29
3,9.12,26.4,160,50.04,3.09,0.0,6.37,2,2.86
2,17.55,40.92,130,28.93,0.24,0.0,2.86,6,-0.95
3,17.02,55.79,130,53.95,3.14,21.45,7.51,4,11.11
1,11.54,97.33,130,94.11,2.38,0.0,7.88,4,15.21
3,18.56,66.93,160,34.9,1.01,0.0,3.45,4,-5.56
3,4.88,129.73,110,62.5,2.89,0.0,0.73,2,14.05
2,25.57,113.17,130,68.99,2.59,32.74,1.73,4,19.75
2,11.45,33.06,110,28.18,2.29,0.0,5.16,0,-0.25
3,20.74,101.19,130,60.02,0.51,20.87,4.13,1,9.1
1,9.48,34.69,110,36.73,0.88,0.0,3.78,6,2.2
1,2.96,53.15,110,82.61,11.88,25.97,6.0,0,30.0
3,9.38,43.12,130,70.75,1.42,0.0,2.03,1,5.54
2,5.57,42.5,110,80.23,0.15,35.93,4.84,5,14.1
3,14.35,100.13,110,26.97,5.73,0.0,2.43,2,2.04
2,7.75,93.27,130,12.94,0.47,0.0,9.82,3,-1.4
1,21.7,42.88,130,82.29,1.29,38.45,0.96,3,19.02
3,13.6,148.72,110,42.87,0.81,8.0,0.65,4,5.91
2,13.84,74.84,130,25.28,8.3,0.0,5.86,4,4.99
1,2.94,32.62,130,17.81,1.19,2.99,1.09,2,4.23
3,49.81,35.67,130,53.9,3.08,33.73,8.2,3,18.87
2,22.12,95.91,130,22.76,2.28,0.0,8.29,1,-5.92
2,18.67,147.28,110,58.17,0.11,25.75,4.61,2,10.79
2,4.81,94.35,110,71.82,1.21,0.0,8.46,3,6.06
3,9.2,143.38,110,55.48,1.24,0.0,7.53,1,4.0
3,1.77,77.74,110,86.81,11.47,0.0,1.79,4,14.1
3,9.28,76.66,110,23.22,4.18,1.83,8.67,6,4.29
1,1.89,85.0,110,51.99,4.86,0.0,8.81,6,8.83
3,9.66,110.67,130,23.87,0.94,5.45,3.57,4,4.02
2,12.55,67.79,130,84.45,1.0,1.62,7.86,3,1.34
2,5.94,132.31,160,89.24,1.81,0.0,9.02,1,7.95
2,8.28,23.81,110,44.0,2.49,0.0,7.58,5,4.58
3,25.02,77.17,110,35.99,3.26,0.0,1.39,2,2.05
3,1.38,86.43,130,33.74,4.3,0.0,1.4,3,7.03
1,18.83,98.91,110,83.08,5.16,1.7,9.83,3,14.4
2,2.25,55.89,130,68.01,0.06,27.83,5.64,5,12.36
3,0.45,75.57,130,84.85,3.98,1.55,6.62,5,4.73
1,2.46,82.99,110,19.99,2.36,0.0,9.17,0,0.1
3,17.38,109.3,110,50.46,1.9,5.56,0.57,5,12.11
2,6.23,120.56,110,67.48,2.48,26.83,4.55,0,17.54
2,24.72,115.92,110,86.25,5.34,35.71,5.88,5,25.64
2,8.93,64.41,110,42.47,1.97,0.0,0.52,0,5.27
2,0.27,149.93,110,36.61,0.44,0.0,6.43,6,1.14
3,15.14,130.33,130,87.6,1.44,21.31,8.58,6,13.45
2,1.4,53.8,110,14.04,6.46,1.53,1.02,3,9.02
3,18.69,45.36,130,50.77,4.21,30.8,8.14,6,16.91
2,2.21,60.82,110,48.98,0.57,0.0,9.79,1,1.1
1,5.09,78.8,110,22.41,3.13,0.0,9.24,2,3.71
1,17.19,130.6,110,43.57,0.74,31.75,5.6,2,15.4
2,37.01,121.19,110,71.42,1.07,0.0,8.67,4,6.51
3,5.57,130.66,110,41.18,1.58,0.0,7.82,3,1.66
2,21.22,55.35,110,36.32,1.45,0.0,8.27,0,2.17
2,2.54,97.15,110,76.46,0.07,0.0,4.28,2,3.3
2,19.75,56.82,110,94.04,3.72,0.0,5.02,6,10.7
2,12.86,34.17,130,76.24,4.68,0.0,2.77,1,2.46
2,2.57,108.95,130,81.94,1.89,0.0,0.99,1,11.99
3,4.32,38.59,110,89.86,0.47,0.0,6.17,3,-1.28
2,1.7,106.8,110,78.15,0.71,36.75,3.44,5,16.1
2,5.79,104.24,130,93.33,0.34,33.1,5.28,1,16.11
1,2.73,125.33,130,73.52,0.46,0.0,9.65,4,7.96
3,12.39,38.14,160,66.23,5.23,0.0,1.1,3,8.42
2,62.45,121.85,110,68.93,1.64,33.0,8.8,3,21.74
1,0.14,149.91,110,86.51,0.29,0.0,1.32,5,16.64
2,9.34,130.64,130,68.06,0.74,0.0,6.71,6,1.86
2,10.23,117.74,130,74.7,7.46,39.04,3.76,4,26.76
2,29.47,106.08,110,28.36,1.78,0.0,1.45,4,-1.88
2,8.46,74.83,130,87.58,1.81,28.35,7.69,5,20.09
3,9.42,114.97,110,48.01,1.86,0.0,7.14,1,0.32
1,7.66,114.14,110,23.69,0.3,0.0,6.58,0,-3.14
3,3.76,102.09,110,77.98,8.79,0.0,9.67,2,10.84
2,0.69,123.52,110,40.29,0.22,31.98,0.72,6,17.22
2,6.3,78.34,130,25.65,3.01,0.0,4.63,3,-0.9
2,0.65,35.76,130,31.78,0.15,31.74,5.85,3,10.44
2,9.6,92.68,130,12.97,1.47,3.72,3.9,2,-0.25
3,4.41,54.46,110,17.7,5.75,0.0,6.86,1,5.73
2,9.15,69.98,110,60.37,3.66,31.94,9.04,6,13.96
2,1.73,22.26,110,83.63,1.02,5.84,7.12,2,5.36
2,32.37,69.76,110,48.13,2.0,0.0,5.91,0,1.87
3,26.99,125.14,130,63.21,0.45,0.0,7.51,1,3.45
2,2.53,90.55,110,78.83,7.82,0.0,1.54,3,15.8
3,5.05,21.27,130,40.33,3.08,0.0,6.48,2,2.21
2,11.41,81.08,130,65.62,1.17,10.04,4.37,2,5.12
1,1.21,57.89,110,39.79,0.96,10.15,3.53,1,6.52
2,5.25,82.08,130,64.63,0.68,0.0,5.32,3,2.17
2,3.47,72.61,110,28.5,3.86,6.26,8.14,2,4.34
2,29.65,141.16,130,93.12,1.43,4.92,4.42,4,11.27
1,22.97,25.35,130,16.48,1.0,0.0,7.17,2,2.77
3,10.41,108.87,110,52.94,5.89,2.97,6.09,6,7.79
3,8.82,130.63,110,34.34,0.41,0.0,9.2,2,2.49
3,32.04,144.7,130,61.07,0.77,0.0,4.73,0,5.31
1,32.33,43.09,110,46.41,1.06,7.71,8.29,0,4.1
1,41.81,89.07,130,36.07,0.75,0.0,8.5,6,1.49
1,1.61,25.67,110,31.25,2.2,0.0,4.91,2,6.91
3,2.1,84.89,130,25.51,2.3,0.0,5.14,2,1.95
3,13.55,36.31,160,76.54,0.14,21.66,3.67,0,9.45
2,9.36,128.93,130,28.89,0.39,0.0,5.21,4,-0.65
1,0.22,34.8,110,75.75,0.55,0.0,2.87,3,-0.08
2,0.77,86.73,110,51.23,0.18,22.27,8.65,1,6.29
2,26.28,87.74,110,16.14,0.33,17.62,2.87,2,2.58
2,24.38,146.31,130,24.06,0.68,0.0,2.95,3,-7.97
2,5.3,105.15,110,85.9,1.06,0.0,9.01,2,6.42
3,26.6,57.42,110,61.24,3.92,0.0,5.56,0,1.95
1,10.81,51.3,160,25.67,0.61,0.0,1.5,5,2.55
1,19.67,36.67,110,69.82,2.77,22.82,3.78,2,13.75
3,6.69,118.35,130,79.98,0.15,0.0,7.2,6,-0.45
2,1.44,109.8,130,38.11,2.68,0.0,4.36,3,4.08
1,6.82,99.28,130,57.31,3.96,22.75,4.52,5,17.0
1,7.33,25.31,110,34.94,2.32,26.9,5.24,1,11.31
1,9.61,119.17,110,16.81,0.56,1.49,2.61,0,-0.48
2,1.34,103.45,160,43.96,1.0,19.21,4.53,4,8.54
3,57.07,145.31,110,73.87,4.09,32.69,2.55,2,18.52
2,3.36,96.34,130,48.99,1.41,0.0,3.83,1,7.04
2,2.66,59.51,130,44.45,0.74,0.0,5.56,3,1.42
2,8.98,69.6,110,41.11,6.75,31.0,7.09,5,14.91
2,9.25,42.86,130,49.01,2.54,0.0,6.52,0,0.31
3,6.95,113.98,130,37.05,4.1,34.07,5.97,6,15.63
3,17.74,112.0,130,62.04,0.06,0.0,6.16,1,2.94
1,8.72,46.08,130,15.4,1.04,0.0,5.35,6,2.15
3,11.29,40.6,130,78.63,1.54,23.65,6.34,4,12.19
2,15.44,30.01,110,24.72,2.21,0.0,4.07,2,-2.55
3,0.3,138.56,130,63.84,0.53,26.64,9.04,0,13.63
2,10.15,50.3,110,48.24,1.72,0.0,6.11,6,-0.05
3,25.87,64.74,130,75.75,2.89,0.0,9.4,1,3.39
3,0.21,56.47,110,80.22,1.06,0.0,4.34,6,2.96
2,6.23,73.77,110,27.36,2.94,0.0,4.25,3,1.33
2,31.28,112.83,110,67.56,1.23,0.0,9.67,3,4.91
3,5.23,133.18,110,26.14,1.58,0.0,7.43,5,0.89
3,7.37,43.74,110,20.54,0.36,0.0,5.43,5,-5.09
1,47.91,109.23,130,89.08,2.63,0.0,7.33,5,14.99
3,2.67,65.83,110,23.97,0.63,12.63,4.27,4,6.58
2,0.81,147.47,130,29.39,4.41,10.52,7.71,5,9.67
1,23.54,58.86,110,21.08,2.02,34.71,2.49,2,13.19
2,24.34,20.94,110,49.97,2.05,24.63,9.53,4,7.95
2,7.67,87.03,110,88.17,6.09,0.0,4.88,1,11.08
3,8.66,39.6,110,32.44,0.46,27.57,1.38,5,11.82
2,21.68,25.78,110,56.06,1.89,0.0,8.53,0,5.11
3,16.1,110.78,160,44.97,1.2,0.0,9.0,0,-0.93
1,3.7,115.19,110,38.56,8.48,0.0,7.43,1,12.26
2,0.2,79.89,130,58.63,3.93,14.91,6.48,0,6.11
2,7.84,108.0,110,57.51,3.54,37.62,9.32,5,18.14
2,23.5,89.97,130,40.55,0.57,0.0,6.41,1,-3.62
1,27.14,101.87,110,82.3,0.68,0.0,8.02,5,8.88
1,37.54,97.57,160,14.52,0.07,0.0,4.98,4,-1.38
2,25.4,106.56,110,17.25,2.54,39.69,7.41,2,7.51
2,10.41,45.95,110,94.22,1.16,0.0,9.99,3,7.44
2,7.06,54.93,130,73.55,0.94,0.0,4.13,3,0.44
2,17.89,77.2,130,78.33,2.53,0.0,7.34,6,5.42
3,16.16,78.0,110,61.23,4.41,0.0,1.91,3,4.73
3,9.27,120.67,110,45.69,0.36,0.0,6.53,0,-2.84
2,1.1,67.76,130,63.48,6.27,0.0,3.57,4,9.09
2,31.26,41.13,110,17.87,0.09,0.0,8.73,6,-0.89
1,7.3,52.69,110,74.41,0.25,0.0,3.92,4,2.02
3,5.42,47.92,130,55.96,4.55,0.0,4.73,3,5.41
1,11.92,115.12,130,91.32,1.7,0.0,9.81,6,14.5
2,13.44,81.14,110,64.19,7.0,0.0,2.55,5,8.53
2,2.84,112.12,130,22.89,1.55,0.0,5.87,4,0.21
2,21.76,74.11,110,50.59,6.51,13.01,8.71,1,14.73
1,4.11,135.67,110,14.91,0.68,4.48,3.49,3,0.77
3,2.48,147.86,110,73.36,2.4,0.0,0.65,3,8.97
1,6.26,107.08,160,52.66,12.99,0.0,9.02,2,19.69
2,15.74,132.3,110,41.42,1.18,0.0,6.39,3,-1.34
1,40.39,86.03,110,92.33,0.0,38.0,2.69,0,20.88
1,19.88,141.5,130,89.95,0.17,10.91,3.13,5,19.42
3,33.83,128.11,110,90.99,4.9,0.0,8.1,1,8.45
1,1.82,148.93,130,28.78,1.69,39.0,6.6,4,20.43
3,0.89,101.0,160,71.93,1.92,0.0,7.46,5,3.92
2,9.79,121.3,160,90.36,4.02,0.78,5.98,0,12.09
1,4.11,90.57,110,58.52,4.17,0.0,8.01,1,8.73
3,21.13,53.69,130,28.2,1.62,0.0,8.3,5,1.16
2,13.38,66.12,160,79.51,4.88,0.0,4.18,5,8.21
3,42.37,136.22,110,84.79,1.58,0.0,9.06,2,8.39
1,3.53,27.27,110,69.78,2.81,0.0,5.3,3,5.8
3,7.98,96.89,110,34.95,0.08,0.0,2.02,4,-2.77
1,8.35,68.42,110,26.21,0.37,0.0,2.58,5,1.19
2,3.28,70.27,160,63.06,4.77,0.0,7.47,3,6.38
3,10.7,134.99,130,51.04,0.94,0.0,4.08,0,1.58
3,7.03,131.0,110,66.85,1.02,37.93,2.99,3,14.96
3,7.1,97.85,130,19.49,2.72,0.0,6.25,1,3.54
3,5.41,55.48,110,21.55,2.24,9.89,7.93,3,0.12
3,0.2,81.81,130,40.85,0.21,0.0,1.54,3,5.45
1,8.86,73.08,110,31.99,3.63,0.0,4.77,2,2.21
2,4.9,65.97,110,62.64,2.4,0.0,7.83,6,5.38
2,0.02,33.36,110,41.24,4.83,0.0,9.08,3,4.11
2,4.42,90.6,130,68.14,1.92,22.54,0.63,2,14.99
2,3.92,59.24,110,75.35,1.34,0.0,6.73,6,6.0
2,6.0,105.91,110,25.91,1.16,0.0,6.18,0,-4.82
1,1.7,61.5,160,88.19,0.01,0.0,5.42,6,8.14
2,8.5,76.05,160,76.91,0.1,37.43,2.02,2,16.62
1,14.15,26.81,130,63.28,0.35,12.28,7.55,2,8.32
2,11.94,149.03,130,87.26,6.63,3.72,4.23,6,16.96
2,19.54,85.99,160,32.6,5.31,0.0,2.73,6,1.57
3,7.22,23.15,130,45.85,1.72,16.08,8.58,0,7.85
3,8.78,90.36,130,17.29,0.5,32.8,3.42,2,11.19
2,19.95,133.15,130,48.78,0.39,0.0,2.38,6,-2.25
1,6.7,120.43,130,53.04,0.74,0.0,3.46,3,5.2
2,14.51,111.12,110,62.37,5.98,17.81,2.22,6,14.93
1,6.84,38.13,110,15.44,1.84,22.32,7.88,0,10.04
2,6.49,105.51,110,12.76,4.07,0.0,2.23,0,1.77
2,17.14,119.62,160,45.69,1.77,0.0,7.31,2,2.95
1,2.31,94.41,130,26.08,2.35,0.0,2.04,2,3.3
2,4.96,136.06,130,74.5,2.35,16.59,2.65,1,11.2
3,3.05,56.01,130,66.84,0.08,27.38,3.75,0,10.63
3,5.34,51.48,110,37.7,1.47,0.0,9.53,4,-1.41
2,3.14,133.04,130,13.89,4.99,29.96,9.18,3,19.64
1,10.39,101.3,110,25.51,1.68,18.84,1.31,5,12.39
1,19.2,20.19,110,68.79,1.43,0.0,3.69,5,4.07
2,18.54,65.91,130,94.16,1.87,0.0,3.79,2,6.84
3,5.44,131.52,130,37.75,1.2,0.0,2.51,6,2.47
1,53.86,23.55,130,78.17,1.81,0.0,4.64,5,4.3
3,10.81,20.42,110,83.7,0.36,20.98,7.61,0,7.57
1,6.12,56.56,130,14.1,8.6,0.0,1.44,0,11.14
3,21.66,138.82,110,87.88,0.09,25.63,6.88,6,11.49
2,15.71,137.19,130,49.63,1.65,0.0,2.98,3,-0.77
3,16.6,87.44,110,91.96,0.59,0.0,6.6,0,7.52
2,2.62,91.92,130,55.78,0.15,0.0,6.98,4,3.76
2,7.58,63.16,110,29.99,2.64,0.0,7.42,1,0.63
1,23.75,51.69,110,92.85,10.53,0.0,8.69,6,20.58
1,8.42,125.98,130,30.68,3.46,0.0,9.05,3,4.25
3,13.8,33.82,130,85.01,0.73,0.0,7.71,4,2.54
3,10.64,83.36,130,24.72,1.7,0.0,5.07,0,-1.8
3,22.17,102.47,130,67.36,0.13,25.89,0.92,6,15.34
2,4.02,33.48,160,44.96,1.9,0.0,9.4,0,3.21
3,10.28,87.55,160,92.62,0.26,23.04,6.21,2,12.87
1,1.58,95.08,110,25.71,3.96,0.0,5.58,3,4.65
2,14.06,116.52,110,44.75,0.15,0.0,2.78,1,-3.92
2,15.8,50.53,130,64.38,0.02,5.09,7.0,2,7.0
2,0.53,58.13,110,93.1,4.94,0.0,9.95,5,8.55
2,13.52,94.04,110,35.83,7.14,15.9,3.64,0,7.57
1,6.43,147.81,110,43.73,0.23,0.0,8.1,1,2.63
2,1.59,48.27,110,49.25,0.82,0.0,3.27,3,5.7
3,6.53,148.17,130,31.48,3.38,9.56,5.13,4,10.52
2,2.59,112.86,110,79.48,1.94,1.33,2.53,1,8.05
1,6.45,127.39,110,17.82,7.45,33.7,5.37,2,18.78
1,5.82,31.65,130,69.91,1.23,0.0,4.86,4,4.11
2,16.09,59.05,130,55.38,0.01,0.0,0.87,4,5.28
2,17.86,27.51,130,30.56,0.05,0.0,4.13,1,-0.42
2,11.21,68.3,110,51.89,2.08,4.92,1.1,6,9.52
2,0.28,147.57,110,80.55,3.49,15.89,4.78,6,15.65
2,32.09,33.69,110,47.86,3.91,0.0,9.81,5,2.09
2,13.91,93.11,110,20.36,6.06,0.0,3.28,1,1.8
3,0.42,20.79,110,13.47,0.65,0.0,5.4,2,2.57
2,20.5,112.65,130,76.11,3.35,18.7,1.74,1,15.16
2,2.68,45.64,160,38.09,4.39,14.76,1.96,3,14.35
3,10.39,36.85,130,89.16,4.52,0.0,3.88,6,10.15
1,7.54,63.81,130,62.46,1.33,0.0,5.15,4,4.22
1,6.53,120.24,130,47.08,2.46,0.0,7.16,4,5.87
3,26.46,33.86,130,57.98,2.0,0.0,4.84,2,2.47
2,6.9,49.88,160,48.86,2.28,0.0,0.73,1,4.91
2,0.94,21.1,130,86.99,0.83,0.0,3.07,5,3.63
1,35.17,145.89,110,48.93,2.87,0.0,0.74,1,15.67
2,30.39,96.98,110,18.85,3.09,8.66,9.22,4,2.55
2,13.84,113.59,130,60.75,0.55,0.0,0.78,4,8.11
1,7.57,104.68,110,62.95,1.47,9.78,0.97,2,14.63
2,1.17,38.77,160,75.05,1.37,0.0,3.33,6,-1.07
2,18.77,97.34,130,89.33,3.46,0.0,6.51,1,7.44
2,0.94,37.08,130,47.66,2.75,0.0,3.9,0,1.53
1,0.85,72.16,110,39.93,1.62,0.0,1.08,6,4.91
1,9.25,93.97,110,51.72,2.64,0.0,8.44,1,5.49
2,2.09,92.65,110,86.52,0.76,36.47,7.15,2,17.67
1,0.09,35.48,130,93.3,0.66,12.71,4.27,4,9.23
3,6.6,24.48,110,92.55,0.69,0.0,6.93,4,4.35
1,1.77,123.77,160,29.52,0.07,0.0,3.11,0,4.24
2,2.1,114.37,130,52.24,2.94,14.77,5.51,0,8.23
1,0.96,30.64,130,32.06,10.64,0.0,8.86,2,12.03
2,2.75,36.56,160,41.28,0.92,0.0,1.52,1,1.73
3,15.08,136.04,160,12.69,6.64,0.0,8.55,4,2.56
1,19.86,119.99,110,23.65,2.33,0.0,7.99,5,6.15
3,7.23,149.5,130,43.75,0.64,0.0,9.52,3,-1.0
2,8.48,53.02,110,41.0,0.03,0.0,5.38,3,-3.78
3,0.4,83.41,110,33.7,3.22,0.0,3.11,3,3.84
2,0.86,50.74,110,29.58,2.98,0.0,3.85,4,6.0
3,3.57,100.96,130,73.66,0.65,0.0,6.58,6,7.25
2,9.42,35.0,110,35.04,1.01,0.0,1.84,4,-1.55
2,16.14,36.54,130,70.06,5.71,29.44,3.84,6,17.56
1,11.15,29.35,130,41.33,0.43,31.74,7.4,3,12.88
1,5.97,110.17,130,78.17,4.51,32.58,5.95,0,22.5
3,1.51,84.23,110,24.21,0.46,0.0,1.1,3,1.42
2,18.21,100.31,130,23.4,1.64,23.6,5.22,0,5.58
2,5.43,134.31,130,67.77,1.73,39.93,5.48,2,19.4
3,15.98,116.24,110,87.77,1.6,19.35,7.16,5,9.65
2,8.63,80.02,160,22.15,0.85,35.34,0.6,3,17.95
3,16.1,147.97,110,16.26,0.73,0.0,4.57,5,-3.73
3,28.54,79.31,130,89.44,3.3,0.0,8.92,3,6.21
2,30.46,34.62,130,19.97,0.81,0.0,0.74,0,1.48
3,9.19,149.05,110,31.28,2.35,4.97,6.89,0,-1.26
1,8.6,22.97,110,89.01,4.69,0.0,2.62,5,5.97
2,3.71,91.48,130,78.25,4.54,7.84,4.18,6,11.3
2,32.95,60.18,110,39.13,0.46,31.5,8.9,0,6.79
2,7.35,85.46,110,91.13,2.66,0.0,3.94,2,5.29
3,1.64,92.63,130,58.28,2.31,13.34,5.68,3,7.79
3,6.8,51.21,130,16.14,0.83,38.99,1.35,5,15.18
2,1.63,92.39,130,69.76,1.24,32.38,3.58,0,18.63
2,8.38,118.29,130,55.67,0.84,9.04,1.85,5,7.67
3,9.89,54.65,110,58.67,1.93,0.0,5.83,5,-0.08
2,4.95,69.85,130,94.5,4.07,0.0,4.87,2,4.23
2,0.89,54.87,130,22.96,5.25,0.0,3.01,6,0.6
2,34.48,126.67,110,65.83,3.21,14.53,10.0,2,12.95
3,17.81,114.25,160,48.99,1.65,12.25,1.96,6,0.07
2,21.91,133.26,130,33.11,7.93,0.0,8.34,4,3.57
3,5.48,42.11,110,68.95,2.07,21.97,0.84,0,17.72
3,17.17,29.57,130,66.8,1.63,0.0,8.54,0,3.44
2,7.97,35.52,130,82.8,4.86,13.11,5.03,6,10.68
2,2.69,40.93,110,84.7,0.51,26.47,8.37,5,15.5
3,1.59,89.3,130,57.75,0.43,0.0,7.6,0,0.99
2,5.08,146.22,130,37.67,3.81,0.0,5.94,6,2.17
3,1.78,66.44,130,55.01,5.11,0.0,4.03,4,6.79
3,76.31,144.61,110,40.54,0.19,10.83,6.82,0,-2.85
2,0.61,24.97,110,33.58,3.61,0.0,8.41,0,-1.33
3,6.98,140.49,110,56.88,1.38,0.0,5.28,2,5.86
3,7.22,43.55,130,65.92,3.04,29.97,4.44,0,11.19
3,4.29,138.62,130,60.2,0.36,0.0,1.86,3,-0.7
2,10.17,27.31,110,91.13,9.03,20.65,9.01,1,17.11
1,1.95,143.27,110,35.38,5.33,0.0,3.04,0,6.15
2,18.38,46.1,110,41.65,1.3,0.0,1.67,2,1.0
2,4.85,59.35,130,66.75,5.6,30.88,1.13,6,22.51
2,10.74,83.82,130,61.03,5.63,0.0,7.63,4,8.55
3,15.09,69.49,110,10.16,1.55,0.0,6.91,4,-0.48
2,26.38,106.78,110,36.54,7.34,0.0,1.64,5,2.17
2,21.68,146.73,110,31.57,9.42,0.0,5.54,5,4.87
1,11.25,98.84,110,81.39,0.61,39.29,1.95,1,20.32
3,5.9,113.79,130,83.63,0.17,0.0,4.14,2,5.76
2,8.39,31.44,110,34.13,1.01,0.0,7.94,0,-1.79
2,17.57,101.62,110,18.68,1.68,32.6,2.66,4,7.58
2,25.2,79.0,130,27.44,0.24,0.0,0.76,4,-0.25
3,1.31,135.15,160,25.01,0.38,22.46,2.34,3,8.54
2,5.83,70.47,160,30.18,8.91,29.65,4.3,6,17.35
2,17.96,108.33,160,29.94,3.34,0.0,2.8,1,-5.55
3,6.78,49.66,130,50.79,5.2,0.0,7.36,3,8.33
3,4.85,53.72,130,37.17,8.86,7.65,8.0,6,10.64
3,6.36,68.9,130,57.58,1.19,0.0,2.78,6,1.57
2,11.08,59.53,130,39.25,2.91,0.0,3.05,4,-0.06
2,102.52,53.0,160,79.25,0.51,28.09,5.82,6,13.72
3,8.15,26.46,110,90.82,2.01,9.26,7.65,5,5.25
2,2.81,128.78,110,44.33,0.59,1.99,9.61,0,5.4
3,2.13,28.36,110,14.2,0.44,0.0,3.36,0,4.22
2,0.52,135.36,130,30.36,0.26,0.0,9.16,3,4.59
2,9.82,36.31,130,18.66,2.17,5.41,2.23,0,2.26
1,9.44,28.48,130,39.3,7.48,14.9,0.89,1,16.69
2,2.76,93.19,110,64.83,0.33,6.92,8.03,3,4.39
1,14.26,85.32,110,54.11,1.74,0.0,5.05,2,4.77
1,16.22,83.86,160,30.64,2.9,0.0,1.23,0,5.61
3,3.6,94.69,110,75.22,1.71,0.0,1.18,6,8.36
2,5.06,57.32,110,21.18,6.07,9.1,0.63,0,13.0
2,55.84,106.18,130,29.4,0.45,19.0,3.41,5,0.78
3,5.63,85.31,110,67.46,0.06,32.61,7.49,6,12.73
2,17.17,63.52,110,26.76,1.21,0.0,6.82,2,-1.73
1,7.23,127.45,110,67.69,2.03,0.0,10.0,6,10.96
3,18.92,114.6,110,93.04,0.73,17.29,6.14,1,10.55
2,17.59,71.17,130,80.67,0.46,25.26,1.55,3,14.03
3,13.22,130.19,110,23.6,4.08,0.0,9.8,3,0.25
3,23.15,139.63,110,54.24,0.52,0.0,7.08,5,3.93
3,33.61,89.79,110,45.9,1.46,0.0,4.05,1,-5.1
2,10.41,47.94,130,94.29,7.72,0.0,2.85,5,9.67
2,3.25,139.05,110,91.97,2.37,25.62,2.61,3,15.51
2,6.1,44.63,110,20.8,1.72,11.34,9.58,0,1.89
1,17.04,26.3,110,87.24,1.12,37.89,4.48,6,16.65
3,12.63,62.57,110,26.44,1.84,0.0,5.12,1,-2.57
1,2.35,114.51,110,37.15,3.31,15.6,8.45,0,7.42
2,0.63,140.03,130,40.04,4.32,24.66,9.66,6,15.8
3,13.78,102.85,160,34.38,2.62,22.76,0.54,0,11.19
2,3.47,143.74,160,82.53,3.91,0.0,9.91,5,7.45
2,8.31,32.01,130,38.04,0.23,0.0,1.22,0,2.33
2,16.48,27.9,110,79.42,0.04,13.3,8.45,2,7.59
3,9.92,98.54,130,94.52,3.31,0.0,9.53,1,2.4
2,1.04,145.6,110,81.46,0.76,4.9,5.83,5,10.55
3,2.46,85.35,130,39.42,5.25,30.01,5.74,0,16.04
1,2.97,26.7,110,70.46,1.92,0.0,6.86,6,3.3
3,3.58,48.76,130,55.38,1.63,0.0,3.85,1,0.14
3,10.0,51.82,160,76.85,3.71,0.0,2.08,4,4.83
1,8.41,63.92,110,23.01,3.38,39.62,1.13,6,21.14
2,2.73,25.67,110,64.24,3.05,23.59,8.87,5,16.58
1,0.84,137.64,130,75.76,2.93,0.0,5.7,5,15.11
3,2.26,87.02,110,74.7,1.81,0.0,7.09,0,4.09
2,49.91,107.22,160,91.91,6.53,0.0,3.65,3,15.03
2,7.59,28.73,110,14.96,5.53,0.0,8.17,4,5.45
1,24.24,27.04,110,39.39,1.0,0.0,3.82,3,-1.24
2,22.67,96.24,130,50.51,4.08,0.0,0.78,6,12.15
1,8.6,135.35,110,36.33,5.54,0.0,3.7,4,8.66
2,14.72,88.7,110,36.33,2.41,35.88,8.58,5,10.1
2,2.57,134.12,130,24.97,2.03,0.0,8.82,5,0.7
3,13.99,125.43,130,79.1,2.79,33.06,9.38,2,17.72
2,3.82,29.86,130,87.19,0.45,0.0,5.25,2,1.98
2,21.41,46.25,130,17.0,0.23,0.0,9.59,6,-0.43
3,1.05,105.5,110,23.17,4.29,0.0,5.24,4,0.12
3,17.8,77.66,110,29.42,2.13,34.06,1.96,5,6.89
3,1.26,57.79,110,53.26,0.33,0.0,5.27,4,1.54
2,25.56,74.42,160,77.25,1.35,25.1,8.75,1,12.97
2,4.35,77.88,110,16.07,0.89,0.0,7.96,2,1.3
1,12.75,138.37,110,64.13,5.21,32.23,4.62,5,23.86
3,8.02,33.45,160,22.69,1.77,0.0,2.52,1,0.14
1,5.47,56.36,160,92.57,2.15,23.75,6.02,6,13.83
2,12.44,89.88,130,86.4,0.67,23.12,9.35,3,17.56
2,35.37,110.78,110,90.71,4.01,16.13,2.19,2,16.69
2,0.51,101.98,130,19.02,6.65,28.21,8.36,1,17.78
2,30.14,142.41,110,51.48,3.93,0.0,1.9,0,5.07
1,11.27,123.43,130,24.05,1.7,33.66,9.24,3,13.57
2,19.76,92.42,110,61.03,4.51,0.0,7.09,6,8.06
2,5.81,47.91,110,29.78,0.52,0.0,1.54,2,0.29
3,7.66,78.61,110,75.5,0.3,0.0,2.42,0,2.94
3,24.38,110.14,110,64.74,1.44,7.52,9.31,4,4.75
3,6.43,128.94,130,58.59,0.5,0.0,5.32,0,0.01
3,9.18,144.77,130,80.14,0.75,0.0,4.81,4,7.29
2,0.24,98.71,130,52.52,2.2,0.0,1.05,6,6.26
1,2.07,88.5,110,32.94,1.29,16.04,1.3,4,13.13
2,12.32,22.3,130,62.76,5.02,37.51,7.07,4,17.12
2,15.15,29.37,110,91.35,0.64,0.0,7.88,4,1.99
2,10.48,40.29,110,61.1,14.35,0.0,8.74,3,14.69
2,1.86,27.12,110,63.52,1.11,5.79,5.28,5,3.52
2,7.07,72.11,110,89.45,1.81,0.0,3.62,6,7.26
2,5.26,63.79,110,53.8,0.35,0.0,6.44,6,5.01
2,8.21,102.86,110,94.69,2.16,0.0,6.38,4,8.0
1,24.51,89.64,160,23.57,8.13,18.51,0.83,6,20.42
3,17.95,97.48,160,55.65,3.46,0.0,9.42,4,4.43
1,1.05,81.36,110,28.1,0.7,0.0,6.6,6,1.98
1,26.52,56.11,110,48.53,1.46,0.0,0.56,4,7.82
2,7.66,143.87,110,24.5,1.39,10.14,9.62,2,1.33
2,16.34,31.23,110,28.91,0.26,6.65,9.55,5,1.38
2,1.81,142.06,110,27.92,5.43,0.0,9.49,1,6.82
2,13.33,60.46,110,37.2,1.2,22.72,8.94,0,8.11
2,3.24,86.65,130,21.44,1.7,0.0,2.25,0,2.16
2,6.92,34.15,130,78.79,0.86,0.0,9.78,6,2.25
3,0.2,29.22,110,28.76,0.41,0.0,7.74,1,1.59
3,1.97,75.84,130,45.41,5.81,22.75,6.59,3,16.55
2,1.16,116.42,130,11.36,0.1,0.0,9.46,4,-0.07
2,3.29,55.02,110,18.91,1.28,0.0,4.12,6,-3.69
3,1.26,93.11,110,86.18,3.28,10.85,9.35,5,8.14
1,14.13,56.22,160,81.16,0.92,29.22,6.25,5,18.44
2,0.35,70.52,130,81.48,1.48,0.0,6.0,2,8.14
2,11.54,137.84,110,44.97,2.08,0.0,6.64,6,3.46
3,1.82,131.26,130,22.03,13.29,8.44,7.66,6,15.75
1,34.84,87.08,110,19.17,3.55,0.0,4.73,0,3.49
2,32.45,50.95,130,61.48,8.54,0.0,9.82,1,11.43
3,3.07,45.11,110,80.4,2.95,0.0,1.34,4,8.14
2,11.44,144.03,110,86.51,0.78,0.0,9.18,6,3.21
1,0.34,46.35,130,34.54,0.85,0.0,6.75,0,1.85
3,32.22,125.06,130,37.29,4.32,24.67,9.14,6,5.45
2,8.88,67.97,110,18.57,1.4,0.0,4.0,0,-3.35
2,0.53,148.14,110,75.82,1.16,19.44,8.38,0,12.77
2,5.03,67.86,110,33.43,7.26,23.7,6.35,6,15.2
2,0.96,65.7,110,50.88,0.03,0.0,8.4,4,0.9
2,5.99,102.87,110,88.96,1.86,0.0,3.59,6,9.28
1,13.3,145.0,130,73.94,3.73,0.0,9.21,3,18.48
1,7.62,146.91,110,14.48,3.33,0.0,9.28,1,5.83
3,5.81,111.94,130,10.69,1.15,0.0,5.01,5,0.39
2,1.52,118.1,130,76.93,1.92,0.0,4.3,5,6.53
1,3.37,93.24,110,56.96,0.01,0.0,5.96,5,6.12
2,1.27,118.25,130,71.23,1.91,0.0,2.4,1,4.95
3,19.77,131.77,160,23.33,2.23,11.81,5.21,0,-0.23
1,1.74,83.19,110,84.12,5.19,0.0,9.02,5,10.86
2,10.86,100.58,160,75.73,0.59,0.0,3.97,5,1.56
1,5.04,89.85,130,85.72,4.36,0.0,7.49,3,16.0
1,3.07,93.12,130,38.99,3.17,0.0,6.42,3,5.98
1,12.24,135.71,110,33.43,2.74,8.23,2.98,4,9.2
3,7.33,66.23,130,22.9,1.25,0.0,5.55,1,-0.99
1,6.13,47.06,110,89.06,1.14,0.0,8.6,5,10.02
1,10.78,79.32,130,25.03,3.04,1.55,5.77,0,7.97
2,8.11,47.05,130,20.14,11.57,0.0,7.12,0,9.28
3,4.34,84.79,130,26.38,1.3,0.0,7.87,3,1.59
2,9.83,137.46,110,75.57,6.27,0.0,0.97,6,15.49
2,13.29,100.27,110,85.61,2.21,0.0,0.99,6,9.08
1,0.32,131.21,110,78.93,5.07,18.54,1.59,2,23.79
2,7.53,41.6,130,57.88,0.61,0.0,2.05,4,1.02
2,0.71,137.11,110,94.48,3.59,1.87,8.21,3,8.07
2,2.48,98.23,110,15.85,4.5,0.0,4.64,6,0.18
2,9.87,24.13,110,83.71,4.46,0.0,2.26,4,5.5
2,24.14,102.31,130,46.36,3.84,30.65,5.55,3,11.12
1,25.73,143.68,110,48.69,0.91,0.0,7.75,3,4.61
2,0.87,30.29,160,20.85,1.85,0.0,1.83,5,6.14
1,6.52,95.72,130,12.84,0.89,27.44,3.77,3,10.25
3,10.5,139.01,130,36.91,1.05,0.0,2.35,2,-2.77
3,1.91,21.26,110,24.86,0.9,0.0,6.64,1,-1.87
3,17.4,102.02,110,51.08,0.84,0.0,1.8,0,3.18
3,16.36,81.74,110,22.52,2.96,0.0,7.92,4,-5.73
2,28.04,65.11,110,21.72,2.63,19.44,2.47,3,3.87
3,0.1,101.58,130,84.54,0.57,34.47,1.06,0,19.83
2,2.93,26.85,110,88.31,2.94,4.7,9.15,3,3.22
2,21.07,117.9,110,91.96,0.86,28.27,3.67,1,16.47
2,13.33,20.58,130,67.84,0.56,0.0,5.28,1,1.3
2,26.98,59.9,110,75.54,3.44,39.72,1.46,1,19.48
3,0.71,85.51,110,81.04,1.13,27.28,5.05,3,14.58
2,10.9,69.01,110,66.01,2.11,0.0,2.61,6,6.17
2,10.1,59.97,130,38.07,0.56,0.0,8.48,0,-3.79
3,0.44,128.01,130,23.29,2.38,9.69,7.28,1,5.78
1,8.65,141.53,130,30.17,0.58,0.0,6.8,6,2.52
2,11.28,133.58,110,81.44,0.46,25.07,7.92,5,16.08
3,2.55,87.92,110,69.17,1.22,0.0,3.29,4,2.64
2,3.83,134.94,130,48.74,3.9,17.16,4.81,2,10.93
2,12.27,139.71,130,12.5,0.49,0.0,1.32,2,-2.38
2,7.58,73.2,130,32.63,0.31,21.2,1.14,2,11.21
2,23.42,56.85,130,71.96,0.08,14.64,3.63,2,6.14
3,5.03,32.77,110,53.55,1.34,0.0,8.32,2,0.26
2,3.72,82.28,130,47.02,0.83,0.0,6.18,2,4.33
2,50.29,143.02,130,36.66,0.86,0.0,4.53,3,-6.82
1,29.05,92.92,130,61.59,10.04,0.0,9.69,0,13.17
1,0.35,106.78,160,92.14,0.54,0.0,4.7,4,12.44
3,17.67,34.67,110,86.6,1.53,0.0,4.95,6,0.78
2,1.4,38.66,130,12.59,10.74,2.06,9.93,0,9.16
2,0.33,80.38,160,50.88,0.08,0.0,1.75,4,1.58
1,3.84,143.66,110,38.0,2.98,0.0,2.93,1,5.93
2,3.77,66.9,110,53.4,1.16,38.39,4.81,5,14.8
3,20.53,134.07,130,61.53,5.91,24.65,5.93,5,18.11
2,14.88,35.64,110,27.0,6.07,0.0,1.91,6,5.6
1,47.95,100.21,130,76.43,1.22,0.0,3.62,5,8.05
2,14.92,98.08,110,50.38,0.63,0.0,2.59,4,2.18
3,6.5,131.78,130,94.32,1.4,22.49,8.57,3,13.6
2,14.4,20.43,110,12.14,8.4,21.71,8.43,1,12.69
3,90.27,44.69,110,26.13,0.83,3.28,2.78,6,-0.51
2,14.86,48.56,130,68.62,9.95,37.28,4.63,2,20.88
3,17.21,143.5,130,69.09,4.28,28.01,6.69,3,15.44
2,33.44,39.98,110,59.49,0.78,0.0,0.96,3,3.67
1,1.45,24.81,110,92.62,3.91,0.0,8.89,0,4.99
2,14.64,89.48,130,45.3,0.13,19.19,5.35,0,1.71
2,22.83,88.71,130,45.45,1.99,0.0,2.65,1,-5.73
3,37.05,129.73,130,87.39,1.11,0.0,4.27,3,5.05
3,2.84,143.35,130,55.77,1.39,0.0,9.07,5,2.88
2,8.41,90.01,110,40.07,1.6,0.0,0.74,1,5.27
2,13.69,140.9,130,71.11,1.75,0.0,1.86,2,7.88
1,3.41,114.27,130,62.67,2.67,0.0,2.33,5,10.05
3,11.01,54.39,130,36.04,2.98,5.12,1.07,5,3.96
2,3.57,140.69,130,35.32,9.29,17.48,2.64,0,16.98
2,4.87,106.77,130,43.63,3.6,3.1,8.26,3,5.76
2,6.99,73.83,130,16.09,2.91,0.0,5.51,2,0.78
1,9.04,108.43,130,90.12,1.25,0.0,6.25,3,12.32
2,7.16,72.17,130,25.56,0.31,0.0,1.98,2,-2.95
2,8.16,34.84,130,26.48,0.15,0.0,3.14,4,-2.45
1,4.26,113.47,130,65.0,1.62,0.0,9.22,2,7.64
3,2.08,127.13,130,71.56,2.76,0.0,2.5,4,6.45
2,0.58,114.74,110,72.63,2.63,0.0,9.11,0,8.82
1,2.62,49.78,110,41.88,7.64,5.2,6.8,4,8.96
2,10.47,144.36,130,84.23,1.2,0.0,5.28,1,7.2
3,18.51,23.28,160,56.24,2.47,0.0,2.15,5,7.48
2,2.23,63.25,110,47.28,5.47,0.0,6.9,2,2.92
2,1.38,53.81,110,78.88,1.29,0.0,8.92,0,0.41
1,16.6,26.26,110,30.7,1.62,0.0,2.02,5,4.15
1,4.37,72.74,110,83.12,6.41,0.0,0.56,3,22.95
2,36.31,101.0,110,55.8,2.0,12.5,7.53,2,11.63
3,15.03,134.73,130,86.5,4.02,38.84,6.2,2,22.85
3,4.75,148.66,130,27.14,6.86,0.0,5.28,4,6.63
1,4.1,125.05,130,89.57,2.12,0.36,4.83,4,15.37
2,8.9,80.93,110,68.47,0.29,0.0,5.23,2,3.82
3,0.99,114.08,130,62.56,4.31,6.77,4.06,6,10.73
2,1.5,129.67,130,45.88,4.26,28.72,1.28,2,20.38
3,2.32,80.49,110,91.29,0.31,0.6,7.87,1,-0.48
1,17.89,122.06,110,47.73,1.99,4.44,4.94,3,5.49
3,8.66,82.74,130,52.38,1.67,19.34,8.34,1,10.14
3,0.13,70.24,130,76.43,4.7,0.0,9.83,6,3.85
3,13.43,88.39,130,34.21,0.8,0.0,2.13,6,-6.47
2,6.61,107.86,110,34.78,1.39,0.0,8.04,6,2.23
2,8.58,114.49,130,75.9,2.32,0.0,9.79,1,7.48
3,2.89,66.38,110,20.93,1.82,0.0,7.38,3,5.09
2,9.63,94.27,130,79.95,7.75,0.0,2.84,0,13.9
2,46.45,138.28,130,63.14,8.09,30.22,9.02,3,21.45
3,0.92,146.92,110,55.82,0.21,15.83,8.04,0,8.53
3,4.01,49.54,110,29.47,0.88,35.95,4.77,2,12.13
3,3.34,45.07,110,76.84,0.02,0.0,5.94,5,-1.96
2,3.43,107.97,110,78.42,1.35,0.0,7.36,1,8.39
3,5.71,73.91,110,51.05,2.71,36.45,1.68,2,17.33
3,20.45,23.15,130,43.08,1.59,28.51,9.31,6,12.95
1,29.28,65.09,130,30.92,0.17,0.0,9.88,6,1.44
2,2.71,124.88,130,74.11,0.55,16.99,3.64,1,11.9
2,9.4,123.67,130,64.35,0.48,0.0,7.29,4,5.36
2,12.16,84.31,130,27.56,1.79,9.42,4.5,1,1.62
3,8.85,81.44,160,77.53,2.83,0.0,0.76,1,9.59
2,6.83,95.34,110,84.99,0.95,23.27,9.61,1,14.32
3,2.56,48.52,130,15.04,0.35,19.24,1.85,0,10.24
3,8.04,88.39,110,75.66,4.01,0.0,1.21,4,10.55
2,6.15,21.44,110,82.49,4.89,0.0,8.45,0,5.93
3,19.05,81.82,130,94.28,0.81,30.61,0.82,6,18.69
2,17.31,63.69,110,30.2,1.37,0.0,7.03,3,-2.63
3,1.73,107.73,130,41.54,0.21,0.0,9.34,3,-0.53
1,1.11,102.99,110,92.13,0.65,0.0,4.36,4,10.53
3,28.65,69.51,110,17.99,3.64,39.04,1.15,6,15.74
2,9.2,20.95,130,54.52,1.14,0.0,2.57,3,1.62
2,23.41,52.8,110,53.07,2.32,12.94,9.51,2,9.43
3,0.72,102.34,110,61.56,7.31,0.0,4.92,0,6.95
2,8.97,29.41,110,38.12,3.22,0.0,5.64,6,1.62
2,9.3,33.99,160,88.7,1.51,0.0,1.98,1,4.26
2,23.65,104.11,110,32.96,1.14,0.0,9.22,2,-6.82
3,1.23,118.25,130,65.22,0.53,0.0,5.41,1,2.04
2,3.3,61.8,130,52.15,3.53,15.9,5.52,3,11.89
1,6.26,83.66,130,32.67,0.3,38.05,5.97,6,14.99
2,24.1,142.94,130,26.05,0.16,0.0,7.79,6,-10.26
2,33.54,142.92,110,91.31,0.28,19.39,2.43,0,16.7
1,59.08,59.98,160,57.71,0.7,0.0,9.45,3,3.85
2,38.39,125.3,130,61.36,2.47,15.64,2.17,5,8.19
2,0.07,97.21,110,76.55,4.94,0.0,2.38,5,7.19
1,0.59,146.81,110,16.9,12.27,0.0,0.62,0,18.35
2,1.92,82.09,160,70.67,3.29,36.4,0.69,1,24.84
3,5.15,120.71,130,24.04,0.39,0.0,4.57,1,1.32
1,21.26,119.86,130,72.94,0.81,34.4,2.24,5,20.11
2,26.78,84.67,130,22.01,0.35,0.0,2.51,1,-5.82
2,2.48,123.43,130,80.76,0.31,11.57,9.89,4,11.72
2,11.6,53.94,110,67.89,2.1,1.57,9.33,3,6.53
3,29.92,35.89,110,42.8,5.93,0.0,3.56,4,3.24
2,7.48,75.27,130,40.5,2.88,13.31,3.76,2,5.22
2,1.31,142.67,110,22.66,4.03,0.0,3.27,4,5.69
1,7.35,85.1,110,86.84,1.77,0.0,8.88,6,6.43
2,5.66,102.58,130,20.07,1.61,29.47,1.43,1,12.85
2,10.34,101.14,110,50.13,6.93,0.0,6.05,0,8.82
1,6.93,37.23,110,30.1,3.2,0.0,2.27,3,2.84
2,0.21,70.74,130,94.69,1.54,6.61,7.7,3,9.07
3,61.39,111.9,130,59.8,1.01,0.0,6.5,3,5.17
2,9.41,146.36,110,22.71,0.24,18.74,4.18,2,2.71
2,7.7,41.84,130,66.74,4.3,13.71,1.43,3,11.26
3,37.11,73.36,130,94.29,0.46,31.07,7.79,6,15.6
3,2.03,32.36,110,61.43,1.81,0.0,1.23,5,2.58
2,2.52,51.51,110,48.88,2.54,0.0,3.1,2,2.42
3,19.8,68.98,110,34.93,3.41,0.0,2.91,1,3.61
3,3.63,90.28,130,17.83,0.22,0.0,6.0,0,0.78
2,19.27,49.97,130,29.4,0.03,0.0,5.38,1,-3.5
2,3.8,49.58,130,57.06,3.06,0.0,3.16,4,0.82
2,0.41,121.12,130,74.07,1.51,0.0,4.59,3,1.41
3,8.73,145.14,110,84.62,0.5,1.61,4.65,4,7.97
2,2.63,62.07,110,77.47,10.05,28.51,5.95,2,20.31
1,17.02,109.44,110,20.66,3.92,1.5,9.03,1,5.39
3,12.3,53.55,110,75.74,2.16,34.94,1.85,3,18.99
2,30.86,140.63,130,59.44,3.03,0.0,5.8,5,5.71
1,18.33,107.48,130,49.87,0.42,0.0,0.67,2,8.9
2,2.39,124.35,110,58.68,8.19,0.0,7.13,1,12.76
2,19.32,26.42,110,10.69,14.04,0.0,6.58,1,15.02
3,12.32,97.81,110,15.76,2.61,0.0,7.09,2,0.77
2,13.27,88.59,160,54.7,2.76,30.97,5.01,0,18.53
3,21.42,58.09,130,24.76,3.05,0.0,2.28,1,-5.23
2,10.23,54.12,130,56.37,2.74,0.0,4.76,3,4.87
1,7.53,95.4,110,40.11,1.44,39.63,0.72,4,25.44
3,12.15,111.84,110,87.13,1.94,13.6,4.12,6,11.48
2,4.25,24.31,110,90.72,0.83,0.0,8.47,2,1.9
2,2.42,93.76,160,93.28,1.48,0.0,3.72,0,4.55
2,11.5,42.16,130,86.41,1.43,39.09,6.12,1,15.81
3,3.2,38.25,130,93.8,0.85,0.0,2.98,4,5.36
2,1.0,101.01,130,70.02,3.86,0.0,1.78,5,8.24
1,0.01,60.41,130,91.65,1.32,9.54,5.45,0,10.28
1,11.25,77.31,110,64.55,2.01,0.0,0.84,2,8.23
2,5.4,66.8,110,78.78,0.42,0.0,9.09,1,4.26
3,16.75,104.28,130,21.21,1.61,0.0,7.88,5,-4.74
2,5.64,81.12,110,68.02,3.58,0.0,9.98,1,6.22
2,7.99,145.25,110,89.14,1.47,0.0,9.94,6,12.79
1,6.27,65.81,130,55.9,2.04,33.76,7.43,6,18.53
2,12.62,116.24,160,25.88,3.02,21.28,7.88,5,9.99
3,5.28,53.45,160,54.79,1.23,39.59,5.52,2,16.18
2,39.81,86.14,110,70.09,1.09,30.12,2.58,4,16.09
3,33.01,91.83,110,75.43,0.22,0.0,8.18,4,5.34
2,22.61,62.78,130,54.51,2.18,5.65,3.06,3,3.91
1,30.35,81.33,130,28.48,3.07,21.7,6.67,6,11.72
3,7.16,56.31,160,88.77,2.18,4.58,7.44,6,4.42
2,9.23,20.78,130,75.76,0.83,36.21,5.86,1,13.13
3,16.26,48.03,130,33.01,0.76,0.0,6.8,2,-2.45
3,14.29,111.01,110,79.0,0.43,0.0,3.28,1,1.76
1,26.56,120.23,110,39.57,0.12,0.0,7.72,3,2.4
1,15.12,56.43,110,36.56,1.39,0.0,9.46,3,3.99
3,73.9,73.05,130,83.36,0.44,0.0,5.1,0,2.58
2,5.14,24.86,110,84.22,2.93,0.0,1.65,1,4.0
1,21.48,50.82,130,43.87,8.16,21.01,6.39,2,18.62
1,14.35,121.3,130,10.76,0.19,0.0,3.74,0,-1.35
1,14.11,98.78,110,25.86,5.59,5.48,4.48,5,6.45
3,4.73,46.75,160,87.29,2.68,15.14,1.94,2,12.25
1,18.48,53.47,130,86.39,4.92,13.54,6.44,6,16.83
2,27.68,126.18,160,48.53,0.42,34.07,7.98,3,5.65
2,2.96,47.18,160,35.85,5.92,0.0,7.78,6,10.21
2,11.79,63.44,110,35.73,7.92,0.0,9.94,4,3.91
1,5.97,106.37,110,86.26,5.93,1.13,2.52,6,18.56
3,54.73,92.94,110,37.6,3.85,0.0,9.18,4,-4.8
1,7.82,79.91,130,53.48,0.24,0.0,7.46,2,1.66
3,3.11,136.97,130,72.14,0.62,0.0,7.22,2,6.06
3,5.77,48.56,160,27.81,6.11,0.0,7.0,4,7.43
2,12.73,116.38,110,31.58,0.65,31.6,5.61,0,8.56
2,0.95,40.68,130,40.44,1.07,0.0,4.1,4,6.16
2,11.1,100.05,160,65.61,0.13,0.0,9.46,3,5.87
2,32.12,133.18,130,79.49,2.47,0.0,1.94,1,7.21
3,22.79,79.53,110,56.47,2.07,32.84,2.17,2,14.07
3,0.84,114.16,130,21.3,8.16,3.87,0.66,0,12.42
2,60.23,126.65,110,47.93,5.57,0.0,7.52,5,-1.51
2,14.4,37.68,110,20.85,1.76,0.0,8.99,3,-0.12
3,2.12,111.76,110,17.51,2.35,0.0,2.27,1,2.65
3,0.15,139.58,110,60.12,1.33,0.0,0.83,0,8.57
2,2.25,94.93,130,91.28,0.36,14.0,2.82,2,12.62
2,21.85,44.2,110,81.2,5.06,0.0,8.89,0,7.42
2,0.26,36.5,130,75.83,1.99,28.72,0.65,3,20.28
3,3.19,53.77,110,71.8,1.39,0.0,1.46,4,5.75
1,16.99,33.46,110,86.26,0.18,0.0,0.74,2,9.22
2,10.59,86.74,110,73.99,2.74,31.04,9.46,1,18.81
2,18.32,29.06,110,63.28,1.28,0.0,1.79,5,4.58
2,16.45,49.04,110,41.0,0.73,21.39,9.05,6,3.35
2,0.62,77.19,130,18.58,5.23,0.0,5.0,2,9.12
3,26.76,81.61,160,49.19,0.51,17.51,4.25,3,2.45
1,3.09,93.5,110,88.61,1.81,7.85,4.55,6,12.68
2,9.67,111.73,110,59.56,3.97,27.23,4.48,1,16.3
1,12.4,26.14,110,25.68,4.73,0.0,3.75,3,5.55
1,2.22,30.48,130,65.17,4.27,20.09,8.2,2,14.36
2,44.87,27.91,130,49.56,5.67,0.0,5.33,0,6.26
2,8.04,75.01,130,89.17,0.38,20.56,9.91,3,13.18
2,0.71,25.44,110,23.68,7.05,0.0,5.42,4,10.86
2,33.23,116.99,110,70.52,0.03,0.0,8.28,6,4.4
1,10.59,48.99,110,67.94,0.74,6.95,7.58,4,6.11
2,14.42,142.1,130,93.6,0.22,19.19,4.31,2,12.41
3,8.94,83.23,110,58.02,7.28,15.86,7.99,5,16.16
3,21.6,78.02,130,84.08,1.38,0.0,1.97,1,5.25
2,0.4,121.47,130,12.1,0.95,0.0,2.43,0,-0.0
2,3.75,112.71,130,20.45,0.46,0.0,6.38,1,1.37
3,7.61,98.95,110,39.4,0.42,0.0,7.26,3,-1.06
1,0.96,141.57,130,62.64,2.38,0.0,6.62,2,10.86
3,14.69,74.89,110,48.17,0.12,23.78,5.34,0,4.38
3,6.0,125.11,160,27.23,2.26,0.0,1.81,2,1.99
1,3.82,69.41,110,60.08,3.73,0.0,4.04,2,4.39
1,0.04,128.98,110,58.17,2.3,20.65,6.25,2,15.2
3,15.27,53.73,110,54.58,4.38,30.71,2.65,1,16.55
2,21.54,57.6,130,17.7,0.77,27.36,6.56,3,5.26
1,6.03,108.12,110,88.8,0.2,17.55,2.73,3,18.76
2,9.97,47.65,110,60.34,3.19,0.0,1.43,6,10.88
2,3.1,49.79,110,32.44,4.4,0.0,3.58,5,2.53
2,11.68,59.68,110,68.43,1.74,0.0,3.09,6,0.09
3,0.15,108.26,130,37.02,4.3,0.0,8.2,6,7.51
3,8.05,135.62,110,53.0,1.53,17.55,5.09,1,13.78
2,12.4,107.69,130,39.0,0.55,9.48,1.11,4,5.78
2,30.04,127.62,130,84.83,1.61,12.3,8.25,0,12.25
2,5.76,90.66,130,94.49,0.61,0.0,3.05,5,4.78
2,17.39,28.96,110,23.7,1.6,0.0,5.89,0,0.89
1,10.93,33.06,110,12.0,0.4,0.0,5.64,1,0.47
3,31.41,92.07,160,28.64,0.51,0.0,9.73,2,-3.5
3,6.1,62.61,130,60.15,5.36,7.51,2.92,2,5.68
2,4.61,48.67,110,24.79,0.31,0.0,1.88,3,1.71
2,26.18,80.61,130,78.98,0.63,37.38,2.96,1,15.56
2,0.61,106.64,160,44.74,13.52,0.0,5.98,4,17.09
2,1.76,70.05,110,61.9,2.15,13.83,2.57,4,6.66
2,1.03,124.33,130,48.73,2.2,0.0,3.73,0,5.74
2,22.23,116.01,110,86.78,4.66,0.0,6.75,6,9.49
3,0.13,115.54,110,12.99,1.86,34.32,1.61,0,14.71
2,23.74,148.07,110,71.99,0.63,0.0,9.48,6,7.79
2,7.2,58.38,110,65.43,1.37,4.32,5.56,6,3.11
3,0.05,103.81,110,65.21,3.52,0.0,5.09,2,2.65
1,6.16,131.21,130,45.19,5.15,16.53,3.95,6,15.27
2,2.48,95.34,130,11.33,0.8,14.95,2.83,2,4.83
2,11.75,122.64,130,68.59,0.76,15.68,5.09,1,7.65
2,13.65,73.88,130,80.51,0.99,0.0,5.12,2,5.03
3,8.02,96.76,110,17.24,2.27,0.0,1.03,2,4.49
2,0.5,27.24,110,47.54,0.82,0.0,8.55,3,1.53
3,12.81,148.15,160,23.82,5.59,0.0,8.3,6,3.26
2,22.14,124.0,130,61.93,9.54,0.0,4.75,1,9.04
2,15.29,132.95,110,76.78,2.84,0.0,3.7,0,6.82
3,21.26,110.26,160,66.67,8.79,0.0,5.24,5,11.71
2,2.69,44.19,110,37.04,0.85,0.0,2.6,1,3.41
2,26.37,24.03,130,21.88,4.22,26.96,0.51,6,18.61
2,4.67,132.41,130,77.51,2.84,0.0,3.87,4,10.75
2,0.16,71.52,110,37.53,0.76,36.45,0.67,2,18.3
1,22.25,54.3,110,11.88,0.96,0.0,0.89,5,4.34
2,34.13,93.02,160,58.57,1.68,0.0,0.78,0,8.18
2,12.79,74.72,110,30.97,3.92,0.0,8.86,1,0.52
2,3.16,104.72,110,81.5,5.14,17.28,1.86,5,13.02
3,3.48,82.89,110,22.18,2.51,0.0,2.92,5,2.72
2,7.54,110.64,130,46.96,3.2,0.0,5.16,0,2.76
3,27.37,130.95,130,31.52,0.77,0.0,5.53,6,-7.94
1,1.94,45.42,160,68.62,3.38,39.95,1.66,2,20.26
2,20.98,62.83,160,56.63,2.32,0.0,9.14,0,4.37
3,4.13,76.79,160,77.23,0.63,0.0,2.7,0,3.95
2,19.84,145.07,110,48.98,7.5,6.58,9.45,0,6.82
3,30.35,67.49,130,10.41,1.8,0.0,2.94,5,-2.37
2,6.69,69.54,110,28.29,3.96,0.0,0.52,6,8.25
1,5.45,104.95,110,94.93,1.86,0.0,9.73,5,14.64
2,19.45,74.5,130,44.45,6.76,0.0,5.1,4,4.3
2,9.05,143.66,110,62.72,0.38,0.0,8.85,3,7.76
3,13.84,136.28,160,86.92,1.97,0.0,7.48,1,9.67
2,11.7,86.74,110,11.74,0.06,16.62,2.2,5,0.32
3,1.99,103.82,130,66.07,0.55,0.0,8.53,0,-1.48
3,22.36,27.54,110,34.51,0.82,16.74,0.99,4,10.15
2,2.61,110.44,110,33.74,1.6,0.0,5.32,0,2.68
2,32.31,111.94,110,29.11,4.29,37.98,2.91,6,10.81
3,3.46,66.7,110,79.93,1.57,0.0,3.94,0,4.31
3,15.89,48.56,110,41.7,2.06,33.39,7.69,6,10.47
2,4.02,138.96,160,15.7,6.44,30.66,6.99,3,14.27
2,4.59,75.47,130,18.23,3.53,0.0,4.68,4,1.48
2,4.45,104.98,110,22.63,0.13,38.51,0.94,5,16.18
2,16.53,24.33,110,86.41,0.49,0.0,0.88,3,7.55
2,9.77,73.83,110,46.33,0.1,0.0,7.17,4,2.17
3,25.74,126.24,110,87.86,0.18,0.47,9.51,1,3.85
1,4.41,70.38,130,79.49,1.03,0.0,8.55,1,12.44
1,14.13,98.41,110,81.22,3.25,2.23,1.66,6,10.62
2,16.78,47.28,130,34.38,0.7,0.0,1.65,3,-1.61
2,1.97,74.15,110,33.06,1.25,3.94,6.3,1,3.67
2,6.14,140.59,130,57.61,1.25,15.13,6.75,0,4.92
2,7.91,93.64,130,45.52,2.23,0.0,6.36,1,4.42
2,5.27,137.25,110,53.27,5.59,0.0,8.91,1,7.15
1,4.67,137.26,130,14.52,10.22,0.0,2.69,1,10.86
2,13.92,142.74,130,92.59,2.32,31.94,2.14,0,22.68
3,2.92,136.4,130,14.94,1.76,0.0,9.18,4,-1.23
2,14.83,20.43,110,25.2,2.86,0.0,7.36,1,6.48
2,32.81,141.42,160,67.65,2.76,0.0,7.26,1,7.69
2,9.99,37.87,130,23.22,1.86,0.0,3.69,2,-1.17
3,11.34,25.19,110,19.08,3.34,0.0,6.46,5,-0.51
2,0.86,27.2,110,23.06,1.69,7.53,7.4,5,4.87
2,23.98,65.36,110,15.26,14.11,0.0,6.2,2,6.75
3,4.03,100.7,110,31.36,0.13,0.0,7.49,5,0.96
2,11.46,72.3,160,33.05,1.46,0.0,6.11,4,1.48
1,46.42,23.32,110,52.38,1.26,0.0,9.83,1,4.57
2,10.86,81.94,130,47.29,3.68,0.0,5.17,1,0.73
1,15.48,77.48,110,50.27,0.53,0.0,0.62,4,8.49
2,7.07,118.39,110,62.36,1.42,0.0,2.05,4,5.88
3,0.75,56.35,160,29.63,2.99,39.95,9.66,6,19.62
2,19.17,48.28,110,21.45,2.31,0.0,4.96,2,2.36
3,0.43,53.27,130,84.7,1.97,39.73,1.64,6,22.31
1,14.47,59.49,160,63.89,1.43,0.0,1.98,5,3.18
3,0.28,97.89,160,15.16,3.49,17.04,0.78,5,16.0
2,23.79,81.3,130,91.69,2.6,0.0,2.65,6,4.47
2,2.06,63.8,130,68.91,5.19,0.0,9.87,0,6.44
1,8.67,68.66,130,22.89,3.3,5.77,3.62,6,3.62
3,10.91,68.22,110,92.38,0.38,0.0,2.88,4,0.7
1,7.34,146.41,130,41.06,2.42,36.77,6.84,2,19.7
1,5.0,50.29,160,93.68,0.11,35.94,6.9,6,17.27
2,7.57,126.35,130,18.78,1.22,0.0,9.69,5,-0.06
2,4.48,112.07,110,23.6,1.33,0.0,7.43,3,-0.53
2,6.92,20.72,130,65.88,4.83,31.07,1.54,0,19.14
1,5.34,149.11,130,11.88,0.5,0.0,9.86,2,0.07
2,10.02,118.34,110,11.59,2.58,0.0,7.63,6,-0.85
2,3.26,108.72,130,77.32,0.53,10.36,2.96,4,6.12
2,53.75,72.69,130,24.26,7.42,0.0,2.98,3,4.99
2,8.34,92.18,130,88.1,1.88,0.0,9.62,5,7.06
3,2.59,52.93,110,46.2,3.08,0.0,2.33,3,4.74
2,7.78,24.61,110,84.26,2.6,0.0,2.66,4,1.25
2,24.16,128.68,130,45.51,0.9,0.0,3.91,6,-2.91
2,0.26,136.54,130,55.07,5.79,26.48,6.95,4,18.25
3,13.66,41.12,110,36.9,2.47,0.0,4.58,3,-0.96
3,9.53,122.32,110,65.94,1.78,23.6,3.46,0,15.37
3,2.23,116.35,110,37.05,1.88,30.24,3.04,3,14.15
2,20.41,43.19,110,28.97,5.53,0.0,1.69,4,5.12
1,5.52,74.84,160,16.89,0.15,4.84,5.69,6,-1.68
2,4.17,74.96,130,14.9,1.23,0.0,3.1,0,3.56
2,21.13,118.8,130,36.01,4.61,0.0,3.65,5,0.42
2,12.21,128.9,130,72.6,0.1,0.0,0.57,2,13.1
3,27.42,32.32,130,27.48,2.55,0.0,5.55,6,-0.65
3,11.93,93.19,110,35.43,1.29,0.0,7.12,1,-3.07
3,16.2,119.03,130,86.94,0.57,4.96,9.31,1,9.65
2,21.73,122.2,110,64.33,2.36,0.0,2.37,6,7.96
2,0.68,39.24,130,88.18,4.45,12.44,9.23,6,8.03
2,17.96,88.32,110,87.45,1.57,0.0,3.93,1,6.23
1,11.41,131.48,110,15.39,0.4,0.0,8.12,2,3.05
3,0.86,61.41,110,91.18,0.91,38.94,9.02,5,17.21
1,8.53,75.27,130,14.35,9.96,22.71,9.63,2,17.11
2,1.03,124.57,110,88.68,0.29,23.56,3.59,3,13.89
2,15.98,31.61,110,56.47,0.44,26.23,2.97,2,10.5
2,9.49,131.73,160,55.32,11.56,15.91,4.68,2,22.19
3,36.84,60.45,130,70.63,5.34,0.0,5.77,4,4.79
2,2.43,20.19,110,84.73,3.07,0.0,7.06,2,-0.2
3,11.18,50.44,110,62.45,0.41,30.77,7.07,4,11.33
2,2.85,31.64,110,46.16,0.69,0.0,1.61,3,3.68
2,11.43,32.01,130,19.51,0.5,35.21,6.31,1,12.14
3,15.39,110.07,130,77.08,2.49,4.04,2.09,6,4.94
2,15.37,47.82,110,20.9,1.27,0.0,7.26,6,-1.19
3,20.25,141.52,130,71.74,0.12,0.0,9.78,0,2.3
2,23.05,87.14,110,54.87,0.86,0.0,7.82,1,4.3
2,0.97,79.81,110,42.8,4.93,36.16,7.1,5,18.47
2,5.05,76.46,160,62.1,3.97,0.0,1.24,3,10.87
3,13.94,110.04,110,75.65,2.58,0.0,2.25,0,5.67
1,8.28,78.79,130,90.0,0.22,0.0,3.87,1,9.91
3,2.54,36.72,130,32.5,5.36,0.0,9.37,3,4.69
2,9.65,134.42,110,90.51,1.91,38.23,3.64,3,21.36
2,6.28,75.69,110,91.68,1.71,4.26,8.23,4,6.94
2,5.93,29.62,130,79.16,6.8,0.0,1.49,2,11.38
2,19.91,88.82,160,84.92,0.02,19.42,6.79,4,16.28
2,6.28,104.16,110,68.86,2.03,0.0,7.9,4,8.1
3,0.32,55.83,110,13.32,3.92,35.46,5.66,1,19.43
2,0.72,124.04,110,58.88,0.16,5.37,7.79,3,5.02
2,23.28,107.07,130,73.51,1.1,0.0,7.37,6,4.13
2,38.81,104.54,110,90.04,9.48,0.0,5.03,2,10.85
1,13.99,74.71,110,58.49,0.59,0.0,8.72,3,3.19
2,5.44,145.05,160,77.51,1.89,0.0,3.75,0,5.25
2,33.48,55.64,110,69.93,3.43,0.0,4.54,1,6.91
2,13.05,95.1,110,33.87,1.24,39.55,5.63,4,11.67
1,22.32,60.18,130,23.15,1.31,0.0,1.74,2,0.28
2,17.42,116.82,130,73.83,0.16,27.33,5.4,6,15.33
2,5.72,26.21,110,29.87,0.53,0.0,3.58,5,-0.36
2,7.82,25.97,110,30.8,5.31,0.0,2.94,2,1.52
2,2.47,125.41,110,64.74,4.26,18.9,5.98,2,17.73
1,4.14,76.45,110,77.07,0.91,0.0,3.63,0,5.78
3,18.07,64.35,130,59.5,1.2,0.0,8.63,4,3.52
3,26.93,98.98,130,85.22,1.45,0.0,4.39,2,4.5
3,15.47,111.25,130,27.97,1.06,0.0,4.42,3,0.21
1,7.51,46.16,130,31.46,2.65,0.0,9.83,5,5.26
3,1.09,44.11,130,64.14,0.03,0.91,3.74,5,-0.96
3,0.7,144.56,130,80.5,5.3,0.0,1.75,2,14.29
3,5.63,96.66,160,55.84,0.89,31.53,8.83,5,10.9
1,7.48,70.72,110,10.88,5.15,33.23,9.21,2,14.83
2,11.27,124.19,130,67.54,1.51,0.0,2.65,2,8.85
3,0.08,88.27,110,79.15,3.74,0.0,8.88,0,6.26
2,54.93,51.42,110,33.51,4.37,24.57,5.2,4,10.64
2,5.43,46.88,130,14.61,0.9,32.0,0.91,3,15.76
2,22.61,71.59,110,54.03,2.56,0.0,5.71,5,1.98
2,9.19,131.79,130,13.58,2.34,0.0,8.56,1,3.58
1,1.68,27.99,130,45.36,1.62,0.0,4.27,2,6.9
2,19.17,48.41,130,11.51,1.59,0.0,5.73,4,-5.31
1,14.85,136.11,130,29.12,0.91,0.0,1.84,0,2.64
2,8.99,35.83,110,43.05,0.93,5.74,8.5,3,2.43
2,8.67,101.85,110,19.5,1.99,0.0,1.52,4,1.46
2,1.1,47.76,160,19.7,0.08,25.0,1.4,2,10.33
1,12.8,98.76,110,80.3,6.78,17.68,9.37,4,22.97
2,29.06,69.8,130,13.52,2.62,6.25,8.8,0,1.61
3,1.17,33.22,110,68.56,1.46,17.31,5.96,1,11.66
1,3.67,95.72,110,79.23,0.16,0.0,1.51,0,7.05
1,27.91,108.8,110,21.11,2.49,0.0,5.69,5,1.35
1,4.01,108.44,130,26.61,0.04,0.0,9.25,5,-0.13
3,12.73,102.81,110,64.53,2.85,25.19,6.32,1,18.53
2,9.18,85.03,110,36.83,0.19,0.0,2.38,2,1.39
2,10.89,87.53,110,50.5,2.67,0.0,9.11,3,4.92
1,6.45,102.63,110,81.06,1.3,9.46,8.72,5,13.82
2,4.28,109.73,110,21.73,2.72,0.0,5.69,0,4.07
3,0.6,105.13,110,62.67,0.37,0.0,8.6,3,4.74
3,16.36,96.3,130,90.1,0.31,12.8,1.04,0,11.69
2,16.45,40.26,110,14.88,0.71,0.0,4.88,3,-1.34
1,13.33,47.38,110,15.1,1.33,0.0,2.19,1,0.86
1,12.38,53.83,160,57.15,0.73,13.9,8.46,6,5.43
1,3.35,139.56,110,91.61,0.21,0.0,9.73,4,12.53
2,0.27,118.72,160,28.74,0.98,0.0,9.34,4,0.44
1,19.85,91.87,110,38.12,3.06,0.0,5.28,1,4.47
2,8.11,52.77,110,18.39,2.19,37.94,5.35,1,14.08
2,4.4,34.42,110,40.79,8.26,0.0,9.13,2,9.26
3,1.29,136.84,130,13.77,1.43,0.0,7.36,5,-1.18
2,0.78,136.05,130,43.07,1.01,0.0,1.21,5,6.19
3,5.15,34.39,110,57.22,2.96,0.0,1.72,0,3.55
3,19.6,123.64,130,92.88,1.33,0.0,9.54,3,5.64
1,30.12,78.06,110,79.56,2.41,0.0,3.98,1,9.47
3,27.25,62.12,110,79.88,7.31,10.11,2.28,3,15.25
2,30.31,116.08,130,29.39,1.73,0.0,7.49,0,-6.08
2,28.6,99.86,130,17.41,1.72,0.0,8.86,3,-1.29
2,8.99,121.4,110,61.26,3.73,0.0,2.46,5,4.48
3,2.97,29.66,110,54.3,3.53,0.0,2.89,6,2.21
2,19.2,61.42,130,53.9,1.82,0.0,9.05,4,2.97
2,2.89,61.51,160,19.27,0.17,0.0,0.63,2,3.54
3,3.73,62.87,110,51.98,9.88,22.33,9.13,0,15.92
1,3.19,85.32,160,22.78,1.18,0.0,0.87,0,6.63
2,8.68,56.79,110,45.88,0.95,0.0,1.41,2,-1.0
3,4.66,77.77,160,15.28,9.98,0.0,8.69,5,8.18
3,2.01,67.81,130,82.84,5.14,0.0,2.86,5,7.12
3,7.24,115.59,130,11.12,1.0,21.87,2.63,0,9.99
3,24.85,98.46,130,89.84,0.92,0.0,8.52,2,4.15
1,10.14,104.97,110,83.35,3.19,14.34,5.65,5,18.55
3,25.28,47.38,110,73.97,1.02,19.7,3.83,5,6.84
2,2.62,62.32,130,93.52,0.72,0.0,7.29,1,2.31
2,2.19,22.75,110,14.57,9.74,17.63,8.19,6,11.37
1,10.28,34.09,110,64.54,2.09,0.0,8.7,1,2.18
2,7.47,54.46,160,82.19,3.59,4.5,1.63,5,10.71
3,12.95,28.51,110,20.76,3.12,0.0,6.03,3,0.15
3,19.0,98.34,110,59.71,3.52,0.0,6.94,4,5.55
2,16.7,149.76,110,43.48,5.84,0.0,1.61,4,5.08
1,34.22,33.11,130,47.05,1.74,0.0,6.3,6,4.34
2,6.1,126.76,110,87.56,3.5,27.54,0.8,0,27.9
3,2.77,35.45,110,55.79,3.98,0.0,3.74,5,5.75
3,9.61,107.09,130,17.93,7.31,39.05,2.13,0,17.84
2,1.41,103.61,130,89.66,3.12,30.34,5.83,3,21.01
1,4.09,137.35,130,25.74,5.58,0.0,2.32,4,7.78
2,2.8,34.81,130,85.87,0.25,0.0,8.0,1,-2.46
2,6.06,61.01,110,92.53,0.34,0.0,1.65,1,2.87
3,1.41,31.8,130,84.62,0.43,33.78,7.7,6,12.85
2,0.39,72.96,110,67.56,0.39,0.0,1.44,2,3.86
2,12.83,138.51,110,73.2,0.23,0.0,4.7,1,5.25
2,11.31,121.6,110,69.49,0.33,0.0,7.14,4,-0.32
1,14.79,113.98,110,49.14,13.75,13.18,2.03,2,24.28
3,12.96,89.29,110,33.33,0.79,0.0,7.65,0,-2.64
2,1.46,134.85,110,34.23,1.63,33.76,9.56,3,17.18
2,4.13,78.43,130,72.15,4.31,0.0,4.05,4,7.27
2,1.66,39.46,110,63.21,0.31,13.47,0.5,1,12.58
2,22.22,128.89,130,59.72,0.95,34.75,5.03,6,14.44
2,16.49,56.35,130,65.47,0.43,0.0,9.07,6,-0.22
3,2.7,26.97,160,75.86,0.16,0.0,6.82,5,1.16
2,5.01,36.38,110,73.61,8.09,24.5,7.18,2,18.07
2,40.8,99.18,130,18.96,4.89,2.84,8.03,5,-3.68
1,10.82,98.92,130,40.86,5.29,23.89,9.13,1,18.16
2,19.38,53.82,160,32.44,5.08,23.1,1.69,5,11.4
1,3.69,114.53,110,55.75,0.42,34.94,6.11,0,16.97
2,2.83,120.57,110,15.22,3.84,0.0,8.95,1,2.37
3,18.39,139.67,110,74.81,3.25,9.69,7.87,5,11.84
3,13.9,96.04,110,19.05,6.49,0.0,2.86,1,1.15
2,13.71,121.33,130,33.07,0.62,0.0,8.81,3,-1.92
2,9.65,117.9,130,76.53,1.34,0.0,3.29,5,5.86
1,9.95,53.52,110,14.38,0.87,5.53,4.4,1,1.97
2,15.97,60.33,110,66.12,0.75,13.92,2.26,5,4.93
3,3.78,82.2,110,88.58,2.64,0.0,8.91,6,8.18
2,5.22,22.48,110,62.5,0.45,29.57,1.38,3,11.9
2,24.63,58.66,160,70.58,1.56,35.32,9.94,2,14.29
3,4.43,81.6,130,77.34,2.6,0.0,3.62,0,7.56
3,9.48,34.05,110,28.89,0.35,0.0,7.25,5,-1.96
2,14.55,36.42,110,59.38,0.74,0.0,1.72,6,3.44
2,113.95,80.22,160,36.27,8.56,0.0,5.13,5,7.1
1,6.86,115.03,110,31.21,3.97,20.11,0.88,3,20.35
1,6.71,128.39,130,26.36,2.82,0.0,8.84,1,3.28
3,22.19,91.02,160,59.76,4.84,0.0,4.74,6,8.75
3,19.65,81.72,130,77.54,0.04,0.0,7.56,2,-0.87
3,15.76,69.96,110,84.45,0.02,0.0,9.0,3,-1.21
1,7.47,45.08,110,46.43,0.42,0.0,1.15,3,5.41
3,4.7,39.05,160,41.7,1.71,0.0,5.36,2,1.9
2,11.26,122.95,110,68.42,2.11,5.87,2.3,0,9.6
2,25.07,80.45,110,76.33,0.3,0.0,1.16,2,8.06
2,25.83,122.74,130,31.53,0.19,0.0,6.41,5,-5.15
1,1.38,111.53,130,35.27,4.41,29.64,1.58,0,21.93
3,6.71,45.21,110,55.34,1.56,20.54,5.17,6,13.37
2,7.5,86.34,110,47.77,12.23,2.36,2.37,0,14.08
1,45.59,77.72,130,69.99,0.65,15.0,2.38,6,11.31
1,13.6,75.1,110,52.88,2.6,24.83,5.47,1,14.06
1,6.28,90.53,110,19.49,4.08,25.16,5.78,3,13.49
1,0.32,147.67,130,24.11,5.15,38.92,0.53,2,25.01
2,10.0,125.68,110,86.66,0.91,24.25,5.26,6,17.73
3,1.21,137.48,110,29.33,0.54,11.46,6.86,0,7.3
1,21.58,23.85,110,14.26,0.64,0.0,6.95,6,-0.53
1,16.76,38.24,110,72.17,2.75,0.0,8.57,2,5.25
2,7.41,31.02,130,68.14,1.85,35.57,9.01,3,11.8
3,6.73,54.22,130,61.01,2.28,0.0,6.42,2,3.09
2,27.32,77.45,130,52.69,0.05,19.3,5.08,4,8.51
2,4.08,103.47,130,92.41,1.24,0.0,2.44,6,5.01
2,3.44,85.11,130,20.19,0.93,0.0,1.7,2,1.37
2,33.6,137.41,110,53.36,4.98,15.95,6.29,0,11.22
1,19.88,142.18,110,57.94,3.74,0.0,9.49,1,7.69
3,20.62,41.26,130,11.91,1.4,1.97,3.14,4,2.35
2,2.61,130.88,110,45.02,2.49,0.0,1.44,5,3.64
2,1.86,82.62,110,76.54,0.12,7.54,4.53,1,6.39
3,0.32,78.93,110,50.04,2.54,13.33,0.5,1,16.14
2,3.25,122.04,130,84.4,0.26,0.0,5.76,3,9.09
2,17.86,32.11,110,64.81,3.13,0.0,0.97,1,6.11
2,3.29,134.72,130,75.12,2.13,0.0,9.34,1,10.05
1,15.67,107.21,110,78.38,0.89,13.63,8.76,2,15.21
1,3.48,133.78,160,68.61,1.16,0.0,1.59,4,12.99
2,6.04,149.28,110,73.7,0.24,0.0,1.9,4,9.92
3,49.01,87.34,130,69.1,0.97,27.67,9.56,2,13.88
3,3.37,32.12,110,56.79,8.52,9.44,8.23,0,10.48
2,5.67,41.65,110,58.16,1.66,6.66,9.45,4,0.93
1,4.3,62.07,130,26.14,1.61,31.92,3.68,4,14.8
1,1.39,33.46,110,80.33,2.48,0.0,1.55,4,8.09
3,8.08,125.99,110,36.53,1.66,0.0,6.35,3,-1.44
2,5.71,58.59,130,55.54,1.1,27.48,9.68,4,12.44
2,14.24,146.87,110,31.21,0.38,0.0,1.73,0,-4.34
3,20.42,111.34,130,69.15,2.49,0.0,8.28,4,5.75
3,9.43,42.55,110,92.89,3.45,0.0,3.92,5,2.43
3,0.39,81.89,110,78.16,6.41,0.0,1.6,0,12.78
1,11.58,80.69,130,62.62,0.01,24.35,4.86,4,17.36
3,0.68,84.03,130,58.24,0.17,0.0,5.14,6,2.16
3,11.5,89.64,110,51.63,5.74,18.51,0.59,5,19.86
2,13.86,24.05,130,27.42,2.49,6.69,5.01,0,4.56
2,2.64,109.22,130,39.58,7.92,6.04,6.65,6,11.96
2,20.53,83.33,130,44.54,1.41,0.0,7.76,6,-5.04
3,29.04,122.83,110,90.29,1.35,0.0,1.44,2,10.97
1,20.13,126.0,110,46.17,1.05,12.01,8.83,6,10.34
2,4.37,49.97,110,59.83,0.39,20.14,2.09,4,9.87
1,10.6,26.29,110,88.41,1.19,0.0,6.75,6,6.02
3,29.56,111.42,110,54.07,0.04,0.0,5.75,6,3.6
1,4.64,147.11,110,31.37,1.78,0.0,8.86,0,6.68
2,20.58,78.07,130,42.39,4.7,0.0,0.87,3,6.04
2,0.11,53.75,130,41.92,0.97,1.3,2.32,6,0.46
3,0.04,40.37,110,70.75,0.25,0.0,1.66,3,3.41
2,17.11,57.37,130,35.17,9.1,0.0,3.61,2,5.81
1,17.2,62.63,130,72.07,0.35,0.0,3.72,1,3.23
3,18.67,75.1,110,85.59,1.88,28.42,1.34,3,19.88
2,31.92,105.2,110,38.57,4.14,30.63,5.39,4,8.81
3,1.51,55.51,110,21.5,0.73,0.0,1.6,2,2.92
1,3.17,26.63,130,64.28,4.6,0.0,1.21,0,7.93
2,28.09,68.53,110,40.67,2.04,34.76,0.82,5,15.17
2,2.34,131.23,110,55.39,1.01,0.0,9.33,5,5.89
1,13.76,84.79,110,63.9,5.02,8.95,4.27,5,17.29
2,9.07,145.42,130,44.66,2.43,4.9,3.2,0,0.78
2,1.04,85.47,130,88.6,2.39,0.0,5.08,6,7.02
3,4.03,55.87,110,43.97,1.75,0.0,2.0,0,-3.93
2,8.82,45.13,110,36.13,0.8,0.0,4.36,0,-2.22
2,22.95,110.29,130,85.28,0.91,28.67,2.31,4,16.7
2,14.75,89.73,130,21.59,0.23,6.38,3.39,3,-1.26
3,11.67,98.52,130,20.56,0.7,24.86,9.28,5,9.43
2,8.22,118.17,160,89.53,0.81,0.0,1.91,0,7.16
2,4.26,114.37,110,27.76,0.15,0.0,5.0,6,4.03
2,1.52,25.64,110,22.62,0.29,11.41,6.78,6,4.9
2,6.31,124.33,130,55.49,0.79,0.0,9.22,5,2.64
2,0.35,89.25,110,13.98,2.83,36.91,9.27,4,16.3
3,2.84,70.92,110,62.7,0.51,5.9,2.85,2,4.19
2,6.8,89.88,110,48.5,1.84,36.69,9.46,5,14.67
3,6.51,99.62,110,64.44,1.77,0.0,3.65,4,2.38
1,0.54,39.44,110,34.13,4.49,23.07,9.0,5,11.9
2,10.67,74.26,160,86.97,2.35,21.35,1.39,2,18.4
3,9.57,63.63,110,33.0,6.22,29.05,2.38,5,16.01
1,0.98,65.55,110,64.19,2.47,0.0,1.25,3,7.75
3,34.41,31.87,110,90.33,0.06,0.0,3.34,5,0.97
2,1.26,40.78,130,44.07,1.2,16.71,8.8,5,8.44
3,23.16,41.04,130,23.72,3.0,0.0,2.01,6,2.03
2,0.0,68.52,110,15.81,1.61,22.2,2.64,0,9.92
2,25.67,136.28,110,91.86,1.36,0.0,2.55,5,11.46
1,0.24,46.78,130,74.91,2.78,1.77,3.11,6,6.96
2,17.02,74.11,110,88.11,0.84,0.0,0.68,1,13.16
1,5.39,60.51,160,69.4,5.99,39.62,4.53,5,29.14
1,16.08,122.36,130,39.11,1.33,0.0,9.77,2,4.49
1,6.16,26.52,110,20.46,2.49,13.76,4.76,1,8.26
2,0.88,45.55,130,88.99,10.09,0.0,8.23,4,10.67
3,17.51,47.38,110,51.62,3.85,0.0,5.93,6,4.15
1,0.89,149.09,110,43.7,1.9,19.5,0.64,4,19.0
1,30.63,94.2,110,59.11,4.9,0.0,6.06,1,11.18
2,0.63,38.06,130,19.06,2.05,28.49,9.49,3,11.74
1,7.83,55.39,110,36.28,1.46,0.0,5.76,6,4.14
1,15.41,41.82,110,64.22,5.17,0.0,5.52,0,6.93
1,6.0,36.2,110,18.51,0.07,0.0,6.87,4,2.32
3,2.94,123.63,130,21.5,1.31,0.0,8.77,1,2.48
3,17.08,84.45,110,53.4,1.05,0.0,5.87,1,3.0
2,18.41,102.06,110,62.99,3.13,0.0,4.36,5,5.17
2,30.72,63.06,130,25.9,0.03,0.0,0.85,2,0.62
2,5.66,91.98,130,12.81,2.7,0.0,1.56,1,2.19
2,8.47,53.48,130,91.46,1.06,29.61,6.66,1,16.2
2,5.41,60.04,110,12.34,0.26,17.88,6.38,2,2.27
2,3.57,104.79,130,10.17,9.82,0.0,2.77,2,8.52
2,16.69,39.55,110,37.48,0.6,33.58,7.33,4,12.58
1,4.98,100.24,110,28.91,1.07,0.0,3.16,6,2.88
2,6.71,130.79,130,58.75,0.58,0.0,3.4,5,6.37
3,6.2,35.66,130,86.01,2.71,29.82,1.08,3,19.68
2,14.97,136.67,130,50.89,3.81,0.0,5.73,4,8.38
3,29.98,30.33,160,75.73,4.93,0.0,3.23,3,6.59
3,13.19,65.36,130,87.28,0.93,0.0,8.28,5,1.89
1,7.65,99.37,110,26.1,1.86,17.16,8.11,0,9.2
2,18.13,92.72,130,51.51,2.72,0.0,1.72,2,3.22
2,12.29,32.53,110,64.58,2.48,0.0,2.02,4,3.14
3,0.75,123.86,130,38.21,3.15,0.0,3.55,5,3.03
3,1.21,146.51,110,72.88,3.67,0.0,6.02,2,3.63
2,0.46,43.56,110,69.95,0.26,2.52,3.75,2,3.52
2,7.32,136.37,130,45.79,0.46,8.11,3.83,3,3.99
3,20.97,92.39,110,17.48,3.31,0.0,1.83,1,0.53
1,4.51,141.67,130,10.98,1.62,0.0,3.69,5,-0.47
3,5.82,42.89,130,41.39,1.39,0.0,4.97,5,2.2
3,28.83,122.96,110,16.98,1.52,1.86,9.85,1,-10.44
2,21.76,27.77,130,76.44,1.16,0.0,8.46,5,2.01
2,13.13,134.82,130,38.42,2.24,7.38,8.03,2,6.44
2,3.72,107.64,130,66.62,0.98,0.0,5.82,6,4.37
2,1.49,68.13,130,39.44,2.53,0.0,3.92,4,1.91
2,0.19,44.76,110,77.65,0.57,2.04,8.64,4,3.0
3,1.36,126.15,110,85.52,3.54,0.0,3.8,5,9.47
3,4.15,98.42,110,81.19,3.8,32.52,6.13,3,17.63
3,9.63,66.85,110,51.18,2.16,12.99,2.94,0,8.38
1,0.79,77.7,130,17.14,1.15,0.0,7.88,4,2.35
3,1.76,127.45,110,41.6,0.04,0.0,5.39,5,2.3
3,2.4,64.06,160,46.08,0.32,0.0,9.0,0,3.1
2,12.0,31.65,130,91.62,0.21,37.01,5.9,6,18.92
1,11.48,138.47,110,58.07,0.03,25.7,2.06,2,16.14
2,9.6,70.35,110,64.47,3.2,32.68,9.93,6,17.41
3,3.46,65.29,130,76.47,7.81,0.0,5.27,3,7.23
2,5.57,46.57,130,58.3,0.03,0.0,2.88,5,3.09
3,1.22,136.66,160,60.87,0.3,15.07,3.63,3,10.78
2,3.08,48.28,110,30.85,4.93,35.27,1.65,2,20.43
3,27.36,102.77,110,15.0,2.92,0.0,1.2,2,-3.37
1,46.76,134.5,160,71.32,1.3,8.29,4.78,0,13.15
2,12.52,24.54,110,82.14,12.33,10.13,9.54,4,17.13
2,29.84,127.74,130,45.02,2.13,10.52,1.67,6,-1.07
1,12.35,73.38,110,56.66,2.77,0.0,9.08,5,10.58
3,0.41,105.54,130,36.12,2.65,0.0,8.07,4,4.22
2,68.8,68.41,110,48.27,0.63,0.0,8.16,1,-0.84
2,1.25,110.42,130,27.76,1.67,33.19,7.24,0,15.92
2,13.77,53.06,130,74.59,0.61,0.0,6.12,3,2.92
2,3.5,22.85,160,51.81,1.78,0.0,1.65,0,1.23
1,5.97,143.21,110,56.51,0.08,18.51,5.97,5,14.97
1,12.46,22.13,110,13.15,1.2,28.53,3.84,0,15.29
3,6.88,127.13,110,62.9,1.16,0.0,1.5,6,4.86
2,3.46,41.99,130,27.23,0.86,0.0,8.14,2,-0.0
3,4.89,70.99,130,42.59,0.21,30.95,5.69,2,13.4
3,5.01,126.92,130,45.08,3.68,0.33,7.58,2,5.49
2,38.43,46.77,110,48.14,1.36,20.19,5.06,2,8.44
2,19.23,132.54,110,29.33,4.2,0.0,5.74,5,-0.88
2,7.36,84.71,110,82.26,4.52,0.0,7.27,2,8.2
3,2.68,67.6,110,46.37,0.6,22.25,2.85,0,3.89
3,19.99,106.12,130,62.03,1.37,18.69,8.55,2,10.0
2,2.05,64.38,110,62.18,3.19,0.0,4.5,5,3.89
3,2.84,65.15,130,61.59,1.73,4.74,7.23,4,0.19
1,5.47,115.36,130,57.54,4.83,17.41,3.6,4,20.4
3,25.48,60.28,160,79.92,2.12,0.0,7.17,1,4.39
3,1.7,46.1,130,79.07,2.48,16.4,0.91,4,10.34
1,1.56,124.99,110,45.46,3.87,0.0,9.33,1,8.65
2,8.17,124.7,130,64.05,0.33,0.0,7.98,5,7.78
1,3.88,84.69,110,18.74,2.19,0.0,6.82,4,5.16
2,10.09,88.47,110,17.72,0.22,0.0,3.58,5,-0.61
3,7.21,110.49,130,50.79,0.75,0.0,8.5,3,-0.26
2,6.85,86.21,130,86.52,0.6,24.74,7.79,1,12.6
1,1.43,74.22,110,65.25,2.09,8.94,4.8,6,8.07
2,1.82,149.34,110,66.88,4.64,0.0,2.38,0,9.51
3,20.65,39.19,130,23.4,0.36,0.0,2.17,2,-0.58
2,26.05,97.05,110,48.53,3.66,0.0,5.14,1,-0.18
2,3.21,135.16,130,44.07,0.39,0.0,7.94,4,0.63
1,1.45,109.34,110,76.55,0.53,32.58,7.29,0,20.57
3,0.66,134.52,110,21.72,6.22,0.0,5.19,4,8.69
3,11.25,63.72,130,55.83,0.02,0.0,2.44,0,2.04
2,15.08,55.36,130,87.46,0.55,37.28,2.77,4,17.3
1,5.6,130.67,130,85.86,0.61,28.48,1.05,2,25.87
1,13.66,71.23,130,82.45,0.83,0.0,2.18,6,7.86
1,14.98,112.26,110,41.87,1.13,0.0,0.62,3,7.5
2,32.86,39.21,130,89.99,0.27,10.84,6.91,6,4.58
3,0.8,118.26,110,78.45,1.58,15.87,6.09,5,7.57
2,2.56,91.37,130,82.35,1.27,29.6,9.89,4,19.39
3,0.85,54.92,110,89.25,2.45,0.0,7.75,4,7.98
2,24.3,84.29,110,89.65,5.05,32.57,2.84,6,19.06
3,18.88,110.6,110,30.41,0.88,30.33,7.22,1,4.86
3,10.26,21.55,130,20.85,1.98,19.98,0.62,2,12.49
1,1.05,102.87,110,68.72,1.16,0.0,9.87,0,10.58
2,3.83,90.41,160,57.87,0.1,4.51,6.34,1,5.15
2,4.24,48.64,110,37.83,4.3,0.0,1.64,2,9.08
1,9.87,117.89,110,68.18,2.51,0.0,5.24,2,13.78
2,3.58,59.45,110,15.27,0.01,0.0,9.44,1,1.11
2,0.91,55.99,110,14.01,0.72,0.0,8.57,5,1.42
3,15.75,81.26,130,40.12,0.92,0.0,3.34,5,-0.38
2,4.26,107.9,130,26.48,4.17,0.72,4.26,0,7.24
3,7.23,140.75,130,71.08,3.58,20.96,8.61,3,16.44
2,1.64,38.38,110,90.58,1.26,0.0,9.05,6,4.35
3,19.47,71.54,160,66.24,0.43,30.66,9.19,1,14.76
2,10.0,28.71,110,65.66,1.22,0.0,9.5,4,1.52
3,27.82,118.61,160,10.56,4.15,39.8,5.26,5,9.13
2,8.21,78.21,110,53.54,1.51,0.0,8.68,3,2.52
2,34.05,111.9,130,79.45,0.31,0.0,3.8,0,9.78
2,26.69,61.89,130,65.6,0.1,15.71,8.46,0,5.44
2,10.31,129.76,110,29.36,1.01,0.0,3.8,1,0.76
1,32.6,89.53,110,82.12,0.4,0.0,6.28,1,12.74
1,4.68,142.67,130,91.97,3.42,0.0,4.95,3,20.57
1,5.46,30.25,110,33.71,0.82,16.38,8.98,3,6.48
3,0.56,86.86,130,27.6,5.25,0.0,1.13,4,10.21
2,10.68,119.64,130,38.77,2.4,0.0,9.51,4,-0.34
2,15.36,98.02,130,15.37,1.25,0.0,4.89,5,-4.95
3,17.82,23.02,160,84.24,2.35,0.0,5.07,4,5.8
2,1.95,146.4,110,88.99,0.87,0.0,8.36,3,11.35
2,7.05,58.77,110,63.83,0.38,2.68,6.83,2,2.43
1,2.34,52.41,110,74.97,8.32,0.0,9.56,3,11.51
3,13.02,83.14,130,66.84,2.07,0.0,5.69,4,4.29
3,2.06,90.48,160,42.08,0.02,0.0,5.81,2,0.67
3,28.14,119.62,160,63.72,0.93,34.61,9.73,4,13.77
2,3.15,71.13,160,81.09,0.43,0.0,9.3,6,0.64
3,4.13,77.19,130,78.84,0.75,32.35,2.48,2,11.39
1,22.84,89.54,160,16.89,0.14,0.0,3.42,0,-1.77
1,7.36,71.27,110,49.32,0.7,0.04,6.44,3,1.3
1,0.29,138.89,160,43.77,2.87,0.0,9.42,6,7.48
2,8.19,130.66,130,73.92,4.3,0.0,5.85,0,7.74
2,1.06,79.15,110,52.62,1.07,16.38,7.46,1,6.91
2,50.68,20.03,110,39.72,1.85,0.78,1.39,0,0.96
1,10.64,137.12,110,70.04,0.11,29.63,5.46,0,17.64
2,3.56,36.16,130,50.25,0.24,0.0,1.9,1,-1.2
3,9.95,51.79,130,31.81,2.01,0.0,2.98,6,-0.85
2,0.96,39.81,110,85.69,4.59,18.73,2.08,3,15.24
3,19.31,43.38,130,19.61,0.23,0.0,2.08,4,0.45
2,31.14,124.37,110,11.54,1.36,0.0,9.92,3,-6.66
3,24.9,95.34,130,22.23,8.8,31.52,3.33,4,15.89
2,5.02,144.29,130,23.91,3.36,0.0,5.87,6,1.02
2,4.73,50.09,160,55.73,0.55,0.0,0.69,1,8.09
2,0.43,83.13,110,63.11,0.84,7.26,8.16,2,4.06
2,12.65,147.07,160,48.13,7.39,16.91,6.96,1,13.01
3,9.19,127.44,110,27.35,0.62,0.0,2.67,3,-3.22
2,7.38,114.72,110,21.24,1.45,0.0,0.84,6,2.86
2,28.58,44.57,110,51.83,1.1,0.0,3.11,2,1.9
3,2.21,120.02,130,58.07,1.68,0.0,6.47,5,6.93
2,0.12,65.18,160,35.84,0.67,28.58,0.64,1,18.49
2,0.91,88.97,130,28.74,2.76,0.0,1.22,3,5.06
2,3.03,99.19,160,16.85,0.67,0.0,4.39,2,-1.17
2,0.41,99.22,110,12.23,2.3,0.0,2.17,6,0.82
2,8.39,114.45,110,18.99,1.11,0.0,6.5,3,0.26
2,4.52,106.02,130,73.08,0.72,0.0,2.16,1,5.18
3,2.39,28.89,110,39.24,2.97,0.0,9.94,0,4.51
2,16.64,79.46,160,12.33,8.4,9.76,4.64,6,5.92
2,2.74,106.32,130,53.19,5.09,0.0,1.91,6,8.4
2,13.96,58.48,110,55.57,0.23,0.0,1.2,0,5.32
3,5.16,60.7,130,46.44,1.51,0.0,4.5,1,3.18
3,8.61,36.19,110,19.41,2.97,11.69,8.19,6,7.89
2,32.59,74.42,110,74.17,2.07,0.0,4.67,5,6.77
3,0.46,148.29,130,68.57,3.24,0.0,1.84,4,9.75
2,8.32,57.09,130,43.55,9.23,0.0,5.14,3,7.55
2,23.12,89.09,160,42.37,1.05,2.46,3.71,5,-4.16
1,10.64,116.62,110,23.25,3.68,0.0,5.27,1,4.75
2,3.89,21.75,130,74.05,0.25,0.0,4.22,0,0.83
2,6.08,137.06,110,60.96,5.1,0.0,6.65,3,8.45
3,13.68,70.25,110,17.29,3.77,0.0,8.13,6,-0.23
2,26.58,132.99,130,42.14,1.84,0.0,8.92,5,-4.6
3,0.5,25.06,110,86.8,4.3,9.94,7.54,6,7.73
2,0.89,38.94,130,48.45,2.75,25.47,3.87,4,12.1
2,4.72,61.93,130,37.62,2.01,34.86,4.76,0,16.52
2,3.18,64.91,110,64.72,7.3,12.67,6.6,2,11.98
1,3.69,130.21,110,27.25,0.35,0.0,2.59,4,4.71
2,3.0,21.46,110,54.52,12.39,0.0,7.17,3,15.04
1,2.62,103.34,130,66.91,0.42,30.83,6.67,6,18.07
2,1.68,37.07,110,82.66,1.64,0.0,6.74,5,-1.38
2,32.61,127.02,110,68.86,0.66,11.12,3.67,0,4.52
3,1.87,121.21,130,42.67,0.79,27.64,6.21,3,11.85
2,2.74,84.99,160,75.26,2.5,0.0,2.38,6,7.25
1,3.39,47.65,130,86.36,0.09,24.65,2.3,0,17.14
2,32.44,102.48,110,50.61,7.06,0.0,7.8,0,8.26
3,16.91,40.31,110,10.38,0.82,0.0,4.11,6,-2.87
3,18.71,44.7,130,84.88,0.8,5.67,5.67,2,1.83
2,1.33,101.47,130,24.06,4.98,0.0,3.28,2,6.7
2,21.72,148.86,110,20.74,3.62,0.0,2.74,6,-2.3
1,6.29,135.84,110,36.15,2.78,0.0,7.91,0,4.73
3,3.66,97.1,110,42.3,0.4,0.0,8.04,2,1.36
2,10.29,90.01,110,77.95,3.67,0.0,8.44,6,7.31
2,20.72,149.79,130,43.08,1.12,31.37,8.62,2,10.01
2,18.1,91.16,110,14.15,12.74,11.38,4.41,5,10.62
1,26.49,74.62,110,64.06,2.78,27.1,8.19,4,16.72
3,31.6,138.24,110,67.05,4.52,0.0,3.79,5,9.21
1,3.26,50.44,110,79.21,3.31,0.0,1.0,2,11.21
2,6.62,32.68,110,43.9,2.25,0.0,7.05,4,-0.72
2,0.18,102.43,110,17.32,3.15,14.24,2.39,6,5.86
3,25.38,32.46,160,57.01,2.28,0.0,4.79,1,0.72
3,2.01,68.51,110,20.28,0.13,0.0,2.06,4,-0.98
2,23.72,75.07,130,11.45,1.06,0.0,4.22,6,-1.92
2,4.79,91.18,130,76.18,0.95,0.0,8.91,4,3.2
3,5.51,148.92,110,44.29,3.13,5.11,6.32,5,4.36
1,0.48,48.73,110,54.63,2.15,0.0,1.91,0,2.65
2,4.75,68.85,110,66.34,2.36,31.12,7.39,1,15.55
2,26.31,37.19,130,44.09,4.69,2.7,8.55,1,4.3
3,0.31,98.99,130,14.35,1.86,22.52,2.08,3,10.59
2,6.26,114.6,110,31.48,0.62,0.0,7.57,1,3.21
3,0.38,82.67,130,26.52,0.03,0.0,5.72,3,0.34
2,5.56,51.96,130,93.08,0.43,36.86,6.24,3,16.96
2,2.27,100.72,110,72.86,0.08,19.69,9.42,4,9.64
2,3.49,90.09,130,48.38,0.68,30.77,0.85,4,22.03
2,25.21,42.25,110,15.39,2.52,0.0,6.57,0,1.49
2,6.87,72.74,130,19.85,0.41,0.0,1.27,0,3.28
2,3.84,76.58,110,79.1,0.21,0.0,8.0,2,5.74
1,10.68,147.74,130,90.36,8.84,0.0,9.01,3,26.75
3,1.84,130.41,110,12.66,14.44,0.0,1.32,6,19.57
3,3.6,115.47,130,87.38,2.53,36.81,0.75,2,24.09
2,9.48,135.54,110,42.35,0.29,0.0,9.58,0,3.9
2,3.25,115.61,130,28.16,4.31,0.0,9.3,5,2.0
1,13.64,137.44,110,18.69,1.94,0.0,9.28,1,2.28
2,8.12,27.09,110,75.6,0.5,0.0,9.43,6,5.06
3,17.74,79.29,110,49.86,2.14,0.0,5.25,2,-2.48
1,35.53,117.1,110,80.76,0.1,27.64,9.78,0,21.73
1,1.48,95.83,130,29.22,8.98,24.3,8.98,4,17.94
3,4.89,42.77,160,67.68,4.37,0.0,1.43,3,8.49
2,4.62,64.26,130,20.04,0.76,15.58,8.22,2,5.72
1,1.97,61.31,130,17.63,1.36,0.0,7.27,0,4.05
2,19.95,53.98,110,21.34,1.26,2.31,1.77,2,0.17
2,17.12,64.61,110,78.76,4.94,0.0,7.51,2,4.24
2,7.95,86.93,130,65.73,1.09,0.0,5.11,0,2.19
3,9.26,131.13,160,24.11,0.12,0.0,8.61,0,-4.15
3,0.74,116.46,130,42.71,0.6,0.0,8.28,3,4.54
2,9.73,128.58,110,74.91,0.61,0.0,9.45,2,3.22
3,18.8,134.87,110,34.28,7.45,18.39,1.22,6,11.72
2,10.23,74.1,110,88.31,6.44,0.0,7.25,1,14.62
3,3.7,64.98,110,87.74,0.89,0.0,4.08,2,5.67
2,13.22,27.49,130,57.0,0.01,17.79,7.87,4,5.19
3,5.38,140.96,110,63.72,1.82,34.18,6.22,0,14.8
3,9.45,28.56,130,65.52,3.99,0.0,5.21,4,2.62
1,8.02,116.35,160,31.97,0.78,0.0,0.54,5,9.03
3,5.76,69.15,130,41.05,1.45,19.95,6.27,5,6.33
3,15.23,143.34,160,21.55,0.47,37.27,4.49,4,9.81
3,25.84,74.55,110,88.61,0.99,17.57,3.66,2,10.42
2,0.06,126.16,160,71.53,3.56,0.0,9.89,2,8.25
3,32.55,56.75,110,13.94,1.4,0.0,7.15,2,-2.02
3,8.6,58.88,130,56.7,1.48,0.0,5.63,2,2.6
2,14.48,97.42,110,39.16,3.9,0.0,8.75,3,-0.79
3,23.22,149.74,110,79.3,3.6,11.97,2.66,4,9.28
1,7.55,87.28,110,39.22,0.52,34.64,6.39,1,14.91
1,21.62,141.72,110,64.75,1.34,2.17,8.68,3,9.18
2,2.35,122.21,160,24.09,4.72,0.0,1.67,6,8.61
2,2.08,123.46,130,57.49,1.53,0.0,2.74,4,2.06
2,12.86,76.67,130,34.98,2.71,11.37,1.29,0,5.75
1,24.5,70.25,130,24.02,0.91,30.43,9.93,6,12.59
3,26.75,44.95,130,62.64,0.15,0.0,6.02,2,3.54
1,12.39,145.31,110,64.28,0.45,4.52,5.15,6,9.99
1,8.95,144.72,130,93.59,1.28,0.0,3.72,5,18.78
1,4.83,117.12,110,66.87,1.09,0.0,4.77,2,9.89
2,46.94,58.51,130,53.84,5.65,0.0,7.87,2,8.46
3,4.62,51.87,160,87.57,1.97,0.0,9.21,4,4.52
2,16.36,148.52,110,80.4,2.47,0.0,1.5,5,14.78
3,9.11,28.65,110,56.64,2.92,39.31,3.35,0,16.34
1,11.25,129.66,160,53.46,1.9,35.81,2.3,0,23.49
2,6.0,66.21,160,90.07,3.67,0.0,4.64,3,8.71
2,40.17,74.45,160,62.46,3.82,38.46,5.54,3,19.9
2,10.17,128.16,130,70.67,1.08,0.0,7.35,4,6.3
1,33.33,31.78,110,17.37,0.22,4.55,8.82,6,3.87
2,0.09,66.04,110,71.06,10.74,0.0,5.65,3,11.68
2,10.2,143.76,110,32.5,2.57,0.0,5.14,3,1.07
3,15.16,110.88,130,19.82,3.09,25.04,5.97,2,7.08
2,16.4,118.14,110,82.22,3.53,13.6,8.94,6,17.04
1,28.24,118.48,130,68.75,2.37,0.0,6.66,3,9.12
2,0.05,27.87,160,44.64,1.59,17.17,7.98,6,12.03
1,0.0,46.42,160,46.67,10.44,0.0,7.34,3,11.12
3,7.67,83.86,110,26.76,3.25,8.05,9.27,6,1.34
2,0.36,67.86,110,10.81,4.67,0.77,8.26,3,3.29
1,44.04,73.42,130,39.7,1.45,0.0,3.74,4,1.6
3,3.01,121.59,130,22.62,5.88,29.58,8.62,3,19.92
2,7.68,21.91,130,45.85,3.29,0.0,4.94,1,-0.5
1,0.76,105.86,130,80.88,3.43,0.0,8.55,1,13.71
2,8.86,20.01,110,19.75,0.23,0.0,9.1,3,1.9
2,5.74,28.2,110,17.8,2.4,21.95,7.01,1,13.99
3,0.55,73.08,110,86.68,1.02,0.0,7.33,2,3.31
3,4.9,129.32,130,73.34,2.76,0.0,1.84,4,6.92
3,5.96,38.85,110,14.51,2.1,17.67,3.58,3,4.22
2,55.17,92.1,130,16.76,0.29,13.71,5.8,1,-1.56
2,2.8,108.21,160,68.22,1.89,21.85,0.53,5,23.4
3,9.44,49.84,110,41.48,1.5,20.53,8.55,5,8.05
1,52.41,86.6,160,71.55,3.75,0.0,4.01,2,12.5
2,18.84,138.48,130,44.38,1.75,30.08,7.37,2,10.06
2,60.19,86.59,130,92.26,1.64,6.45,7.81,3,11.03
1,41.42,40.45,110,69.03,3.18,18.36,5.71,5,16.25
2,8.07,101.62,110,13.96,2.76,0.0,8.01,2,-0.38
3,14.3,96.99,110,38.09,12.03,0.0,6.98,2,9.97
3,1.4,23.5,110,57.91,1.08,0.0,3.92,3,0.09
1,6.98,31.78,110,22.06,2.91,31.56,8.25,1,10.17
1,19.87,40.38,130,10.21,0.46,0.0,6.54,6,1.08
2,8.45,37.72,110,16.74,4.08,0.0,2.02,0,1.92
3,14.56,53.73,160,54.56,3.86,35.82,7.84,4,17.05
1,16.43,79.03,130,63.74,3.23,5.68,6.92,3,8.63
3,3.51,68.32,110,17.9,0.32,0.0,3.2,5,0.73
1,25.02,135.78,130,66.54,10.96,0.0,8.5,6,20.51
2,7.39,99.57,160,62.46,7.14,34.92,4.05,1,26.14
2,2.83,133.9,130,89.89,1.16,0.0,5.75,2,9.59
3,24.07,88.52,110,81.46,2.15,22.45,3.76,0,13.9
2,6.49,31.68,160,90.18,5.49,0.47,7.38,2,5.91
2,16.65,80.23,110,92.12,1.71,14.83,6.02,0,9.6
2,9.53,126.86,130,47.47,2.29,0.0,4.97,6,-0.32
3,5.77,45.23,130,51.47,2.31,0.0,0.69,0,7.55
3,19.92,31.86,110,33.94,2.62,2.96,6.27,1,1.85
1,10.54,62.83,110,53.22,2.14,0.0,6.41,3,5.26
3,5.94,70.56,160,22.81,1.3,17.71,2.22,6,4.3
2,1.39,59.81,160,67.07,1.94,0.0,3.66,1,-0.6
1,27.1,37.58,130,12.12,5.13,6.46,8.85,6,6.66
2,0.43,52.61,110,30.03,4.99,0.0,5.72,3,7.27
1,23.87,108.7,110,27.69,3.7,0.0,4.63,1,4.39
3,5.35,70.17,110,89.72,1.34,20.53,9.39,0,10.94
3,12.24,102.23,130,22.32,3.85,3.51,8.21,1,-1.47
1,30.64,89.72,110,85.72,1.23,1.99,1.43,4,13.53
2,1.97,91.38,110,20.57,2.73,0.0,8.66,5,3.9
3,10.04,52.31,110,65.31,2.1,0.0,1.92,3,2.35
3,17.35,87.8,130,37.19,0.89,34.62,2.16,3,10.39
2,17.01,23.07,130,36.86,1.51,0.0,1.22,1,5.76
3,8.95,76.13,130,94.85,4.44,14.72,5.07,0,16.89
2,11.76,94.44,130,29.21,6.1,30.98,6.62,0,12.24
2,17.0,43.66,110,27.22,0.57,30.09,7.66,6,9.05
3,22.07,53.35,110,60.09,1.52,0.0,0.75,2,5.08
2,17.22,48.54,130,72.96,1.42,16.18,2.19,6,10.13
2,5.24,29.17,130,93.51,1.68,0.0,6.4,1,4.37
2,68.66,65.22,110,69.62,9.39,0.0,5.49,2,7.8
3,6.84,147.27,130,57.76,1.83,0.0,0.99,0,8.86
3,0.3,66.0,160,44.78,4.43,0.0,9.39,2,4.72
2,5.4,79.87,130,60.58,2.73,22.12,7.71,3,10.26
2,1.64,104.9,130,61.07,0.28,0.0,3.91,3,2.58
2,1.55,104.3,130,28.51,2.97,0.0,5.6,6,7.82
2,3.97,143.49,110,67.05,2.6,0.0,4.06,4,8.41
2,0.66,131.48,130,27.38,3.55,26.65,4.83,3,12.08
3,14.0,123.21,160,51.65,0.19,0.0,6.16,4,1.2
2,0.92,143.71,110,32.09,0.69,0.0,4.29,6,-1.94
2,2.73,50.0,110,36.59,3.67,0.0,6.4,0,2.05
1,1.17,100.22,130,62.18,1.16,0.0,4.92,4,10.21
2,0.78,135.34,110,15.48,6.04,0.0,6.74,6,8.19
3,3.74,101.14,130,11.02,1.82,17.78,2.99,6,9.03
2,10.18,147.06,110,21.1,0.0,6.72,2.13,1,0.68
1,40.12,33.05,130,24.34,3.0,0.0,0.63,1,11.66
2,25.01,77.11,130,26.82,1.8,13.6,6.22,3,2.54
2,25.04,147.06,110,75.78,0.95,0.0,9.82,4,6.34
1,2.32,69.34,110,47.98,0.05,26.34,4.49,1,11.55
2,3.69,116.14,110,49.94,0.55,0.0,2.52,4,2.25
2,0.95,23.95,110,64.77,0.44,0.0,0.62,0,6.12
2,18.09,110.33,110,71.97,2.19,12.64,5.37,2,14.07
2,0.87,141.5,110,10.3,3.67,23.81,9.93,1,10.05
2,9.76,69.75,130,82.82,0.67,0.0,9.85,4,2.97
3,3.42,22.77,130,94.02,2.99,0.0,1.46,1,2.4
2,3.35,23.63,110,20.35,5.75,7.16,8.26,1,10.37
2,56.17,135.96,110,65.34,2.43,0.0,2.15,0,7.33
2,16.97,113.93,110,10.21,3.74,0.0,8.19,1,2.25
2,21.76,33.87,130,14.17,0.57,8.83,8.61,2,0.19
3,10.18,27.1,110,34.23,0.19,0.0,0.57,1,2.68
2,24.58,124.63,110,81.94,1.14,0.0,2.75,6,4.61
3,12.44,125.28,110,65.46,3.09,6.88,1.04,0,12.85
1,35.06,35.67,160,47.89,2.9,0.0,5.24,3,3.46
2,3.96,59.2,130,47.28,7.76,18.13,0.75,5,20.71
3,10.86,121.4,130,49.61,2.49,6.09,6.45,0,2.04
2,14.06,88.3,110,36.44,1.32,0.0,5.8,0,0.94
2,5.99,144.36,110,84.61,3.99,0.0,4.1,4,13.64
2,25.41,82.54,110,58.27,0.42,38.72,4.89,4,16.22
3,46.83,108.0,160,51.14,4.19,0.0,9.91,3,7.73
1,8.17,86.27,110,49.53,1.14,29.13,2.09,2,14.32
3,5.94,142.59,110,89.55,0.42,0.0,7.44,1,5.52
1,7.66,71.83,110,71.51,0.44,0.0,6.63,0,1.35
3,22.99,49.87,130,22.31,10.28,30.32,6.81,3,18.73
2,12.44,62.46,110,47.14,2.44,11.57,3.78,2,3.88
3,0.55,130.86,130,34.51,0.48,27.3,2.56,5,12.65
2,9.38,84.73,160,93.88,0.78,0.0,6.68,1,7.25
3,0.21,66.05,110,45.31,1.16,0.0,9.17,4,0.37
1,18.09,90.75,130,15.77,0.14,0.0,9.77,5,0.19
1,4.78,37.32,130,44.95,0.29,0.0,5.07,3,0.51
2,7.66,20.7,130,37.31,3.59,24.55,4.54,0,13.12
1,19.23,56.48,110,60.96,3.86,2.59,3.81,3,11.01
1,0.57,98.65,110,29.22,11.11,29.35,8.19,6,24.41
3,2.07,112.52,130,13.06,0.17,0.0,2.93,1,4.27
3,6.09,127.46,110,18.15,5.5,0.0,5.37,0,4.98
2,3.14,140.47,160,34.07,0.95,0.0,3.78,6,0.35
3,4.95,73.57,130,39.61,0.99,22.25,8.82,0,6.62
2,75.67,116.27,130,80.93,0.34,14.88,3.19,5,9.0
2,20.94,29.71,110,32.96,10.73,3.26,7.02,2,9.25
3,25.84,27.48,130,12.68,9.91,33.78,6.09,0,18.57
2,33.19,36.22,130,76.36,5.0,27.12,3.62,6,16.09
3,5.0,78.31,130,83.86,0.24,26.82,2.92,6,11.8
2,4.23,47.47,110,51.85,4.61,7.75,8.14,6,8.44
2,3.2,57.3,160,34.22,2.52,0.0,5.35,5,7.95
1,21.27,104.22,110,75.63,0.34,9.28,6.31,5,13.75
1,13.66,66.61,110,10.76,0.76,0.0,9.64,5,1.46
1,3.23,92.46,160,88.54,2.92,13.34,4.28,1,19.62
3,5.68,73.61,130,83.57,4.07,6.3,8.24,1,7.03
3,8.48,41.97,110,56.31,4.71,36.25,6.57,6,16.36
3,9.01,29.62,160,33.59,1.96,4.19,6.14,6,3.47
2,26.35,50.71,110,12.79,1.91,30.47,1.02,1,13.21
2,5.75,27.5,110,94.99,2.88,4.07,9.17,0,6.22
1,28.7,100.42,130,74.78,3.76,27.39,2.67,4,18.99
2,6.99,123.44,110,38.79,0.47,4.42,5.0,3,0.47
2,16.46,64.17,160,11.64,3.37,0.0,7.64,5,-1.64
3,31.95,70.32,130,64.34,1.05,0.0,5.46,1,1.5
2,28.58,126.1,110,93.89,1.21,0.0,0.54,2,18.84
1,0.7,48.94,130,70.1,0.2,0.0,9.52,2,7.89
1,2.76,35.49,110,17.12,2.22,0.0,0.69,5,9.91
1,7.78,85.15,130,44.19,0.25,25.13,1.35,5,14.43
2,6.78,104.0,160,19.28,6.11,17.81,2.63,0,9.49
3,12.29,97.96,130,87.53,2.43,0.0,6.19,0,3.78
2,34.74,112.8,110,38.09,11.58,17.33,9.73,2,12.13
3,1.43,27.38,110,72.34,0.7,0.0,9.27,0,3.93
2,7.21,75.67,110,17.2,2.85,18.16,6.69,2,8.81
2,2.56,51.01,130,20.92,8.34,34.39,7.55,3,20.79
1,26.94,118.69,130,67.76,0.89,23.47,7.26,4,18.29
3,40.09,133.45,110,81.7,0.25,0.0,7.03,1,4.34
3,7.82,56.57,110,27.12,2.51,0.0,8.22,3,-0.15
1,1.32,32.38,130,45.56,1.14,37.5,3.73,0,13.29
2,18.46,52.95,110,62.65,0.8,0.0,2.6,6,1.66
2,14.33,33.52,110,77.68,12.62,0.0,3.8,3,14.65
2,5.26,61.91,160,63.4,3.51,0.0,0.96,4,8.64
3,26.21,89.97,110,18.11,1.66,8.59,9.69,6,-3.43
2,44.67,146.58,130,56.14,0.13,0.0,7.53,2,3.81
2,9.79,71.92,110,85.19,0.53,34.31,2.53,2,16.74
1,10.01,48.61,110,83.78,0.89,33.22,2.93,2,16.49
1,4.24,41.68,110,59.73,1.67,26.02,9.93,5,12.93
1,10.54,42.5,130,94.63,1.72,0.0,7.8,0,1.79
1,6.95,45.04,130,18.94,0.06,12.72,4.54,4,6.3
3,4.32,119.09,110,50.68,7.18,0.0,2.46,4,9.31
3,0.83,27.93,130,75.89,1.96,0.0,0.88,5,10.01
1,3.5,149.66,110,21.99,0.05,0.0,6.86,0,0.93
3,2.65,87.95,110,92.68,3.02,0.0,7.91,1,7.9
1,9.37,90.76,160,40.09,0.19,10.51,1.52,2,10.46
2,11.05,66.48,130,39.76,3.19,0.0,0.52,3,6.68
2,11.26,109.73,130,28.12,3.02,10.27,3.9,3,4.67
2,5.9,81.29,130,34.48,10.49,35.79,6.84,3,22.33
2,6.56,62.78,110,59.1,1.05,0.0,9.28,6,-0.53
2,21.57,54.47,130,46.5,0.39,0.0,8.86,5,-1.55
2,7.76,140.33,130,26.44,0.24,33.34,7.04,5,8.55
3,52.85,57.83,110,78.78,0.19,0.0,8.23,1,0.14
1,6.95,76.73,110,15.29,4.16,0.0,3.88,5,5.55
1,12.58,65.54,110,80.95,3.17,0.0,2.83,0,11.73
1,0.62,31.2,110,33.37,9.32,0.0,1.68,0,12.73
2,12.71,44.17,110,52.15,0.92,0.0,2.23,6,3.0
1,22.88,44.64,160,42.39,4.06,0.0,9.65,2,6.01
3,34.26,110.17,130,58.5,0.24,3.32,9.33,1,5.01
2,71.07,72.86,110,77.66,5.86,5.0,0.95,3,18.27
2,3.98,121.66,130,94.09,0.13,0.0,4.96,0,6.25
2,10.28,112.16,110,36.02,3.88,0.0,4.05,1,0.89
1,7.19,44.97,130,57.07,0.92,0.0,6.69,5,4.57
1,9.96,93.18,130,49.61,0.5,0.0,3.62,6,0.61
2,2.06,116.58,130,94.91,3.05,0.0,3.17,4,9.92
2,23.27,102.3,130,78.76,5.66,0.0,8.19,6,10.61
2,28.84,98.0,110,43.75,3.61,32.21,9.5,1,8.74
1,7.17,116.15,130,50.53,0.94,34.05,2.43,6,13.55
3,3.95,27.38,130,30.91,1.09,0.0,2.74,6,4.01
1,1.82,115.08,130,74.2,0.52,0.0,4.48,2,8.29
3,13.82,55.45,130,81.84,4.34,0.0,7.21,3,4.95
3,4.49,94.34,160,92.02,0.28,20.76,2.09,0,13.82
2,28.83,51.5,130,58.1,5.84,0.0,4.95,6,1.22
1,13.34,129.05,130,67.01,2.3,0.0,8.49,5,13.69
1,12.45,82.47,130,47.92,2.22,19.34,2.72,0,16.37
2,9.84,103.58,110,61.78,4.55,5.05,0.95,5,11.63
2,0.56,123.23,110,39.64,2.75,0.0,9.11,4,3.33
3,32.25,136.39,130,72.7,0.91,14.98,7.98,4,10.54
3,11.86,115.17,110,11.93,1.08,23.29,7.14,4,6.28
2,61.52,39.34,130,12.42,0.48,0.0,1.33,2,2.56
1,9.25,131.09,110,70.87,1.56,0.0,9.04,3,11.96
2,14.86,100.42,110,89.11,0.29,34.82,3.4,4,19.58
3,0.69,99.23,130,63.74,2.65,8.38,2.51,6,14.42
2,11.99,139.77,110,71.75,0.46,0.0,5.13,5,2.4
1,17.36,52.35,110,80.03,4.99,0.0,9.27,3,12.35
3,18.09,51.15,110,40.74,3.01,0.0,9.95,3,3.01
2,17.64,86.72,130,19.19,5.55,20.83,6.33,4,5.65
3,3.08,117.61,130,89.31,0.23,0.0,9.58,3,2.9
2,44.46,78.14,160,89.78,4.01,0.0,4.81,0,9.3
1,64.03,102.41,110,47.56,5.32,0.0,0.78,3,11.27
3,0.94,78.83,130,28.46,0.11,7.95,3.12,3,2.03
2,33.07,99.35,110,85.85,17.47,26.92,3.37,0,32.4
2,4.1,126.89,110,70.22,0.89,0.0,7.94,0,4.0
2,14.03,43.46,110,10.7,0.59,0.0,1.68,1,-1.43
1,4.95,110.4,110,19.16,1.34,0.0,2.16,6,0.36
2,41.21,122.37,110,93.57,0.02,0.0,6.34,1,5.38
1,1.28,78.12,110,13.24,5.43,33.36,1.74,6,19.36
2,8.26,62.02,110,34.02,0.78,0.89,5.21,6,-1.0
2,6.7,21.76,130,56.62,1.84,0.0,0.83,4,7.28
3,4.73,123.62,110,25.67,2.44,12.75,6.85,5,8.79
3,12.45,62.63,160,29.72,3.91,35.25,9.13,2,13.2
1,1.69,66.45,130,40.0,0.72,0.0,8.81,3,1.75
2,15.13,63.68,110,32.91,3.16,32.1,1.2,3,12.16
2,47.3,84.84,130,78.29,0.31,36.95,6.11,2,17.78
1,19.59,111.32,130,52.52,3.05,0.0,1.49,4,13.75
3,23.59,120.34,130,33.68,6.29,35.21,1.01,3,18.02
3,5.35,71.03,130,36.61,0.22,0.0,6.3,1,-3.88
1,4.71,106.2,130,13.39,0.31,4.33,5.94,3,-1.85
2,8.73,113.69,110,14.2,2.04,0.0,1.39,0,0.61
1,0.56,58.6,110,71.02,0.12,32.69,3.92,3,12.71
2,34.88,32.56,130,19.6,0.52,0.0,3.51,3,-4.11
1,1.86,136.31,130,50.44,0.53,0.0,3.75,6,1.08
3,28.0,108.03,130,81.6,1.64,35.65,3.67,0,17.91
3,1.05,104.25,130,41.32,0.71,36.15,8.33,1,11.99
2,20.75,27.66,110,39.39,1.61,0.0,3.86,0,-2.22
2,1.98,126.32,160,84.21,1.84,0.0,3.64,5,6.69
3,0.47,93.59,160,83.51,3.28,0.0,0.78,2,9.88
2,15.25,130.22,110,84.81,7.3,0.0,8.01,6,13.23
1,3.95,146.69,110,58.61,1.75,28.84,6.77,1,16.52
2,15.04,144.42,130,90.95,1.1,0.0,3.74,3,11.18
3,9.72,131.29,130,79.61,0.75,0.0,4.79,0,5.18
2,1.38,21.42,110,45.33,2.52,23.27,8.04,5,11.83
2,32.28,135.14,110,63.51,7.16,6.69,3.77,5,12.6
3,7.22,29.76,130,20.35,3.62,30.95,5.0,6,14.69
3,15.91,130.66,110,56.86,0.58,0.0,0.69,0,8.9
3,8.34,56.42,110,32.37,5.59,24.83,9.22,1,12.49
1,11.13,99.31,130,34.1,3.32,14.47,4.03,5,12.3
2,4.33,24.95,130,20.69,0.34,0.0,3.32,0,-2.9
3,2.68,120.25,130,40.45,3.12,20.99,6.29,6,11.9
3,9.39,34.52,130,50.92,0.85,12.27,5.5,2,4.26
2,6.96,73.39,130,61.03,1.69,0.0,4.31,4,2.25
1,5.93,126.27,130,35.91,0.89,0.0,9.26,6,5.16
3,13.4,110.4,110,77.34,0.22,24.75,3.95,3,14.72
3,14.07,20.79,110,54.28,3.66,0.0,9.98,2,6.51
1,0.56,72.39,110,64.23,4.41,0.0,8.0,0,8.78
2,4.96,25.45,160,33.64,0.66,37.76,9.08,4,13.47
1,6.37,107.55,130,79.2,0.68,0.0,3.19,3,12.59
2,1.22,145.96,130,63.06,1.41,15.04,1.17,2,12.28
1,3.23,105.18,160,83.3,4.17,5.34,4.48,6,19.53
2,0.64,49.17,130,23.6,0.2,0.0,3.48,1,-0.33
2,67.01,66.18,160,42.36,4.13,0.0,1.08,6,4.26
2,16.01,146.96,110,19.61,6.4,0.0,1.18,3,4.34
2,1.1,49.13,130,28.32,2.06,0.0,2.16,1,2.47
3,0.25,93.0,130,43.54,0.16,0.0,4.09,3,-0.74
2,15.25,72.06,130,86.04,0.79,36.05,9.38,0,16.32
1,6.94,119.88,110,57.35,0.3,28.23,6.75,5,16.36
3,18.55,132.76,130,38.08,0.75,0.0,4.28,2,-3.99
1,30.84,64.31,110,73.49,4.18,0.0,8.09,3,4.12
3,10.97,105.85,130,11.67,0.14,15.36,5.9,1,7.27
3,2.49,91.38,130,41.46,0.83,29.94,4.47,3,15.31
2,18.29,56.2,110,61.07,1.82,0.0,1.87,3,1.55
3,37.43,55.35,110,59.58,5.18,0.0,9.31,6,4.9
1,10.42,90.02,130,61.64,0.72,7.22,6.43,6,7.93
2,13.75,40.02,130,27.98,3.77,0.0,4.67,6,2.7
2,4.94,125.41,130,38.65,2.19,0.0,4.66,3,4.65
2,5.77,28.97,130,89.18,2.82,0.0,7.77,0,2.19
3,15.92,32.29,130,92.79,4.95,0.0,2.2,5,10.89
1,31.53,64.49,110,36.52,0.07,0.0,4.47,5,0.68
2,11.9,35.35,130,64.78,1.89,3.88,1.1,5,11.54
2,18.72,81.84,130,30.51,3.44,3.22,1.26,5,1.51
2,2.26,71.96,130,41.32,5.4,0.0,5.5,2,8.49
2,2.86,113.84,110,77.35,0.36,0.0,4.12,5,5.89
2,9.11,143.89,110,52.6,1.04,0.0,7.34,5,2.35
3,2.33,117.96,110,82.22,0.2,0.0,9.87,4,5.07
1,12.09,43.33,160,63.44,4.5,0.0,8.66,3,7.42
3,4.14,141.62,110,63.46,4.87,0.0,4.7,3,9.49
2,18.82,70.98,110,12.88,1.65,0.0,4.09,0,-4.51
3,19.81,81.64,110,73.72,0.05,25.52,6.06,1,10.91
3,7.48,74.8,110,93.12,0.27,26.17,1.37,4,16.49
2,2.39,56.47,130,50.21,2.45,0.0,9.88,4,-0.12
2,12.49,136.36,130,23.48,10.13,0.0,9.82,4,4.75
3,59.18,63.19,130,93.04,4.56,0.0,9.27,6,7.11
2,11.69,95.22,110,34.66,4.0,0.0,6.79,0,1.79
3,0.44,51.2,110,44.78,1.35,27.57,5.28,4,11.35
2,0.21,123.66,130,16.58,10.53,0.0,7.21,5,12.46
1,4.63,120.65,110,19.42,4.36,0.0,3.49,1,5.0
2,2.61,58.52,130,28.41,1.02,0.0,8.6,2,3.47
3,20.12,108.6,110,56.62,3.45,0.0,1.78,4,6.72
2,22.36,111.5,110,57.41,1.42,39.05,8.13,5,15.58
3,3.59,93.13,110,61.53,2.7,21.91,8.74,3,12.42
3,4.73,98.08,160,59.62,8.77,0.0,2.12,6,10.33
2,3.23,94.68,110,52.1,0.71,0.0,5.05,1,1.32
1,28.68,30.64,130,78.18,3.96,0.0,8.97,1,3.55
3,8.38,107.13,130,89.38,2.23,22.75,9.61,4,11.72
2,12.81,81.07,110,32.93,7.49,10.76,8.21,3,6.45
3,6.44,77.0,110,21.07,0.36,0.0,9.44,1,0.75
2,11.96,131.8,160,46.13,3.18,0.0,9.4,0,1.12
2,5.85,23.02,110,12.25,0.09,0.0,9.81,4,1.04
3,4.98,52.67,130,85.08,0.71,19.77,4.43,3,7.33
2,12.08,35.78,160,30.38,0.97,3.78,3.23,5,-1.23
2,10.73,24.59,110,56.69,1.42,24.25,6.51,2,9.37
2,4.17,55.84,110,19.78,8.4,0.0,2.29,1,8.02
2,1.94,148.5,110,57.03,0.17,6.31,5.79,2,6.47
2,5.52,55.13,110,13.31,0.46,0.0,6.0,3,0.16
3,6.44,106.28,110,75.35,0.57,0.0,8.16,5,5.92
2,11.89,35.38,130,91.21,1.38,28.45,3.94,0,8.94
2,29.51,98.24,130,36.09,0.16,17.18,6.22,3,4.71
2,0.44,147.98,130,31.95,8.41,0.0,9.08,2,7.55
2,3.35,57.94,160,48.08,2.05,0.0,4.51,3,3.29
2,2.58,130.25,110,62.7,4.2,0.0,5.93,3,9.86
3,8.37,149.68,110,26.06,3.7,17.98,7.98,1,9.36
3,6.74,96.51,110,78.28,2.7,0.0,2.87,5,7.7
2,15.67,60.22,110,26.88,5.87,0.0,1.48,3,6.34
2,3.33,107.56,110,10.47,5.82,21.79,6.98,0,14.4
1,10.83,129.83,110,54.56,0.34,13.61,4.02,1,12.42
2,25.84,42.28,130,19.79,5.81,0.0,4.13,0,0.66
2,28.99,78.83,160,69.35,1.86,0.0,9.34,2,3.15
2,38.27,61.49,110,24.23,0.78,0.0,4.37,5,-4.95
2,17.81,56.84,130,79.48,2.34,28.54,9.56,3,10.1
1,28.37,131.91,130,49.98,0.82,24.4,1.51,5,14.49
1,3.21,74.82,110,58.13,1.63,0.0,3.76,4,3.32
3,2.64,64.08,110,25.86,4.24,0.0,7.08,3,2.63
2,0.08,98.46,160,22.47,0.08,0.0,1.7,4,3.08
2,14.72,48.52,130,63.66,0.51,0.0,4.18,1,0.41
1,33.26,49.89,160,31.71,7.84,31.25,8.59,2,21.31
1,2.48,87.64,110,42.8,1.47,0.0,7.74,4,0.87
3,12.16,73.21,110,50.75,0.9,33.99,3.18,3,12.45
2,16.47,58.35,110,29.52,6.42,27.16,3.89,6,11.69
2,31.51,27.01,160,77.61,6.05,29.98,5.3,3,20.06
2,12.49,87.7,110,89.85,0.11,0.0,7.45,6,5.06
3,42.2,126.16,110,46.71,1.13,0.0,1.94,3,-5.05
1,5.07,130.68,130,87.99,6.1,12.01,5.51,2,21.95
1,5.17,50.61,110,85.03,0.5,0.0,1.2,4,10.45
2,9.4,97.95,110,24.11,2.16,7.57,4.28,4,2.38
2,5.8,131.26,130,24.74,0.97,0.0,2.31,2,-3.57
2,0.02,73.13,110,50.58,3.33,0.0,3.44,0,6.17
2,15.79,141.18,110,54.7,0.43,26.95,3.65,1,13.62
2,16.72,137.39,110,39.0,2.27,35.44,7.82,2,10.65
3,16.49,47.06,130,36.6,0.0,0.0,3.02,3,-3.48
2,5.08,53.67,110,46.67,0.73,0.0,6.81,5,-2.03
1,8.87,43.46,110,68.69,0.44,13.55,5.57,0,10.45
2,5.35,45.49,130,17.17,0.59,0.0,8.14,5,0.56
3,0.19,138.02,110,70.4,4.92,0.0,3.55,6,6.07
2,9.92,141.05,110,88.73,6.16,0.0,9.95,5,13.84
3,1.59,26.75,130,74.9,3.52,33.09,3.31,4,14.39
1,1.0,97.17,110,26.29,2.23,15.93,6.01,1,6.42
2,16.9,93.35,110,17.44,0.66,0.0,6.51,3,-1.04
1,0.11,70.77,130,51.68,0.8,0.0,5.61,3,2.97
2,38.33,102.12,130,91.29,0.93,0.0,8.66,3,5.02
3,8.69,143.16,130,79.62,3.75,34.33,1.57,2,19.31
3,48.91,42.13,110,57.83,0.73,15.49,6.17,5,6.36
2,0.72,35.65,110,22.15,9.07,0.0,5.31,4,4.98
2,10.51,24.34,130,70.68,3.98,0.0,4.46,0,4.54
3,5.16,67.3,110,79.1,20.43,0.0,3.79,1,24.81
2,22.26,63.89,110,89.48,1.54,0.0,1.95,3,7.07
1,5.38,76.01,130,62.03,2.22,0.0,6.67,2,7.48
2,3.62,85.43,110,53.73,0.82,16.78,1.62,5,14.89
2,23.39,118.52,130,62.63,2.31,0.0,8.38,2,6.23
2,5.63,70.97,110,90.18,9.11,32.05,4.75,1,22.44
2,0.2,62.98,110,63.39,0.08,0.0,6.25,0,3.59
2,5.94,127.49,130,31.9,0.85,16.52,1.24,6,9.25
2,12.75,130.47,110,64.07,0.83,0.0,1.39,2,7.26
1,3.52,50.26,130,84.78,10.1,0.0,2.74,2,15.66
2,6.79,60.91,110,58.2,0.36,0.0,7.91,4,1.1
3,0.7,127.27,110,52.73,4.18,24.91,5.12,4,18.43
2,10.64,30.32,110,72.34,0.8,0.0,3.45,0,-1.33
2,16.94,62.36,110,66.18,4.93,25.95,8.57,5,17.62
3,6.4,78.29,160,14.82,1.67,35.71,2.32,5,12.63
3,6.54,44.32,130,71.65,0.69,0.0,2.97,1,2.69
2,1.11,43.39,130,44.64,3.09,0.0,7.88,6,3.01
1,2.71,75.23,130,89.98,4.61,0.0,0.76,3,20.9
3,2.02,118.09,130,92.52,1.59,0.0,2.59,2,7.92
3,7.89,129.23,110,48.14,3.13,0.0,5.45,6,0.76
3,9.04,147.3,110,92.35,0.5,0.0,9.19,3,8.41
3,35.7,29.62,130,36.42,6.94,10.23,3.03,6,9.36
2,0.91,48.17,110,68.02,0.25,1.33,2.52,3,1.16
2,10.99,118.36,110,16.38,0.63,4.08,9.76,3,-4.32
1,8.97,90.28,130,22.32,0.85,0.0,5.48,0,3.2
2,8.71,62.6,110,83.48,0.41,0.0,1.09,6,5.61
2,24.78,46.73,110,85.97,1.31,0.0,3.13,1,4.73
2,2.76,56.46,110,55.27,1.53,2.18,5.57,1,6.51
2,0.5,75.81,130,38.88,1.83,0.0,1.18,4,4.39
3,13.39,43.03,110,48.34,0.1,0.0,7.08,3,0.44
2,5.08,145.35,130,83.92,0.62,32.49,5.46,3,16.76
2,0.21,33.99,110,27.93,4.12,0.0,7.24,2,7.32
1,3.47,148.13,130,35.06,4.16,0.0,3.75,0,10.8
2,4.44,129.45,110,76.76,1.0,0.0,4.49,3,8.16
3,11.51,75.01,160,89.5,1.55,28.1,9.32,0,14.99
2,2.27,116.18,110,17.9,0.51,30.15,2.5,5,13.19
3,6.39,107.3,130,78.32,4.32,21.72,0.88,4,18.82
2,7.9,47.73,130,64.83,7.85,32.28,9.83,0,17.95
2,7.38,64.08,110,29.62,0.86,2.85,0.57,1,4.36
2,43.77,86.71,110,74.24,3.81,0.0,8.94,5,11.77
2,0.56,102.92,130,71.87,1.09,0.0,8.35,6,2.54
3,36.18,90.58,130,22.07,0.01,0.0,5.13,5,-3.85
2,10.47,81.49,110,52.69,2.29,0.0,7.2,0,3.78
3,19.06,77.61,110,74.45,1.32,0.0,1.5,3,4.64
2,6.75,84.77,110,26.28,3.55,0.0,7.75,3,5.41
3,7.26,76.47,110,49.34,3.45,0.0,7.95,3,2.41
1,25.38,90.37,110,20.26,7.3,0.0,0.99,3,13.89
3,27.15,135.44,160,36.08,1.44,29.74,5.22,5,9.46
2,3.27,102.27,110,28.53,1.65,0.0,9.51,0,1.94
2,2.67,113.94,110,52.93,1.28,4.22,9.54,3,6.12
2,8.23,97.67,130,22.0,0.88,15.79,9.85,1,5.77
3,27.66,103.59,130,42.57,2.54,23.32,6.74,2,4.14
1,4.67,95.19,110,33.39,4.4,33.08,1.84,6,19.36
2,12.67,23.49,110,73.41,0.43,25.39,4.42,3,12.47
3,14.78,149.95,110,69.47,10.02,0.0,7.41,4,15.05
2,18.1,24.37,110,18.07,2.88,11.43,3.2,2,5.56
1,9.96,71.37,110,91.05,3.79,11.7,8.2,0,10.15
2,6.18,33.67,110,73.3,16.93,0.0,8.68,1,15.32
2,40.94,32.6,110,62.36,1.75,4.56,7.75,6,7.95
3,11.34,123.16,160,50.6,0.18,0.0,3.75,5,-0.12
3,15.65,75.37,110,25.12,3.91,0.0,7.54,1,1.82
2,5.08,124.15,110,91.77,5.12,0.0,1.19,4,13.01
3,13.3,55.46,160,10.67,0.44,4.81,3.68,3,-3.45
2,3.58,53.34,130,68.86,0.06,24.38,7.77,4,11.77
1,3.37,52.66,110,53.13,0.36,9.57,8.05,6,9.07
2,15.05,100.1,110,86.72,0.98,0.0,3.53,3,7.44
2,8.84,125.95,160,42.36,6.45,33.29,9.62,3,17.95
1,13.8,78.79,110,54.08,0.01,0.0,3.1,1,0.76
3,3.77,69.3,130,73.1,4.07,0.0,6.77,1,1.57
3,10.96,146.57,130,14.04,4.83,35.82,8.85,5,13.4
2,7.04,35.18,110,14.63,4.17,21.43,5.74,6,9.94
2,10.9,83.26,130,27.99,0.21,29.48,4.42,3,7.72
3,4.12,73.1,160,22.45,2.84,0.0,2.51,5,7.48
3,15.08,32.76,130,10.55,7.69,0.0,2.37,1,2.45
3,19.67,54.87,110,62.95,0.32,0.0,2.01,1,0.77
2,3.61,23.7,130,77.65,0.08,11.51,4.71,1,8.45
3,4.29,134.0,130,91.35,5.17,0.0,5.71,3,11.53
2,12.99,99.02,130,47.48,2.59,0.0,8.47,6,-1.77
2,14.27,125.95,130,33.78,2.6,0.0,2.56,3,-4.92
1,14.61,87.8,110,83.43,8.34,15.88,7.67,2,21.56
1,13.77,97.94,110,81.77,3.67,0.0,7.09,1,10.74
2,5.99,111.11,110,63.11,1.27,28.39,6.53,3,13.55
2,6.03,138.04,110,33.22,1.43,0.0,3.72,1,5.46
1,3.53,31.93,110,87.22,0.39,35.45,3.52,2,14.1
3,2.05,63.02,110,25.16,0.91,0.0,7.71,6,-0.15
1,14.15,112.17,110,13.71,1.47,37.5,3.11,2,16.84
2,1.17,144.59,130,77.71,0.76,0.0,3.63,0,7.47
2,33.33,147.5,130,57.91,6.19,27.44,9.67,3,22.47
3,21.03,102.95,130,30.95,0.03,0.0,9.99,2,-4.09
2,23.38,45.17,110,67.03,2.21,21.34,0.52,6,15.7
1,28.46,35.5,110,75.17,3.69,0.0,7.02,3,7.55
2,6.3,142.99,110,81.79,3.29,0.0,5.59,3,10.16
3,22.5,76.41,130,33.98,2.58,0.0,4.87,6,-5.55
3,2.06,45.33,130,12.17,1.32,21.7,3.12,1,13.29
2,0.26,141.41,110,53.35,6.27,0.0,5.32,6,7.19
2,18.44,33.59,130,82.77,1.0,0.0,4.84,3,2.38
3,0.93,114.84,130,27.66,3.47,0.0,4.31,1,3.03
1,53.61,101.28,130,45.8,6.53,26.12,8.57,1,19.22
2,13.48,31.41,110,31.8,0.34,0.0,3.07,1,-1.1
2,16.8,64.04,130,11.14,7.35,0.0,6.18,5,4.32
1,3.39,39.49,130,86.37,3.74,0.0,8.71,6,6.83
2,13.45,98.58,110,21.48,2.4,0.0,9.8,4,0.94
2,0.53,82.02,110,75.18,1.17,0.0,6.23,3,3.08
2,21.83,20.56,110,39.46,5.87,11.17,5.44,5,7.6
3,2.23,146.84,110,33.6,0.11,0.0,8.48,2,-2.41
2,14.34,65.45,110,89.99,1.41,0.0,2.29,6,5.48
3,3.05,53.57,110,65.86,3.53,17.07,6.49,3,13.67
1,0.85,48.92,110,68.39,4.17,10.47,1.11,0,14.19
2,7.88,40.65,110,74.57,0.56,0.0,6.77,3,5.69
1,2.23,149.89,110,38.98,0.12,0.0,8.06,4,1.61
3,15.69,58.36,130,57.91,4.06,33.67,1.1,5,17.71
3,3.25,72.72,130,32.97,1.37,0.0,8.56,0,4.59
2,5.03,133.28,110,80.94,0.39,31.81,1.67,0,18.57
3,10.06,103.45,110,60.94,0.22,17.55,2.17,1,6.3
2,4.03,67.93,130,30.69,2.56,0.0,8.45,2,3.62
3,5.7,136.78,130,86.48,2.19,0.0,1.68,0,8.79
3,20.29,117.46,110,59.37,4.81,35.23,6.9,4,21.07
3,2.37,49.63,130,52.08,0.08,27.39,3.3,2,9.69
2,1.03,103.69,110,12.93,5.07,34.64,2.86,3,14.66
1,4.78,139.91,130,87.33,5.46,0.0,6.68,4,19.53
2,6.63,84.54,160,90.94,1.48,11.46,1.51,5,12.14
1,9.39,115.37,110,57.82,0.2,10.92,5.96,2,12.01
2,5.59,146.24,160,47.61,7.33,0.0,9.28,4,5.2
2,18.72,109.75,110,40.56,0.19,0.0,8.59,0,-4.74
2,0.48,33.32,130,32.78,2.23,0.0,8.59,1,3.12
1,6.78,51.79,110,58.83,1.7,0.0,3.38,1,7.45
1,5.78,97.36,130,20.89,4.51,11.94,7.16,2,8.12
2,12.52,55.82,110,88.13,1.75,0.0,7.91,1,3.08
3,40.67,144.48,130,24.96,1.58,0.0,9.06,0,-6.19
2,8.57,72.7,130,73.37,5.31,0.0,3.01,5,3.54
2,52.0,79.44,110,36.09,8.31,0.0,7.73,4,2.73
3,4.32,111.21,110,29.22,1.99,24.08,2.71,6,12.14
2,0.38,88.15,110,57.42,1.52,0.0,0.76,1,9.33
2,2.17,69.68,130,75.04,4.45,0.0,5.08,5,7.62
2,6.03,29.96,130,71.77,4.45,20.06,7.78,0,9.28
2,4.56,97.54,110,29.87,0.96,0.0,2.54,4,-0.85
3,1.23,132.79,130,38.09,2.15,0.0,0.96,6,10.02
1,6.8,109.15,110,83.85,0.42,30.01,4.05,0,21.33
2,4.95,69.59,110,71.48,2.52,0.0,2.43,6,4.62
1,1.57,36.6,110,70.58,4.49,0.0,4.13,2,5.52
2,4.21,126.12,130,32.86,0.52,0.0,9.25,6,1.69
3,26.1,142.43,160,77.32,0.98,0.0,7.57,4,3.98
2,4.32,70.48,130,40.47,1.49,0.0,4.04,4,4.13
1,15.02,114.72,110,44.12,4.66,0.0,3.59,0,6.06
2,11.36,73.4,130,34.44,3.29,11.93,9.25,5,6.44
1,6.69,85.29,110,20.32,0.95,0.0,8.94,1,4.89
1,3.28,128.74,110,45.73,0.7,0.0,6.24,5,6.13
3,5.53,30.85,110,11.44,2.97,5.89,3.9,2,0.94
3,10.76,88.94,110,48.75,1.63,12.61,8.03,5,5.55
3,5.18,47.9,130,71.63,2.25,0.0,6.81,1,2.44
3,2.9,64.17,110,91.66,2.62,0.0,5.86,3,4.01
2,1.49,103.78,160,16.68,2.05,0.0,7.52,5,2.59
1,25.42,23.54,110,33.91,2.37,0.0,1.78,5,3.22
3,6.96,97.2,110,52.0,5.46,9.89,9.34,2,9.33
3,11.78,56.85,110,24.48,5.07,0.0,9.74,2,3.11
3,8.09,107.03,110,19.93,0.4,0.0,3.87,0,-1.53
2,24.72,38.41,160,48.45,2.21,24.03,9.49,0,4.93
2,9.5,115.66,110,59.36,1.45,0.0,8.06,6,6.51
3,7.87,103.93,160,79.72,0.84,27.98,9.44,2,16.1
3,31.02,146.26,110,94.81,2.49,0.0,9.22,2,9.6
3,15.26,138.46,110,75.81,1.79,0.0,2.41,4,6.85
1,1.42,56.83,110,28.81,3.73,0.0,2.97,1,4.09
2,2.35,23.55,130,73.58,0.25,0.0,2.98,5,-1.24
2,18.56,105.2,110,55.66,0.9,0.0,1.4,6,6.12
3,21.68,98.38,160,48.32,0.07,30.03,4.28,0,8.35
1,9.45,23.57,110,89.54,3.43,0.0,3.94,6,6.55
1,9.7,35.95,110,69.68,6.09,0.0,3.77,4,11.91
3,11.99,96.01,130,67.94,2.21,0.0,3.81,5,7.76
1,6.94,138.54,110,11.0,2.4,25.38,1.09,5,15.2
3,13.68,137.85,110,83.53,0.12,0.0,2.27,3,3.62
2,1.38,39.69,130,77.43,1.75,32.27,3.31,2,13.86
3,39.02,69.99,110,35.41,1.87,0.0,8.95,5,-2.57
2,16.64,25.62,130,34.83,0.1,5.08,9.3,6,-1.52
3,11.97,81.01,110,14.55,3.81,0.0,3.21,0,1.45
3,4.56,117.9,110,14.32,0.82,0.0,7.09,2,2.89
1,2.11,122.7,110,66.83,3.21,0.0,8.58,4,7.43
1,6.32,84.87,130,25.83,1.29,0.0,5.31,2,5.85
2,13.0,32.46,130,88.5,13.59,0.0,7.68,2,14.27
2,12.05,69.58,130,81.6,0.6,22.26,9.77,4,11.01
3,5.79,141.17,130,39.66,0.15,9.25,2.04,1,3.45
2,11.4,49.85,110,42.31,9.77,5.59,1.17,4,10.75
2,20.17,61.57,110,37.82,0.7,0.0,6.58,2,-3.87
1,0.32,117.09,110,17.85,2.52,0.0,5.33,1,1.56
3,7.19,115.37,130,12.67,1.17,0.0,3.32,4,-0.86
3,17.05,138.59,130,48.43,2.55,0.45,9.21,4,-1.9
2,9.48,70.46,110,90.16,2.27,11.4,8.54,5,10.91
2,12.65,86.9,110,87.97,3.07,14.44,3.01,5,10.09
1,8.72,80.76,130,78.84,0.05,0.0,7.85,0,7.95
2,57.75,140.61,130,63.43,4.52,0.0,8.37,4,6.4
2,0.67,120.01,130,82.78,1.63,25.11,3.59,2,18.13
1,8.1,128.09,110,53.78,1.83,31.56,1.44,0,22.33
2,1.15,37.3,130,25.31,1.32,0.0,8.58,1,-2.75
2,2.09,122.94,130,68.15,11.36,0.0,1.42,0,19.48
2,5.8,76.29,110,88.25,4.04,0.0,5.05,3,2.88
2,2.03,23.03,130,11.67,0.93,0.0,2.35,1,-1.38
1,39.79,27.81,110,31.37,3.82,0.0,9.31,3,6.35
3,35.2,108.13,110,32.56,1.44,24.46,1.52,2,4.27
3,4.92,68.36,160,18.42,5.1,0.0,1.61,5,9.92
2,12.25,132.86,160,29.17,0.08,9.54,7.17,1,2.12
1,9.16,115.46,110,42.64,1.1,0.0,2.45,1,3.56
3,20.29,22.82,110,89.89,1.4,5.35,1.76,0,3.94
3,11.85,109.3,130,83.12,3.41,0.0,2.1,3,9.9
2,0.0,45.01,110,90.41,0.5,24.9,6.16,3,10.76
2,17.29,74.94,110,20.25,0.84,0.0,2.61,0,-7.59
1,16.49,101.22,110,12.38,3.22,0.0,4.08,0,1.68
2,8.55,133.45,130,19.34,0.2,14.7,8.57,5,3.49
1,27.99,79.29,110,87.72,0.56,30.75,2.17,0,18.1
2,28.69,125.1,130,23.39,3.5,0.0,8.35,0,0.55
2,8.91,121.79,110,58.67,5.21,0.0,7.87,5,7.02
2,11.24,73.89,130,29.34,3.26,0.0,8.4,5,-0.81
2,67.94,85.13,160,11.75,1.87,6.51,3.8,4,-3.37
2,4.26,111.06,130,17.19,0.26,0.0,4.99,0,2.33
2,4.71,24.05,110,70.33,4.39,0.0,7.22,0,4.68
1,2.42,135.81,110,25.5,0.33,39.52,0.86,6,21.92
1,27.15,120.08,130,29.48,1.22,23.37,6.81,0,13.48
3,16.37,52.42,160,42.07,0.13,11.54,1.64,5,3.33
1,1.34,147.55,110,65.87,3.09,0.0,3.24,4,12.99
3,48.05,43.32,110,49.9,1.75,0.0,8.19,2,-2.99
3,15.75,138.83,110,90.29,5.95,0.0,6.54,2,8.06
2,22.81,62.18,110,46.91,0.37,5.14,6.41,6,-3.9
2,0.59,119.21,110,26.93,4.28,0.0,2.66,0,5.17
2,8.44,79.33,160,55.57,1.79,0.0,6.84,1,8.23
3,14.39,115.74,110,48.33,1.14,0.0,1.75,5,-1.93
3,9.4,40.25,110,76.91,2.58,24.45,9.67,4,14.3
3,13.18,55.04,160,89.49,3.91,32.4,2.9,0,18.3
1,20.44,32.98,110,81.09,1.45,0.0,8.35,4,4.53
2,5.63,132.47,130,43.07,0.66,0.0,9.24,4,0.43
2,22.66,58.52,110,28.37,6.19,2.33,2.13,5,2.64
2,2.13,110.28,160,87.73,0.94,14.99,0.59,6,16.73
1,3.79,126.63,110,42.8,15.85,0.0,8.81,2,20.73
1,0.53,137.18,160,75.47,3.65,0.0,7.76,5,16.39
3,5.44,33.82,110,94.11,2.91,0.0,1.97,3,3.55
2,5.73,136.09,110,59.08,0.03,0.0,8.39,3,2.67
2,19.63,45.64,110,50.79,1.49,5.82,8.2,3,3.26
2,12.71,115.8,110,69.49,1.75,36.99,4.88,0,20.7
3,6.89,114.75,110,26.48,1.18,28.41,9.49,3,11.28
3,12.67,21.11,160,51.5,0.41,16.28,6.03,0,9.34
2,0.65,48.68,110,36.55,1.14,0.0,4.71,1,0.05
1,2.39,83.95,130,23.96,0.19,0.0,0.63,5,5.31
2,11.83,74.6,110,61.86,0.86,0.0,9.55,2,6.26
3,12.31,139.41,130,58.94,0.22,12.92,1.72,1,10.9
2,17.85,66.77,130,74.7,3.49,0.0,3.31,0,4.14
2,6.19,141.81,160,84.2,2.78,0.0,7.43,1,7.93
2,15.39,79.73,110,28.73,7.03,0.0,0.55,5,9.28
2,13.82,145.37,110,76.27,1.19,32.72,5.65,3,21.08
3,39.69,115.86,110,41.23,3.86,0.0,2.01,1,-4.63
2,2.91,127.81,130,63.45,2.21,0.0,0.71,4,11.29
1,9.63,33.63,130,82.27,2.6,29.17,6.6,4,18.14
1,11.05,96.2,130,31.78,1.98,30.31,6.23,2,13.81
2,79.27,38.55,110,61.08,3.78,0.0,7.48,1,4.68
3,2.7,58.69,130,50.83,0.11,0.0,6.37,0,3.72
2,8.89,101.06,160,77.2,0.21,22.3,4.7,2,11.41
3,5.1,114.41,110,69.27,0.25,0.0,5.05,3,5.41
3,8.96,25.09,110,75.42,0.85,28.05,2.59,3,11.04
2,3.17,89.02,130,34.48,2.24,0.0,1.3,4,3.76
1,0.59,93.49,110,69.87,2.59,31.08,8.68,2,21.12
1,10.2,30.25,130,61.49,3.12,37.45,7.07,3,16.67
3,4.91,85.09,130,48.82,0.82,11.85,1.67,1,5.0
1,2.41,112.8,160,42.16,2.63,0.0,3.01,2,9.73
2,4.7,26.92,130,38.19,0.31,0.0,8.7,1,1.47
2,0.61,118.83,130,10.82,0.03,0.0,9.62,1,-0.47
3,36.06,94.94,110,24.41,2.97,0.0,8.02,5,-3.63
1,10.44,128.32,110,15.01,3.14,26.95,5.91,1,16.2
2,20.23,48.35,130,82.11,2.43,0.0,8.76,2,7.9
2,6.6,128.33,130,83.11,0.75,32.38,6.45,2,17.12
2,28.04,32.29,130,81.93,6.56,10.24,7.14,4,12.18
3,7.92,72.5,110,79.52,5.21,27.39,8.36,2,16.2
1,10.24,45.93,110,28.81,1.81,23.73,3.86,5,12.3
3,8.12,133.88,110,51.8,11.31,0.0,7.95,0,12.42
2,15.86,111.64,110,87.17,0.89,0.0,2.47,2,2.83
2,10.03,23.3,130,74.58,1.69,29.67,2.35,5,10.93
2,3.8,21.24,130,10.15,6.58,31.81,8.21,4,19.82
2,1.89,57.86,110,49.05,1.55,0.0,5.86,2,1.18
1,11.18,38.63,130,10.91,1.59,16.35,4.43,0,8.98
2,8.06,101.94,130,33.86,0.21,0.0,5.47,2,-0.5
2,1.21,106.29,130,47.04,0.59,37.12,9.79,6,13.98
2,6.04,142.45,130,85.9,0.43,30.2,8.99,4,17.91
2,8.68,143.77,110,65.62,2.08,0.0,5.32,0,5.32
3,21.05,105.66,130,40.81,0.96,37.02,5.7,4,7.78
2,0.95,20.74,110,51.71,0.2,13.95,6.34,5,1.93
1,5.14,66.67,130,79.48,1.78,0.0,8.01,3,7.43
2,20.76,86.71,130,35.47,2.77,0.0,8.8,1,-3.28
3,12.54,84.89,130,62.28,3.33,39.85,1.89,4,19.48
3,4.11,98.43,160,32.29,4.54,0.0,6.47,3,6.17
2,22.4,144.87,130,50.8,1.64,16.01,2.66,2,11.34
3,8.16,135.08,110,12.1,1.24,3.38,6.41,0,-1.03
2,8.28,34.16,110,82.44,2.88,0.0,2.13,5,3.2
2,45.05,54.58,110,14.11,0.03,0.0,8.18,4,-3.8
3,35.28,128.3,110,29.07,2.51,6.85,6.78,0,-0.84
3,5.33,127.16,110,38.35,1.3,2.92,8.73,5,0.7
2,1.82,55.8,130,63.14,1.51,0.0,9.47,6,1.77
3,4.73,114.98,110,71.2,0.88,0.0,9.37,3,1.45
1,0.37,107.36,110,16.84,0.34,13.01,1.88,6,6.97
3,0.25,81.56,130,13.69,1.28,31.59,4.08,5,11.86
2,6.04,46.19,130,77.91,0.92,0.0,5.09,5,0.88
1,33.97,135.52,160,70.53,8.05,18.59,8.0,4,22.61
2,24.61,108.12,110,80.68,7.19,8.95,0.64,2,21.99
2,8.6,41.97,130,67.51,2.58,0.0,9.29,2,4.25
2,10.0,111.62,110,73.84,5.85,0.0,4.37,5,8.82
2,0.07,116.39,110,42.22,3.48,31.88,6.5,2,17.43
1,2.91,135.29,130,60.17,1.06,0.0,9.82,1,10.36
2,0.3,48.97,110,78.46,2.32,0.0,8.89,2,5.74
2,16.86,148.54,110,24.63,0.62,21.55,3.94,6,4.32
2,1.89,39.94,130,45.94,2.91,0.0,5.1,1,6.92
2,24.4,98.09,130,72.94,0.11,4.95,7.81,4,8.2
3,12.37,105.43,130,55.27,4.45,0.0,7.56,4,6.19
3,3.13,74.46,110,67.94,2.19,0.0,7.2,3,5.86
3,2.06,81.75,110,34.89,0.15,0.0,0.6,3,7.59
2,11.85,135.82,110,12.75,5.13,1.13,2.39,6,1.13
3,27.73,103.89,160,12.48,5.25,0.0,2.61,0,1.64
1,15.21,84.61,130,90.14,4.79,30.24,2.88,6,28.11
1,5.14,36.69,110,90.29,3.72,0.0,1.41,4,12.53
2,10.62,20.95,110,27.96,2.83,25.74,8.16,0,11.85
3,4.47,36.25,130,22.53,1.26,0.0,3.74,6,3.27
2,84.84,144.3,110,11.54,0.37,0.0,7.87,3,-9.73
1,16.58,119.33,160,29.66,0.85,0.0,9.35,0,4.83
1,11.43,145.73,130,38.42,1.07,37.24,3.47,3,14.99
3,6.6,24.64,110,30.51,1.11,0.84,4.81,1,-0.76
2,11.55,108.43,110,77.78,2.08,0.32,1.33,3,4.45
2,5.02,25.76,130,73.7,0.58,0.0,3.3,4,2.38
2,0.35,121.67,110,16.89,0.53,39.74,5.69,6,16.82
2,6.03,69.52,130,69.27,3.16,0.0,2.21,4,8.85
2,31.99,32.45,110,54.25,0.02,34.98,5.6,1,12.55
2,11.81,93.85,110,21.23,0.4,0.0,3.47,1,-2.29
3,1.05,56.42,130,72.86,1.43,4.36,9.91,3,4.34
2,25.95,105.74,110,17.31,0.4,31.16,4.07,4,8.18
2,3.76,105.56,110,25.06,8.04,0.0,0.87,3,13.8
1,3.35,111.65,110,22.68,2.77,31.69,4.99,6,18.6
2,4.23,149.02,130,89.82,1.42,9.64,3.67,3,15.47
2,10.33,70.27,130,69.34,0.3,35.19,4.02,5,16.55
2,9.44,80.49,110,44.96,1.22,2.88,4.02,1,-0.45
1,8.11,124.6,130,79.89,2.63,0.0,8.87,3,11.55
3,15.17,95.19,110,28.36,8.67,0.0,5.23,3,4.73
2,4.57,24.84,110,89.14,1.6,2.71,2.9,6,4.09
2,18.28,129.6,130,69.24,2.95,0.0,8.03,1,5.08
3,2.31,26.69,130,57.56,0.54,0.0,4.71,5,3.15
2,18.31,42.21,110,77.55,2.44,0.0,1.88,1,5.07
3,13.08,33.27,110,64.81,0.68,24.87,9.99,2,11.24
2,13.79,30.13,110,85.4,0.55,15.9,0.76,3,15.99
2,7.88,23.34,130,80.48,1.78,31.61,7.24,5,12.34
3,13.2,27.15,110,26.82,0.59,13.4,8.55,2,-0.58
2,1.0,77.52,110,30.37,3.19,21.31,3.86,5,10.09
2,22.89,52.87,110,15.53,6.92,2.22,1.99,5,7.78
3,0.69,36.45,110,28.72,1.25,12.91,4.65,1,5.96
2,1.93,105.63,130,39.2,0.97,0.0,5.08,6,1.9
2,10.32,49.39,110,12.45,0.48,0.0,10.0,5,-3.57
2,16.14,22.46,130,36.77,1.24,3.96,0.68,4,6.62
3,0.95,74.39,110,75.58,2.05,0.0,6.73,2,2.91
3,30.42,60.36,110,81.43,1.17,36.01,8.14,6,14.64
2,43.62,61.42,110,10.75,2.44,11.24,6.37,0,4.45
2,11.18,77.89,110,10.61,2.71,30.61,6.48,0,15.35
3,7.88,106.96,110,22.44,0.26,0.0,8.82,5,-3.47
1,16.23,100.14,130,84.17,2.99,20.94,5.87,2,19.04
2,4.78,141.84,130,49.89,5.76,0.0,8.88,6,7.35
3,8.16,87.3,110,93.55,0.07,0.0,2.5,0,6.69
3,29.74,81.43,110,85.42,2.0,1.05,5.4,4,6.61
3,37.39,47.74,110,85.66,2.32,0.0,0.82,3,8.13
2,31.42,118.2,130,20.92,3.09,0.0,8.13,4,-5.32
1,3.65,38.3,130,50.39,1.22,0.0,7.88,0,5.83
2,3.17,83.85,160,94.46,4.27,0.0,5.62,5,9.4
2,4.24,74.77,130,22.67,1.94,0.0,4.26,3,2.21
2,6.99,105.58,110,58.81,1.31,0.0,4.02,0,-0.3
3,4.53,139.29,130,39.26,3.18,0.0,2.41,2,5.92
1,5.62,143.06,110,42.97,6.56,3.48,4.56,4,11.93
3,11.63,41.81,130,85.72,4.18,3.86,3.39,3,7.15
2,17.25,54.04,110,59.97,6.67,0.0,5.99,1,8.31
2,15.96,125.51,110,74.5,0.77,0.0,7.97,6,7.58
1,20.21,87.38,110,67.22,0.32,0.0,7.09,4,1.55
2,0.39,78.89,110,54.97,1.91,0.0,5.38,1,1.31
1,0.59,112.38,130,77.3,0.11,0.0,9.51,2,13.46
3,18.69,98.25,130,92.51,2.81,0.0,2.37,5,4.15
3,9.14,146.19,130,92.18,0.69,0.0,6.58,0,4.77
2,10.36,95.92,160,77.1,1.51,0.0,1.34,6,10.68
2,0.65,80.58,110,51.42,2.66,0.0,6.89,2,4.39
3,3.54,90.57,110,23.87,1.65,0.0,7.39,6,2.07
2,12.21,125.11,130,13.78,0.67,0.0,7.93,1,0.43
1,23.52,99.65,130,29.67,5.31,34.07,6.81,3,17.58
2,29.86,104.12,110,38.92,3.62,0.0,1.66,2,-1.79
3,8.33,146.29,110,21.04,2.3,0.0,0.92,0,6.03
1,9.46,100.39,110,29.11,3.0,0.0,7.29,3,4.77
2,21.48,69.44,160,17.1,1.34,0.0,8.08,3,-1.04
3,9.26,109.87,130,54.51,1.18,36.54,0.81,0,19.08
1,8.73,105.73,110,20.74,0.44,6.48,1.92,3,4.24
1,28.26,21.8,130,73.14,4.07,0.0,8.01,5,5.58
2,18.72,80.75,110,38.28,1.2,0.0,9.69,5,-4.01
3,28.77,116.58,110,67.13,2.95,5.91,5.45,6,4.98
2,2.95,84.88,130,85.01,0.89,0.0,1.96,4,4.45
3,8.92,121.35,110,17.31,3.97,0.0,3.55,3,0.45
2,22.18,78.61,110,94.07,0.28,0.0,7.92,6,7.48
1,1.41,147.83,130,64.85,2.45,0.0,5.66,1,12.63
3,19.0,58.08,130,14.54,4.12,0.0,1.05,4,5.02
2,2.43,31.98,160,36.69,2.7,0.0,3.43,2,2.69
2,19.81,75.9,110,85.33,2.98,23.2,7.65,3,13.12
2,11.36,90.42,110,60.68,1.87,18.78,3.59,0,11.34
2,2.58,65.38,110,34.41,2.05,14.4,4.61,4,10.56
1,7.69,51.5,130,89.94,0.17,0.0,9.1,3,4.13
1,13.74,107.37,110,76.92,0.72,4.74,9.85,1,12.21
2,12.06,69.03,110,72.52,3.2,0.0,7.69,6,4.87
3,6.69,102.08,110,85.52,7.27,0.0,2.78,5,10.68
2,27.56,121.28,130,75.43,1.95,0.0,2.81,3,6.51
3,8.79,118.93,110,34.37,3.23,0.0,3.39,3,2.27
2,8.46,68.79,110,59.63,2.88,26.43,2.03,4,13.62
2,0.77,93.83,110,81.59,18.48,0.0,2.2,5,21.81
1,30.63,78.46,110,25.37,3.96,11.33,2.93,1,5.66
1,2.34,133.2,110,23.86,2.47,14.4,6.77,6,9.29
2,9.02,134.24,110,23.51,0.31,0.0,6.32,6,-0.52
3,19.53,64.69,130,26.51,1.13,0.0,3.74,3,-2.8
3,2.91,31.93,110,18.77,0.72,0.0,2.37,6,0.65
3,8.99,41.79,110,81.2,4.8,6.35,6.43,4,11.28
2,3.3,67.71,110,79.56,1.48,0.0,1.74,0,8.74
3,17.11,93.35,160,22.87,1.92,0.0,1.89,3,-0.34
2,9.97,105.38,110,69.97,8.37,0.0,4.14,2,12.73
1,23.25,63.08,130,63.29,4.53,0.0,5.89,0,8.42
3,27.0,106.77,130,33.48,3.9,16.26,7.42,3,1.03
2,12.55,141.91,110,29.33,0.38,0.0,7.03,0,-6.15
1,15.51,104.76,110,31.3,0.06,4.05,4.1,2,5.94
2,9.56,40.61,130,72.1,0.34,0.0,6.72,0,2.07
2,5.82,95.36,130,37.14,3.37,1.82,2.51,3,10.11
3,12.53,90.45,130,33.63,1.32,0.0,5.19,5,-3.04
2,28.67,133.19,130,11.91,0.31,0.0,6.35,2,-7.24
3,6.47,65.54,110,87.2,3.36,0.0,7.57,5,7.68
1,4.53,74.98,130,73.98,0.54,4.59,1.26,5,9.63
2,5.9,97.83,110,50.19,2.22,0.0,1.46,5,5.73
2,6.86,88.18,130,90.15,3.38,0.0,1.2,5,11.06
2,0.92,113.47,130,34.95,2.34,0.0,5.69,1,2.67
2,8.28,25.25,110,67.35,12.64,0.0,5.92,6,14.27
3,8.18,93.26,110,35.94,1.42,25.85,0.6,4,14.37
3,10.65,35.82,110,36.74,0.93,0.0,6.74,4,-5.26
3,5.41,60.98,110,81.8,0.56,14.6,7.75,3,7.78
3,11.4,106.01,130,76.9,1.75,0.0,1.61,6,7.0
3,25.27,40.46,130,35.0,4.78,14.48,3.7,4,7.35
2,37.34,60.15,130,16.92,7.34,0.0,8.57,4,6.79
3,10.51,111.39,110,40.39,8.94,0.0,7.03,3,7.45
2,0.52,104.6,110,74.6,1.89,0.0,3.39,3,6.06
2,41.78,31.84,110,18.55,2.32,0.0,7.55,0,2.12
2,14.68,95.04,110,67.13,2.18,13.32,8.93,4,14.46
2,4.91,39.14,130,85.63,1.57,0.0,3.44,5,3.26
2,1.91,52.8,130,25.23,0.41,17.64,7.0,0,8.99
3,1.86,79.7,110,83.29,0.17,0.0,1.39,4,8.85
2,2.2,34.22,130,14.37,1.43,30.43,1.06,4,15.46
1,0.56,149.17,110,66.68,0.52,0.0,6.07,1,7.76
2,27.89,41.5,110,77.24,5.44,0.0,5.18,4,8.06
1,9.34,121.57,110,47.81,3.59,0.0,8.2,6,10.57
1,14.45,127.88,130,27.32,2.41,0.0,7.91,3,3.49
2,21.13,149.28,110,88.6,0.12,0.0,3.22,4,10.32
2,18.82,75.72,110,11.7,2.43,0.0,5.37,2,-4.23
2,25.71,133.63,130,57.18,2.43,0.0,7.68,5,5.19
3,41.03,144.48,130,41.69,1.45,0.0,3.07,1,-7.04
3,6.94,42.48,110,49.19,2.68,24.23,3.94,0,9.33
2,36.03,82.33,130,55.61,4.88,7.36,1.07,4,11.37
2,15.42,27.8,130,55.45,3.55,0.0,1.74,4,4.56
2,0.88,100.69,110,27.31,1.6,0.0,6.3,0,-1.68
3,13.74,95.58,130,67.77,0.76,31.83,5.22,1,15.39
1,13.93,46.54,110,11.63,1.62,0.0,2.1,0,1.83
1,28.36,123.73,130,11.8,7.3,22.3,0.57,4,23.47
3,5.6,24.84,160,50.67,4.29,0.0,2.11,0,4.43
2,10.55,124.81,110,56.06,0.07,27.51,7.62,0,9.03
1,0.15,23.46,110,33.37,3.82,0.0,1.39,4,7.33
2,4.84,105.39,110,56.89,0.47,20.37,4.32,1,8.82
3,0.77,30.24,110,53.87,2.12,0.0,2.77,3,4.7
3,8.85,52.66,110,39.68,4.11,0.0,5.72,1,1.47
3,20.41,113.85,130,65.4,2.06,21.41,5.36,3,15.94
2,2.77,56.45,110,91.42,1.29,0.0,9.84,4,2.71
2,9.0,86.45,110,51.72,0.97,0.0,7.84,4,3.22
3,2.74,138.98,130,76.81,0.91,14.03,9.41,6,10.86
3,1.54,26.45,130,31.05,4.54,0.0,5.99,6,4.02
2,8.58,125.44,110,74.77,4.36,0.0,7.51,3,6.65
3,0.99,28.49,130,65.16,4.33,0.0,9.0,4,4.52
1,10.62,36.48,160,64.37,0.83,0.0,0.89,4,3.83
2,0.38,35.51,110,85.91,4.01,0.0,9.2,3,4.41
2,1.35,149.23,110,29.83,0.09,0.0,2.51,6,0.86
2,9.58,43.42,130,41.32,0.58,7.48,7.2,6,2.91
3,10.74,136.58,130,17.06,1.81,26.27,7.85,0,8.59
1,0.35,148.82,110,71.72,1.31,0.0,1.54,5,13.25
2,10.22,69.89,110,81.73,0.3,0.0,9.55,1,2.61
3,21.88,102.04,130,44.5,0.11,0.0,9.3,1,-6.5
3,15.38,121.28,160,40.33,2.36,0.0,6.72,6,0.64
1,1.69,71.04,130,65.99,0.94,0.0,1.98,2,2.55
2,10.77,41.04,160,16.43,0.04,37.56,5.88,4,8.86
2,13.39,76.39,130,34.98,1.41,18.16,3.77,0,1.54
1,0.46,120.35,160,41.13,0.92,0.0,9.34,0,5.33
3,23.2,121.5,130,54.08,2.15,0.0,4.36,4,6.96
3,28.41,49.97,160,50.51,6.64,0.0,7.09,1,8.44
1,22.8,42.75,110,27.74,0.92,0.0,6.55,2,2.78
1,20.89,139.67,130,55.97,14.64,0.0,3.07,2,20.14
1,16.4,25.72,110,88.7,0.22,0.0,5.59,6,3.96
3,12.04,115.52,110,12.3,0.23,0.0,4.39,2,-4.77
1,13.62,26.03,130,67.83,3.12,0.0,4.06,3,3.7
2,19.7,128.93,110,63.1,3.45,0.0,8.71,5,7.13
2,13.03,137.7,110,88.58,1.37,32.26,1.83,3,20.82
2,4.77,58.66,160,64.85,0.84,16.52,4.4,4,12.0
1,5.66,29.61,130,63.11,3.95,20.01,0.56,2,20.15
2,27.28,82.49,160,75.43,7.82,25.71,2.99,6,20.36
3,0.21,58.8,160,32.76,11.49,16.42,6.41,6,21.0
3,14.4,74.23,110,60.64,2.52,13.0,1.33,0,15.89
3,37.15,106.45,110,54.15,3.37,21.86,3.08,3,12.63
1,14.7,47.28,110,47.27,4.32,0.0,8.86,6,6.72
2,61.22,66.4,130,16.76,4.01,0.0,7.07,3,-2.72
2,13.96,121.73,130,34.87,12.55,0.0,1.17,4,13.24
2,0.42,103.69,110,33.8,4.16,0.0,9.93,5,3.78
3,21.05,62.42,110,71.56,2.72,0.0,9.48,3,0.46
2,4.02,106.36,110,88.26,1.18,3.31,1.85,6,10.6
1,7.09,119.49,110,29.62,2.28,0.0,9.26,4,4.27
3,4.49,97.02,110,16.34,5.31,0.79,5.72,0,4.01
3,3.75,51.13,130,95.0,0.91,23.97,9.33,6,7.72
1,6.78,20.03,110,68.75,0.08,0.0,9.7,6,0.22
2,5.71,124.37,110,85.35,0.99,0.0,7.09,4,5.88
2,12.04,126.94,110,22.23,8.06,5.25,3.27,2,6.63
2,20.13,110.69,130,78.07,3.95,0.0,9.28,3,5.19
1,4.23,29.96,110,79.13,0.52,0.0,5.95,1,4.0
2,2.89,96.08,110,22.88,0.03,0.0,3.74,4,1.76
3,13.19,126.73,130,23.72,2.76,0.0,4.87,0,-3.37
2,13.32,70.66,160,35.11,2.16,13.42,4.36,2,0.19
1,27.77,45.74,160,28.43,0.22,25.94,9.39,4,11.96
2,0.19,96.39,110,92.91,8.45,0.0,8.29,2,13.78
2,23.01,127.42,130,40.85,2.4,0.0,0.8,6,3.28
3,8.83,26.35,110,74.71,2.64,0.0,0.59,6,9.17
2,11.65,97.6,110,78.43,4.8,0.0,1.16,0,12.19
1,1.15,103.61,110,42.8,1.03,0.0,6.3,6,6.1
1,6.8,98.31,110,68.02,2.04,8.24,8.24,6,13.16
3,3.09,104.5,130,19.16,2.15,0.0,5.39,2,3.15
2,3.52,102.08,160,43.74,8.56,4.75,5.58,6,12.66
3,8.42,36.95,110,92.22,0.35,16.57,2.78,6,6.7
2,20.08,50.54,110,24.33,3.56,11.97,4.86,0,5.75
2,16.34,100.47,110,42.79,2.14,2.94,2.94,3,2.83
2,10.73,22.3,130,77.19,4.67,0.0,3.1,2,7.65
3,9.3,102.52,160,66.56,4.46,8.16,4.22,1,5.76
3,6.69,106.5,130,63.68,0.03,0.0,0.95,1,7.23
2,43.21,51.09,130,82.53,0.74,0.0,9.57,1,4.22
2,9.86,97.76,110,12.47,0.5,22.9,9.19,4,7.98
1,3.52,89.43,130,75.55,1.55,33.06,8.06,3,22.79
2,3.14,53.89,110,85.02,5.89,0.0,5.9,3,9.57
2,11.34,80.19,160,11.37,0.01,0.0,8.22,0,-5.76
3,8.88,138.25,110,57.51,1.67,14.41,9.75,0,8.76
3,0.09,75.46,130,39.63,5.4,31.15,3.19,4,15.35
2,21.27,101.88,110,14.31,6.52,0.0,3.96,6,-1.99
2,14.61,24.6,110,45.51,2.68,10.2,7.43,5,7.8
3,13.01,30.11,130,64.74,4.43,5.9,6.61,5,6.18
3,0.86,30.57,130,88.12,0.98,0.0,8.34,2,6.04
1,5.39,121.17,130,62.75,0.84,38.69,3.8,4,20.6
2,32.87,65.53,130,82.82,0.13,26.32,3.45,6,11.02
2,23.82,49.59,110,20.33,1.75,8.59,6.06,1,2.84
2,4.03,117.15,130,27.89,1.52,0.0,1.89,3,2.61
1,2.05,42.09,130,92.47,1.16,23.36,0.88,0,19.26
1,7.15,52.04,110,85.43,0.3,0.0,2.82,6,4.45
2,5.28,76.02,130,29.99,0.66,34.42,2.0,5,10.62
2,13.76,63.09,160,62.78,0.57,0.0,0.56,5,7.16
1,40.73,96.1,130,40.82,7.2,0.0,7.89,0,7.67
2,5.41,63.92,110,49.83,8.49,35.94,5.66,3,22.59
3,0.77,71.08,130,83.17,0.01,0.0,6.86,5,2.69
3,27.35,132.18,110,72.54,0.47,0.0,2.05,1,4.07
2,0.46,134.99,130,30.27,5.49,16.44,2.94,6,13.62
2,36.63,127.6,130,36.86,0.1,0.0,1.07,1,-2.57
3,13.11,132.43,160,34.63,7.18,0.0,9.98,6,8.65
2,34.1,94.06,130,76.36,1.2,12.91,1.48,1,12.51
2,2.67,104.01,110,51.66,1.93,12.91,1.36,3,7.03
2,0.5,92.43,130,90.81,3.61,0.0,6.33,4,7.8
1,8.04,122.13,110,79.42,0.7,0.0,3.65,6,9.59
2,7.19,91.63,110,27.95,0.27,0.0,8.93,1,-0.34
3,4.83,34.44,110,76.81,4.15,0.0,8.4,4,4.28
2,37.94,125.25,110,53.02,10.44,0.0,8.75,5,14.1
2,20.75,118.88,160,31.57,2.69,0.0,7.48,2,-3.91
3,13.0,126.64,130,40.88,4.36,0.0,1.75,0,2.97
1,2.13,44.76,130,92.63,7.09,27.13,1.1,4,24.31
2,15.91,55.31,110,51.14,0.65,36.43,1.11,5,17.37
2,15.58,58.45,130,71.17,1.08,0.0,8.12,2,3.64
2,6.64,86.05,130,50.55,0.62,31.09,6.74,3,14.08
1,31.05,37.4,110,41.58,0.16,0.0,9.82,2,4.04
2,2.19,70.1,160,77.7,3.29,0.0,6.61,2,8.52
2,3.73,43.68,110,82.11,0.39,8.07,2.87,6,7.15
2,0.78,54.42,130,16.11,0.24,34.85,1.35,0,16.04
2,19.04,111.83,110,33.71,1.11,0.0,3.97,2,-4.53
2,11.67,131.13,110,53.17,0.16,4.28,2.4,5,5.7
1,4.54,22.98,130,36.9,0.49,14.38,6.47,2,8.43
2,2.15,93.57,130,76.6,0.18,0.0,1.41,0,8.78
1,0.49,24.69,130,19.75,5.24,0.0,7.84,3,5.45
3,2.19,31.08,160,77.81,3.78,0.0,7.12,1,3.97
2,7.25,111.66,110,62.52,4.91,9.37,7.5,4,12.97
2,3.41,115.63,130,34.6,5.07,0.0,9.67,6,1.34
3,3.6,125.82,110,39.28,7.23,0.0,6.68,4,11.46
2,25.01,81.65,130,25.55,0.52,10.29,7.99,2,1.6
2,8.69,131.77,110,31.47,5.76,0.0,1.31,1,6.44
3,15.68,41.69,110,70.97,1.86,0.0,9.46,1,2.2
3,0.44,52.46,160,41.95,0.45,15.08,2.58,2,10.37
2,5.45,37.49,110,68.44,2.67,0.0,5.18,6,1.86
1,7.83,123.68,110,53.7,0.99,0.0,9.59,6,5.85
2,2.48,49.73,110,22.35,0.12,0.0,2.2,4,3.85
3,1.54,40.22,110,52.42,0.2,11.16,0.84,4,7.18
1,24.51,101.0,110,74.3,1.38,4.83,3.32,5,11.28
2,33.65,30.02,110,35.3,4.38,3.26,1.99,5,3.4
3,0.99,25.84,130,65.09,0.93,7.74,6.85,6,8.29
1,5.15,33.87,130,26.92,3.63,0.0,3.14,1,2.97
3,38.12,20.03,130,21.53,0.14,9.44,1.1,1,3.07
2,1.04,110.61,160,40.62,1.25,0.0,8.98,2,3.19
2,12.38,93.09,130,43.08,0.34,1.17,0.97,4,1.43
1,43.0,47.28,110,74.69,4.98,0.0,3.08,4,9.9
3,45.92,50.29,110,49.11,8.6,35.13,2.78,2,19.03
2,7.65,125.43,130,16.9,0.98,1.9,0.72,2,2.47
2,2.13,85.24,130,63.89,11.24,0.0,2.07,3,17.46
2,2.71,110.81,110,49.89,3.49,12.71,8.24,1,8.83
3,26.44,78.86,110,38.19,0.0,0.0,0.86,1,-1.07
3,29.12,50.9,130,78.19,1.66,0.0,0.72,1,9.39
2,11.23,146.15,130,23.12,4.49,4.26,6.52,0,6.58
2,17.44,93.53,130,87.62,1.91,0.0,1.34,0,6.87
3,16.16,37.03,110,38.4,2.0,28.45,4.03,5,8.86
2,13.01,72.79,130,49.18,1.48,0.0,0.52,2,6.77
2,21.07,62.81,130,88.98,1.26,0.0,3.94,3,3.51
1,13.88,47.83,130,74.71,0.07,35.16,3.52,6,16.46
3,9.16,141.35,130,16.32,2.43,0.0,6.32,6,-0.91
2,3.25,134.52,130,59.16,3.64,0.0,5.24,0,8.11
2,16.35,45.89,130,36.38,3.9,1.57,6.95,1,-0.61
2,7.7,65.78,110,53.22,2.45,26.1,9.39,6,13.63
1,4.19,119.1,110,73.15,1.04,22.67,8.05,3,18.99
2,19.43,47.11,130,52.17,0.06,0.0,9.37,4,2.39
1,14.32,96.9,130,16.04,5.65,20.18,1.02,2,16.08
2,33.24,110.97,130,55.05,1.4,31.84,9.91,0,17.97
2,2.17,105.02,160,12.05,2.3,0.0,3.56,5,-1.75
2,12.57,111.83,160,39.61,0.54,33.16,3.13,3,8.46
3,3.36,111.87,130,50.63,0.38,0.0,4.33,6,6.73
3,28.07,145.42,110,64.8,0.23,0.0,7.94,0,3.24
3,1.26,65.04,110,53.03,4.01,0.0,9.57,5,7.18
1,12.81,134.22,160,22.92,2.6,0.0,5.77,0,4.24
1,18.79,22.83,110,89.24,2.43,0.0,1.97,6,8.52
2,5.26,57.47,160,65.28,6.3,0.0,2.53,2,7.69
3,36.99,26.33,110,36.94,0.43,0.0,4.35,6,-0.68
3,22.82,104.66,130,92.1,0.47,0.0,3.97,0,6.23
3,4.19,33.1,130,85.02,0.53,0.0,2.76,2,4.69
2,0.09,129.94,110,22.2,1.38,0.0,8.58,6,-1.74
2,4.22,104.06,160,65.71,5.18,17.35,3.16,6,15.55
2,3.96,23.75,130,57.61,5.33,0.0,6.13,2,4.21
1,26.48,112.92,110,26.39,2.23,15.92,5.05,6,9.06
1,40.98,132.06,110,29.85,2.68,0.0,9.27,4,3.61
3,0.88,105.95,130,57.92,5.7,0.0,6.47,6,2.98
2,7.65,23.97,110,37.31,2.45,0.0,3.65,1,3.24
2,9.54,131.53,130,80.96,0.65,6.19,6.57,6,6.19
1,1.17,115.22,110,18.31,3.05,13.76,3.53,4,8.45
3,5.69,69.2,110,87.69,3.67,0.0,1.36,6,8.43
2,4.58,62.72,110,81.45,2.52,0.0,5.11,6,3.82
2,9.22,82.38,110,72.78,0.8,17.84,8.67,0,11.42
3,12.99,132.72,110,32.32,1.28,0.0,9.14,4,-2.58
2,14.59,52.77,160,70.77,1.59,6.07,5.67,6,4.17
2,1.76,33.13,110,47.3,0.39,30.1,7.15,6,8.59
1,20.12,132.4,110,63.87,1.5,19.03,6.3,3,14.19
1,13.62,23.42,110,36.57,0.44,0.0,8.2,4,1.8
3,26.39,138.43,130,81.05,1.73,0.0,1.48,4,4.02
3,7.16,59.75,130,13.45,0.13,9.31,4.31,6,4.67
2,26.92,86.07,130,68.77,7.42,0.0,2.9,4,10.04
2,24.1,37.2,110,80.43,0.71,0.0,0.56,6,6.4
2,6.92,137.29,130,64.95,1.57,31.37,8.38,2,17.95
1,5.76,117.48,130,26.32,0.08,0.0,1.77,5,1.57
2,32.4,140.14,130,34.22,0.54,24.61,3.57,1,2.94
2,15.07,108.82,110,53.77,2.95,11.68,8.74,6,7.29
2,31.61,44.01,130,38.0,0.3,0.0,7.35,4,-4.1
3,19.13,60.07,110,10.42,2.47,0.0,5.89,4,-0.29
2,11.28,83.29,110,13.46,0.01,0.0,3.45,1,-0.83
1,1.48,98.94,110,75.26,1.56,0.0,5.4,5,9.86
2,4.13,140.44,110,17.12,3.19,0.0,1.03,6,7.91
3,41.62,69.91,110,88.88,6.52,0.0,7.41,6,7.36
2,4.62,111.4,130,47.63,1.7,0.0,2.75,4,2.62
1,1.17,144.93,130,74.45,4.59,0.0,5.05,1,14.64
2,14.75,39.81,130,20.67,4.06,10.06,1.4,5,10.08
3,15.89,132.15,110,88.75,0.88,29.11,7.25,4,18.59
2,4.03,74.69,130,12.87,5.19,0.0,9.01,4,6.36
3,4.24,115.21,130,13.58,2.56,23.84,4.83,5,15.06
3,7.59,58.16,110,14.64,0.28,0.0,1.29,3,2.15
3,0.26,63.42,130,18.79,7.0,0.0,9.48,6,9.5
2,18.69,23.53,130,51.38,0.49,21.58,4.75,3,8.07
2,4.58,146.28,110,77.0,1.59,0.0,1.26,6,10.31
1,23.07,125.75,110,34.22,1.57,0.0,2.29,3,3.69
3,19.47,32.21,110,73.39,2.45,0.0,1.64,2,2.85
2,13.0,149.94,160,75.8,2.73,0.0,2.38,0,7.92
1,4.71,98.65,110,87.2,0.66,0.0,1.98,3,11.68
2,8.72,130.98,110,22.69,1.09,0.0,9.27,0,-2.12
2,7.06,28.67,110,21.52,0.39,0.0,2.49,1,-0.29
2,4.97,70.63,130,20.38,0.34,0.0,4.7,0,-0.88
2,22.62,107.05,110,40.54,4.36,0.0,7.43,1,-2.6
2,7.93,33.84,130,51.6,3.47,0.0,6.93,0,4.18
3,21.46,83.56,130,49.24,1.46,16.93,9.59,1,-1.23
2,1.33,77.55,130,31.85,0.25,0.0,9.68,3,3.07
2,1.82,48.09,130,62.87,1.49,10.84,5.92,6,8.09
2,45.44,59.04,110,38.75,0.87,0.0,7.65,6,-0.72
2,10.63,145.73,160,41.12,3.76,0.0,4.17,3,4.02
3,8.55,57.52,130,18.97,0.25,0.0,4.58,6,-2.41
2,8.89,47.75,160,60.34,1.5,33.27,1.49,5,16.95
2,2.91,89.71,130,65.7,2.24,1.83,6.9,3,6.47
1,15.22,107.22,130,74.43,10.62,0.08,3.07,1,16.15
3,1.06,114.26,110,86.84,0.23,0.0,1.26,2,7.54
2,10.22,118.05,110,75.11,0.3,0.0,1.43,0,6.52
3,10.15,24.79,110,30.04,11.07,24.44,7.36,1,21.79
1,29.47,71.19,110,30.03,1.3,24.75,2.67,3,10.67
2,8.96,120.61,130,87.78,3.4,0.0,7.81,0,9.51
2,1.77,137.63,110,77.16,3.83,39.14,9.11,6,20.84
3,10.2,98.29,110,76.49,0.94,21.19,3.74,3,10.27
2,1.15,26.8,130,71.18,0.6,0.0,8.04,2,-2.66
3,2.73,71.56,160,32.71,0.81,0.0,4.57,4,4.95
2,0.38,29.65,130,82.03,3.61,0.0,7.84,5,6.17
2,8.64,117.31,130,22.15,4.59,16.73,3.41,3,7.64
1,1.06,28.26,130,39.75,3.01,0.0,9.35,4,4.73
3,7.6,44.15,130,39.45,1.46,0.0,9.88,2,-2.38
2,32.43,74.2,110,57.61,0.76,0.0,4.17,4,2.23
3,15.27,80.14,160,49.39,1.38,20.57,2.39,3,2.79
3,0.97,72.84,110,49.08,6.15,0.0,7.01,5,3.99
3,3.05,80.24,130,57.05,4.97,18.69,6.04,2,14.34
2,13.44,112.72,130,45.31,0.98,20.67,9.92,0,5.78
2,27.01,68.0,130,31.25,0.99,1.92,8.21,4,-5.77
3,0.4,91.21,130,66.45,3.79,18.97,8.43,4,10.71
1,20.08,59.44,130,77.2,1.39,39.68,7.4,1,22.86
2,9.9,65.97,130,50.71,2.13,0.0,3.83,3,1.97
1,9.48,99.79,110,65.21,1.37,0.0,9.39,3,8.78
2,37.99,83.76,110,55.51,0.69,0.0,4.92,4,1.16
1,16.52,113.99,110,15.01,0.52,0.0,4.29,4,1.51
1,22.77,92.87,110,45.96,0.38,0.0,2.35,4,4.48
2,5.24,124.46,110,10.84,0.03,0.0,3.39,3,-2.71
2,9.7,77.64,130,66.26,0.82,8.38,0.52,1,11.87
2,11.47,83.83,110,53.19,0.47,0.0,6.77,4,2.88
1,4.66,107.1,130,20.78,0.75,0.0,6.25,3,0.45
2,10.13,48.76,110,56.09,0.2,30.27,4.33,3,11.52
1,3.24,70.17,130,86.37,1.04,10.38,9.69,1,9.98
2,1.86,101.23,110,38.94,1.83,0.0,7.08,5,3.28
2,5.62,23.75,130,93.5,7.23,0.0,2.81,6,10.79
2,16.13,76.81,130,91.55,1.07,0.0,4.1,6,3.11
3,29.75,97.85,110,76.75,0.08,0.0,5.4,5,1.37
2,7.34,145.76,110,79.17,1.12,34.25,5.68,1,15.41
3,12.35,134.01,110,44.9,4.25,0.0,3.12,6,2.98
2,1.3,56.5,130,44.22,1.04,1.45,2.87,1,-0.78
2,28.18,85.94,130,91.12,0.86,0.0,3.34,6,6.71
2,10.09,27.33,130,41.13,6.28,0.0,9.65,0,5.97
1,18.19,51.3,110,18.23,0.88,0.0,3.92,6,3.02
2,18.98,120.73,110,22.98,8.79,0.0,4.05,0,4.4
2,3.56,36.03,110,70.38,4.47,0.0,7.34,5,2.73
2,9.04,53.5,110,42.55,2.88,17.6,2.05,4,6.83
1,38.77,142.73,110,26.94,2.28,0.0,6.61,3,4.47
1,1.13,127.1,110,79.17,0.64,16.71,6.83,1,18.68
3,13.79,121.64,130,51.54,3.28,12.09,1.11,0,13.84
2,39.33,132.39,110,58.25,1.07,0.0,2.3,6,3.55
1,4.29,117.45,110,23.09,1.66,0.0,4.93,4,2.56
2,23.72,35.68,130,26.38,0.27,3.37,8.44,3,-0.91
2,32.56,87.15,130,20.7,0.88,0.0,7.46,1,-7.12
3,16.5,77.75,130,53.74,1.88,0.0,8.8,6,1.08
1,3.16,60.45,110,75.93,1.58,27.77,8.58,0,16.06
2,4.88,128.43,130,72.24,1.05,0.0,5.36,6,4.14
3,0.44,80.34,160,32.2,1.6,0.0,6.41,0,-0.86
1,21.37,27.84,110,82.38,3.42,31.51,9.25,3,14.03
2,22.73,55.75,110,18.98,1.54,0.0,7.54,5,-0.6
3,12.02,49.72,130,19.69,1.76,30.17,3.9,0,9.84
2,5.22,135.37,160,82.19,3.02,16.48,3.83,3,15.42
2,0.96,104.17,110,30.78,4.61,0.0,3.98,1,4.79
1,16.78,92.85,110,70.19,1.87,0.0,5.2,3,7.25
1,15.56,85.86,130,10.77,7.4,0.0,3.94,6,3.57
2,29.25,104.51,110,17.96,1.09,0.0,2.28,6,-4.37
3,15.74,118.13,160,61.79,0.73,0.0,6.15,1,2.12
2,21.17,92.07,110,25.51,2.95,0.0,8.76,5,-1.42
3,16.44,141.98,130,12.4,0.48,0.0,5.18,2,-6.18
3,11.95,146.99,110,49.69,5.76,0.0,2.58,5,7.32
2,6.68,149.39,110,38.09,1.22,27.03,8.22,0,10.8
1,27.89,107.02,160,78.19,2.99,6.43,7.68,2,14.17
2,12.63,141.24,110,79.6,2.11,0.0,7.15,3,6.32
3,6.1,72.58,110,62.23,0.14,0.0,6.91,5,1.84
3,1.05,131.75,130,34.91,3.09,0.0,7.93,1,5.2
1,4.12,138.19,110,49.24,3.9,21.81,8.39,0,12.2
2,9.42,137.54,110,69.69,10.11,0.0,9.03,4,14.63
2,3.87,128.01,110,15.89,1.35,21.16,6.29,0,8.82
3,3.0,72.86,130,38.26,1.75,19.62,4.24,4,10.09
1,8.99,40.66,130,79.9,5.2,0.0,1.35,0,8.04
2,2.23,63.41,130,44.51,0.78,0.0,7.36,1,3.37
3,19.34,119.75,130,63.1,0.52,0.0,1.84,6,4.96
2,7.95,50.28,110,18.19,0.36,0.0,8.75,6,-0.32
2,10.24,82.18,110,76.05,9.57,0.0,4.36,3,11.59
1,1.91,93.5,130,18.54,0.79,0.0,8.82,1,3.63
2,4.71,98.5,130,83.23,3.54,4.7,5.43,0,8.28
2,6.33,141.64,160,19.06,1.49,0.0,4.81,4,-4.16
3,19.82,105.99,160,85.73,0.69,0.0,3.95,1,4.88
2,17.64,122.22,110,40.92,6.11,0.0,1.08,6,6.0
2,3.03,95.64,130,63.09,1.56,0.0,0.61,6,12.34
2,11.49,128.37,130,81.96,2.09,0.0,5.33,1,6.0
1,3.35,54.28,110,10.87,0.63,0.0,9.06,4,0.07
2,53.32,47.28,110,32.58,0.98,0.0,6.07,2,-2.63
3,36.47,140.42,130,87.21,3.44,25.36,8.69,0,18.8
3,9.94,110.15,130,42.99,1.05,22.06,10.0,1,4.69
2,14.4,107.3,130,70.04,1.76,0.0,2.2,6,8.08
2,19.4,80.75,130,21.9,0.3,0.0,6.77,1,-6.2
1,15.32,68.97,130,67.66,4.74,0.0,4.46,0,8.41
3,14.44,92.24,110,16.22,3.34,0.0,2.48,4,-0.75
1,38.2,35.67,130,70.97,3.58,0.0,2.79,0,4.11
3,10.89,79.11,110,37.52,0.49,0.0,2.82,3,-1.39
2,12.14,79.2,130,49.6,1.71,0.0,7.43,3,0.09
3,22.71,89.98,130,24.13,0.07,0.0,3.87,5,-6.86
3,13.3,102.51,160,63.37,0.95,8.88,2.93,1,6.63
3,15.84,144.45,110,38.69,1.07,0.0,8.92,3,-1.9
2,3.2,104.78,160,42.59,6.12,14.3,0.83,6,18.47
2,5.57,134.88,130,65.44,12.33,0.0,7.49,0,18.72
2,1.91,92.32,130,25.2,2.4,0.0,9.63,1,3.75
3,8.46,101.5,110,82.42,1.82,38.78,6.44,3,19.55
1,7.3,29.08,110,72.84,1.45,0.0,5.71,4,1.44
3,70.38,37.32,130,59.11,0.05,0.0,1.08,3,1.29
3,11.34,95.36,130,20.91,4.03,0.0,5.28,4,-0.23
2,18.53,71.44,110,68.4,2.79,0.0,3.93,3,5.84
3,4.88,123.85,130,11.54,2.62,15.1,7.89,4,8.85
2,21.37,90.61,130,78.37,4.14,0.0,8.21,0,2.98
2,11.46,134.7,110,35.82,6.58,33.52,2.09,0,16.55
2,14.33,146.4,110,19.96,1.23,0.0,5.46,2,-0.28
2,4.19,39.19,110,23.98,1.39,0.94,8.67,0,6.44
3,9.55,71.33,110,91.87,9.24,8.14,6.43,3,17.69
2,12.06,106.45,110,75.78,2.73,0.0,5.07,5,5.99
2,10.67,59.71,130,30.22,4.77,14.62,9.03,1,5.98
2,29.61,54.71,110,91.89,0.63,0.0,9.68,4,4.74
3,27.43,125.79,110,21.91,0.95,0.0,2.74,0,-5.29
1,42.48,147.45,110,72.35,1.24,0.0,2.24,6,14.47
3,13.21,120.59,160,65.82,0.95,18.95,8.72,1,11.31
2,42.87,88.08,110,79.83,5.39,0.0,2.81,6,6.85
2,21.44,77.53,160,42.44,1.79,17.1,8.55,5,0.93
2,3.79,90.15,110,44.16,7.68,0.0,3.36,4,11.98
2,6.69,80.17,110,63.09,0.97,28.99,0.68,4,18.39
3,3.27,85.38,130,43.85,0.09,0.0,4.51,4,-0.98
2,0.05,46.45,130,13.51,0.37,0.0,0.88,0,2.66
3,2.5,137.49,130,72.03,0.61,21.19,2.48,4,10.33
1,0.05,118.09,130,64.48,2.55,0.0,5.05,2,12.89
2,15.27,108.53,110,46.02,0.5,0.72,0.87,5,2.01
3,6.65,143.49,130,35.74,1.2,6.78,0.82,6,8.76
3,4.5,56.97,130,37.26,3.97,30.44,1.97,5,15.85
2,17.21,30.55,130,72.99,0.33,15.38,4.9,6,6.76
2,21.44,127.4,110,71.98,0.21,0.0,9.75,0,0.96
2,44.41,149.79,110,79.61,1.94,0.0,1.39,5,12.69
2,12.33,95.2,130,74.79,2.99,1.31,6.41,1,5.73
3,7.43,27.65,160,74.43,6.05,33.84,5.22,2,15.3
3,4.37,121.46,110,31.4,2.71,0.0,1.07,2,3.4
2,3.02,29.59,110,18.64,7.31,0.0,0.82,0,13.28
3,2.87,90.2,110,74.75,0.7,0.0,2.61,5,4.69
2,6.32,56.08,130,18.38,1.05,0.0,7.01,4,-5.24
2,57.62,138.95,110,93.48,4.57,0.0,9.64,2,11.73
2,0.01,78.67,110,84.38,4.17,0.0,5.78,3,8.76
2,2.64,136.8,130,55.34,2.73,3.96,0.93,1,11.83
2,2.5,58.88,110,39.94,1.76,0.0,2.95,3,1.49
2,15.15,70.36,110,54.78,0.04,0.0,9.45,0,1.46
2,5.22,143.13,110,72.42,0.82,25.23,0.62,2,22.41
1,7.33,46.17,110,74.29,0.43,0.0,6.22,6,4.91
3,1.93,95.21,110,16.26,0.13,0.0,2.2,6,1.59
2,6.23,70.51,110,78.41,3.74,0.0,1.13,4,9.39
1,1.31,120.64,110,64.53,0.35,29.14,2.92,5,15.32
3,9.14,36.81,130,13.45,1.11,0.0,9.4,4,-0.82
3,1.24,76.84,110,36.62,9.48,0.0,7.74,2,11.64
3,18.76,110.86,130,53.4,1.32,8.76,2.13,2,4.62
2,10.03,72.91,110,26.02,0.38,0.0,1.12,6,1.77
1,15.45,27.61,110,23.2,2.93,5.13,5.18,4,4.98
2,6.51,111.66,130,11.21,4.15,0.0,1.0,6,3.02
1,5.77,85.42,110,87.48,0.82,31.11,4.34,1,20.34
3,1.24,21.47,110,14.77,4.14,0.0,8.1,0,4.52
1,8.9,99.65,130,41.11,0.79,0.0,5.26,1,2.54
2,8.67,139.58,130,27.49,2.95,37.13,9.02,6,16.44
2,7.58,34.43,130,72.99,0.33,0.0,8.02,4,-0.86
2,16.19,96.79,130,70.11,1.4,0.0,5.78,6,9.1
3,21.44,114.73,110,78.53,1.84,16.55,8.01,0,10.92
2,16.67,29.2,160,62.43,3.23,0.0,1.4,6,6.07
1,1.86,22.94,160,60.29,2.62,0.0,2.41,0,5.69
2,11.68,80.35,110,44.6,4.8,0.0,7.15,4,-0.44
2,1.0,122.85,130,64.09,0.51,8.71,0.55,4,17.57
1,14.23,40.89,110,19.79,2.71,0.0,0.54,2,7.46
2,5.77,128.76,130,68.18,0.34,0.0,4.11,2,6.42
2,1.71,105.36,110,18.83,1.63,0.0,8.74,2,1.98
3,23.77,63.18,130,83.25,1.86,0.0,9.82,4,1.84
3,11.42,87.06,110,52.98,0.07,0.0,6.67,6,3.34
3,5.26,145.52,130,55.08,0.18,0.0,9.53,1,3.45
3,0.37,48.14,110,59.71,4.57,0.0,8.55,0,11.52
2,9.25,84.94,110,75.96,0.84,0.0,2.41,5,5.07
1,30.8,101.18,130,50.67,1.06,0.0,4.34,1,3.76
2,10.89,37.94,130,46.34,2.56,0.0,6.43,3,-3.05
3,42.76,25.66,110,34.51,0.62,32.69,1.94,1,9.29
3,1.76,21.75,130,20.88,0.54,16.31,3.47,3,6.82
3,10.08,62.21,110,26.18,1.37,0.0,7.69,3,-2.16
1,19.2,29.61,130,10.04,0.15,0.0,3.77,0,1.74
3,8.95,124.49,130,83.9,6.22,7.71,9.3,0,13.68
2,1.15,149.65,130,75.02,7.04,6.23,4.36,6,12.67
1,10.49,27.97,130,28.59,1.49,9.75,2.59,5,4.47
2,11.35,76.25,130,10.2,0.59,0.0,2.5,3,-4.47
1,15.65,23.35,110,51.83,1.59,0.0,7.03,4,3.23
2,17.19,37.42,160,45.07,0.26,0.0,4.0,6,-0.77
2,17.68,61.98,130,75.96,1.27,21.28,2.75,3,10.03
2,13.07,71.18,110,44.25,0.19,0.0,7.09,6,-5.92
2,2.92,142.17,110,83.45,3.06,0.0,4.5,2,15.53
3,6.21,71.46,130,18.15,0.81,22.0,8.54,0,7.44
2,17.96,84.52,160,41.1,1.84,33.01,5.72,1,9.78
2,36.8,51.93,110,89.38,0.03,25.66,9.74,0,8.1
3,0.99,20.02,160,11.0,1.86,0.0,4.06,4,3.32
3,9.2,136.91,110,43.22,0.01,28.04,3.18,2,10.53
1,4.5,30.62,160,32.07,6.48,17.44,6.62,5,13.79
2,3.06,145.35,130,55.21,1.74,8.39,7.23,4,8.27
2,8.46,37.01,110,33.7,0.26,0.0,0.66,1,3.77
1,11.18,98.63,110,83.94,1.04,3.62,6.86,0,10.13
2,0.12,149.92,130,89.66,0.12,0.0,2.22,1,6.94
3,18.18,38.0,130,82.18,1.89,0.0,9.61,2,2.62
1,20.57,75.11,160,43.88,0.33,0.0,5.97,6,4.8
3,40.41,121.46,130,94.14,1.6,15.44,1.7,1,13.57
3,2.39,24.18,130,72.48,0.91,12.98,1.0,3,8.57
3,10.83,109.67,160,40.23,3.58,2.09,8.86,2,0.72
2,6.67,30.45,130,17.96,1.65,0.0,8.58,4,-4.59
3,4.89,50.75,130,66.7,4.71,0.0,4.62,4,6.7
2,10.01,40.81,130,71.93,7.09,35.11,1.33,5,23.14
2,18.3,137.95,160,20.41,8.73,0.0,4.2,1,4.14
1,0.28,43.46,110,56.73,0.75,0.0,7.73,2,8.9
1,41.84,25.26,130,93.9,3.65,0.0,6.78,1,5.76
3,19.92,96.39,110,37.73,1.44,0.0,8.72,3,-3.37
2,16.69,65.0,110,35.66,1.39,5.57,7.64,2,-1.58
2,17.14,72.74,110,86.78,5.07,0.0,3.64,0,8.49
1,5.91,35.48,130,19.98,0.39,0.0,3.74,4,-1.29
2,16.71,117.27,110,89.35,1.62,0.0,6.65,1,5.81
1,5.87,98.2,110,76.26,2.25,26.67,3.45,3,16.01
3,27.48,67.35,110,43.22,0.17,0.0,8.74,4,-5.82
1,2.34,42.3,110,17.1,5.0,38.76,3.61,2,19.27
1,4.15,97.15,130,11.63,0.94,34.53,5.14,5,12.67
2,9.62,121.22,110,41.95,2.67,29.78,0.91,4,15.82
2,4.61,60.61,110,69.96,6.58,0.0,1.62,4,9.32
2,6.62,23.36,130,51.44,3.18,0.0,1.75,0,4.95
2,8.14,47.86,110,72.79,5.43,13.46,3.77,0,12.13
3,23.28,108.71,110,67.0,0.18,15.07,1.61,3,9.43
2,8.89,148.58,130,58.7,1.7,5.1,4.84,3,6.63
1,5.4,21.74,130,92.24,2.08,0.0,3.06,5,6.05
2,3.42,59.8,110,71.91,2.92,0.0,3.09,6,1.11
3,6.3,28.06,110,87.74,0.31,0.0,4.73,1,-0.23
2,8.7,61.13,160,30.58,2.67,0.0,8.61,5,-1.05
1,16.45,72.77,110,70.66,0.39,21.93,7.74,0,14.56
3,1.55,139.71,130,60.81,0.18,0.0,8.9,5,1.63
2,3.01,30.47,130,88.57,1.58,31.89,9.91,2,12.43
2,5.73,121.03,130,53.39,2.29,0.0,0.61,5,10.82
1,5.36,71.42,160,33.77,7.93,24.41,7.08,1,19.42
1,5.97,125.46,110,42.71,3.0,26.13,1.64,6,18.69
2,18.93,86.74,110,28.6,2.24,34.48,9.4,2,11.09
2,4.7,25.11,130,28.7,0.6,0.0,2.66,0,1.02
2,8.36,143.01,160,49.99,0.41,0.0,3.82,2,1.2
2,11.74,30.76,130,85.87,2.34,10.34,9.8,2,6.99
2,3.17,97.7,130,26.31,0.63,25.5,8.74,0,9.49
3,15.22,134.1,130,34.47,3.07,0.0,0.95,0,1.63
3,9.51,30.37,110,82.5,0.3,35.66,0.95,4,19.35
3,7.1,92.01,110,38.84,1.04,0.0,8.28,2,-3.94
1,19.92,127.16,110,91.81,3.71,33.23,1.17,1,30.58
1,3.35,148.22,110,32.86,4.45,0.0,8.59,5,10.85
2,25.77,114.16,130,47.58,1.06,0.0,9.28,3,-4.78
1,9.88,56.18,130,18.13,0.58,14.04,0.73,5,11.21
3,11.27,110.94,130,94.33,7.94,0.0,2.59,6,9.95
1,24.96,111.75,130,85.66,3.58,23.98,0.72,4,29.34
2,20.42,111.0,110,79.49,4.11,14.99,1.19,5,20.24
2,11.04,131.05,130,23.37,0.63,30.51,5.57,3,11.54
2,16.79,31.36,110,92.4,1.38,15.17,7.44,1,5.47
1,6.82,34.09,130,88.98,0.18,0.0,5.06,1,6.2
2,9.51,103.28,110,47.03,0.29,15.7,4.17,0,4.72
2,0.77,144.0,130,67.94,0.62,4.68,2.46,2,1.99
3,1.13,80.56,110,94.36,0.9,6.45,2.75,0,3.31
1,21.22,144.87,130,44.83,14.68,0.0,6.03,2,15.48
3,0.74,141.95,110,19.61,1.37,32.45,8.63,4,14.27
3,2.23,137.38,110,83.76,2.99,0.0,4.34,0,7.06
2,19.07,138.28,110,50.5,5.87,13.02,9.43,0,11.82
3,0.01,136.78,130,93.89,0.71,13.46,1.0,1,14.67
1,3.98,126.59,130,56.83,0.39,0.0,8.38,2,10.01
3,10.53,110.35,160,12.51,0.7,0.0,3.72,6,-2.93
2,10.86,23.17,130,51.8,5.35,0.0,8.75,1,6.48
2,18.02,37.19,110,71.04,2.74,0.0,9.23,0,5.34
2,8.46,37.45,130,12.21,1.5,0.0,7.15,2,-3.37
1,8.55,23.06,110,45.14,4.29,0.0,3.87,2,6.15
3,15.51,35.17,110,23.22,0.68,13.77,4.84,5,5.1
1,8.28,139.57,130,64.66,0.68,23.12,5.74,4,19.27
2,11.25,106.29,110,91.37,2.09,0.0,4.89,1,7.83
2,27.37,60.57,110,63.09,3.9,0.0,8.02,5,7.54
3,6.16,123.14,130,69.06,0.75,31.11,7.83,4,15.43
2,5.84,83.49,130,43.71,0.59,0.0,0.62,5,5.75
2,0.04,38.48,130,57.87,1.61,36.85,1.94,1,17.53
2,11.41,134.99,110,56.23,0.36,8.06,3.95,1,9.86
3,0.36,64.03,130,74.57,3.44,0.0,6.89,6,6.97
1,8.42,110.85,130,82.84,2.15,2.69,2.68,2,13.48
1,19.57,57.78,130,66.35,1.8,0.0,3.57,2,4.5
2,9.58,85.01,130,93.28,5.14,0.0,4.89,3,11.2
3,3.77,126.11,130,80.4,3.3,26.35,6.1,0,16.61
1,18.51,40.38,110,20.59,0.4,27.95,9.07,4,12.75
2,3.77,147.04,130,53.14,1.36,14.03,8.14,3,7.52
2,15.85,29.13,130,86.78,0.97,26.64,3.91,4,13.87
3,11.31,89.42,110,90.23,4.05,17.14,7.8,4,10.56
3,2.24,139.08,130,42.32,3.17,22.64,8.41,0,12.06
2,28.26,142.94,130,71.68,1.6,0.0,5.46,4,8.0
2,2.69,50.17,130,44.9,4.34,6.73,3.31,4,7.26
2,54.78,38.72,110,20.51,1.32,33.86,9.46,5,11.62
1,0.09,114.17,110,85.19,4.07,34.69,9.64,2,30.39
2,3.67,25.46,110,89.22,0.08,8.15,2.63,2,3.18
2,2.68,83.08,130,52.9,0.36,16.66,7.96,2,5.15
2,0.17,123.53,110,11.56,3.53,0.0,0.9,0,5.84
3,15.82,92.83,110,79.36,0.3,21.96,0.52,2,16.44
2,14.19,44.44,160,50.54,2.88,0.0,3.84,3,6.24
2,18.86,83.32,110,16.38,3.21,30.35,4.89,6,7.87
2,3.56,139.77,130,26.1,2.71,34.48,5.69,3,19.92
2,7.05,100.24,160,22.93,4.26,0.0,4.09,3,0.08
2,12.91,113.79,130,68.33,1.79,35.87,1.72,0,15.78
2,6.95,63.71,130,35.45,5.68,34.04,3.78,6,16.64
2,14.34,44.5,160,20.85,2.11,21.69,8.31,1,5.77
3,12.06,53.23,130,88.0,1.77,0.0,3.69,1,2.15
3,1.46,89.31,130,91.31,1.78,8.3,6.13,3,8.1
2,18.23,56.43,110,21.78,6.08,0.0,6.97,1,0.09
1,15.3,90.46,110,29.57,0.7,0.0,7.46,4,3.13
2,12.8,112.01,130,60.33,2.97,26.07,5.14,0,15.49
2,2.02,115.47,130,22.79,0.69,0.0,1.69,3,1.74
1,3.74,41.41,130,23.48,0.24,37.38,9.05,5,14.15
3,5.99,117.56,130,38.61,7.68,31.85,2.97,3,21.8
3,3.94,107.45,110,90.68,0.35,0.0,3.72,6,3.86
3,3.1,21.56,110,91.81,2.9,0.0,7.85,3,2.74
1,19.64,27.65,110,81.55,1.38,0.0,7.75,4,5.28
3,12.2,104.01,130,69.14,4.54,0.0,9.02,5,5.59
3,10.0,69.88,110,71.26,3.71,10.74,0.82,2,14.84
2,3.07,38.99,110,49.91,0.39,24.56,8.81,3,11.37
2,30.02,25.77,130,55.06,1.58,0.0,8.03,5,4.96
3,2.55,40.72,110,63.93,0.07,6.65,5.49,1,2.56
2,19.01,144.48,160,72.16,1.4,0.0,2.02,2,4.12
2,40.82,114.58,110,18.23,3.01,0.0,5.68,4,-4.78
2,15.58,88.6,160,29.12,0.66,0.0,2.34,6,-3.02
2,59.3,142.4,110,91.85,4.15,3.58,9.67,3,12.32
1,12.63,100.48,110,38.49,0.14,0.0,7.23,2,2.8
3,2.94,114.33,130,32.82,0.09,0.0,6.16,3,4.26
2,2.74,56.74,130,45.86,0.07,0.0,8.23,3,-0.14
2,4.71,96.57,110,34.73,0.82,0.0,5.56,6,0.16
1,0.09,38.65,130,17.75,1.57,2.74,1.07,6,8.35
2,13.74,72.58,160,27.68,0.28,0.0,2.96,4,-5.84
1,3.75,24.32,110,64.41,14.32,13.46,9.83,1,20.52
1,20.26,48.16,130,28.97,19.33,0.0,8.58,4,18.97
2,5.34,29.73,110,65.05,1.83,0.0,9.31,4,-0.56
2,7.85,70.41,110,18.51,2.1,37.11,1.43,1,14.95
2,40.47,129.59,110,13.56,6.54,0.0,2.86,2,-3.12
1,3.33,69.13,110,83.23,3.67,4.13,1.1,4,16.35
2,15.33,128.11,110,74.6,0.46,15.45,8.31,3,11.31
1,16.88,105.34,110,66.61,3.93,35.48,2.15,4,23.46
3,3.0,86.24,110,12.63,0.66,21.78,4.4,1,6.48
2,8.34,50.8,130,30.35,1.41,32.97,3.06,2,9.71
2,5.17,139.88,130,79.05,1.9,11.34,9.34,1,12.48
2,17.74,27.05,130,22.3,3.16,0.0,6.28,3,-0.3
1,11.69,109.56,110,79.09,0.41,0.0,8.1,2,9.91
3,7.75,100.76,160,59.66,0.2,25.81,6.22,4,11.7
2,18.13,77.34,110,72.93,5.03,0.0,6.32,2,9.45
2,3.22,51.24,110,64.78,4.38,0.0,4.14,6,4.87
2,16.81,75.99,130,45.44,1.85,0.0,2.77,4,-2.75
1,24.06,133.46,130,34.82,2.71,25.5,3.81,4,14.7
3,25.31,128.78,110,67.18,3.18,0.0,3.3,0,4.51
2,18.37,142.38,110,78.59,1.62,0.0,7.07,4,5.0
2,6.29,60.01,130,13.8,0.74,4.09,4.51,4,1.11
1,48.08,70.32,130,42.29,1.64,32.45,5.73,4,14.47
1,5.73,22.43,110,39.81,7.53,0.0,7.82,0,9.17
3,12.21,142.58,160,57.56,4.55,21.65,3.03,2,13.33
2,2.11,62.82,110,19.68,1.57,0.0,4.52,0,1.97
2,47.22,72.54,130,89.34,0.64,11.21,5.44,5,4.9
1,14.61,138.01,110,56.62,5.51,0.0,1.01,1,17.29
2,16.8,88.46,110,88.52,2.54,0.0,1.95,4,6.42
2,0.82,93.6,110,79.44,1.3,4.07,1.1,0,10.15
2,17.3,42.91,130,26.29,0.3,0.0,7.65,6,-2.61
2,17.89,84.83,110,21.25,3.48,0.0,3.35,5,-2.23
2,13.37,139.37,130,83.21,0.95,0.0,4.51,6,7.76
2,4.14,92.63,160,55.57,2.33,0.0,6.89,0,4.5
3,8.07,53.17,130,11.68,2.11,27.86,9.68,5,9.92
1,1.4,24.05,110,89.41,3.01,15.87,8.2,2,8.67
2,7.65,63.72,110,50.21,1.93,0.0,1.05,2,8.5
2,3.35,94.44,110,35.58,2.49,5.28,3.4,6,5.07
2,5.15,25.54,110,53.91,0.21,29.58,0.97,5,15.94
2,2.13,99.27,160,79.95,2.74,8.81,1.09,2,13.64
3,3.14,88.04,160,19.37,0.54,0.0,1.71,3,-0.23
2,0.96,121.85,110,40.51,1.24,0.0,3.55,2,7.9
2,30.29,23.76,110,37.1,1.8,0.0,2.7,5,0.73
2,9.07,121.51,160,81.37,2.9,0.0,3.85,4,5.34
1,6.06,87.71,130,76.17,3.39,25.82,8.31,6,19.41
1,9.19,68.17,130,44.01,3.05,0.0,8.08,0,4.34
3,11.88,145.5,110,66.48,0.25,0.0,3.83,1,3.03
1,30.59,40.82,110,43.53,1.22,0.0,6.77,1,-0.83
2,2.36,90.37,160,58.56,0.82,0.0,4.04,6,3.18
2,4.2,61.73,110,94.25,1.27,19.11,4.17,6,9.91
2,44.65,88.57,130,55.52,2.6,38.13,6.92,1,20.95
2,5.57,91.8,110,94.03,0.54,0.0,4.15,6,5.8
2,0.27,31.63,160,73.51,1.74,0.0,5.72,6,4.39
1,1.92,105.95,130,20.26,5.4,7.85,1.59,4,12.34
2,0.32,102.48,110,77.66,3.28,3.93,5.62,0,9.89
2,55.17,120.03,110,23.71,3.23,0.0,7.55,3,-3.85
2,3.92,31.79,130,55.25,4.72,0.0,8.94,5,7.65
2,30.85,58.64,110,62.13,1.27,25.58,1.9,3,11.05
2,65.92,104.51,130,85.84,3.56,26.75,4.4,2,19.71
1,10.99,37.78,110,27.89,0.15,0.0,5.12,6,-0.17
2,0.41,108.09,110,84.46,0.15,0.0,9.1,3,5.64
1,1.02,27.67,130,89.43,1.01,5.96,2.95,0,3.69
3,7.88,63.54,130,17.61,0.55,2.02,2.07,2,-3.59
2,6.25,130.07,110,85.25,1.83,0.0,1.84,4,8.81
2,11.18,120.66,110,32.03,0.51,4.15,1.97,5,1.9
2,6.93,103.82,130,16.89,9.28,0.0,8.76,5,7.08
1,32.63,133.16,130,91.48,4.76,0.0,6.39,5,23.27
2,9.18,112.21,110,43.34,10.12,0.0,4.5,1,9.82
1,14.2,87.52,110,62.95,4.12,18.12,8.73,1,15.2
1,27.22,147.36,110,56.99,7.55,32.58,3.33,2,29.05
2,1.91,110.33,130,28.12,1.15,0.0,9.31,2,4.52
2,3.13,98.18,130,66.91,1.72,0.0,7.71,2,2.17
3,1.36,73.15,110,13.92,0.69,33.06,0.7,0,17.49
2,1.8,137.31,130,27.26,2.53,0.0,4.9,2,4.43
2,8.62,58.44,110,90.3,3.88,0.0,8.5,0,8.56
2,4.65,21.2,130,91.05,1.73,23.93,4.26,2,12.52
1,6.6,45.58,110,51.03,0.88,7.87,9.88,5,5.11
2,48.54,34.24,130,24.37,1.77,0.0,8.54,0,-0.95
2,2.05,61.47,130,45.84,0.16,0.0,7.65,0,0.96
2,9.34,127.36,130,84.55,3.19,0.0,1.79,3,8.82
2,1.25,104.7,130,15.97,1.5,0.0,1.52,3,0.93
3,4.6,41.97,130,20.87,5.71,0.0,6.59,2,6.86
3,9.0,122.55,130,86.13,6.42,0.0,6.78,2,11.73
2,35.17,85.55,110,45.31,0.34,0.0,1.9,0,-0.09
2,5.96,86.65,110,17.09,13.87,0.0,8.61,6,11.15
2,0.81,67.07,160,21.83,8.75,32.66,8.8,0,21.2
2,5.9,132.4,160,85.01,2.47,8.5,4.46,3,11.52
2,1.89,61.38,130,51.66,4.36,11.67,6.27,4,9.4
2,3.14,32.24,110,23.85,0.05,0.0,5.35,1,-1.05
3,11.55,59.35,130,86.0,8.8,0.0,0.84,6,15.55
2,0.84,113.0,110,81.85,1.52,30.65,1.36,1,22.84
2,7.5,105.49,110,11.96,6.01,0.0,7.91,6,3.05
2,11.28,44.44,130,59.38,1.22,28.34,5.14,4,13.11
3,6.58,34.53,110,30.77,3.88,0.0,6.3,4,0.9
2,0.23,105.91,110,55.32,1.35,30.66,6.32,1,11.59
2,50.82,107.93,130,33.74,1.13,9.71,4.11,3,-1.96
2,5.49,67.6,110,36.85,7.33,34.91,0.78,6,27.36
3,18.09,129.56,160,61.16,3.0,13.42,7.98,6,8.45
1,4.73,147.17,160,55.8,4.58,36.44,4.95,1,22.27
3,7.73,46.73,130,43.59,1.96,0.0,1.82,4,-0.92
2,5.9,95.02,160,19.14,6.26,0.0,0.7,1,13.63
2,5.03,20.7,130,92.4,3.37,0.0,0.67,1,12.11
2,0.27,112.7,130,24.84,0.19,0.0,0.82,4,6.8
2,5.36,73.86,130,63.81,3.64,0.0,1.97,3,8.65
1,26.43,45.12,110,17.03,0.05,18.34,2.7,1,8.53
3,14.07,117.79,110,68.51,4.42,0.0,2.85,2,6.85
2,1.89,125.38,130,18.06,1.01,11.73,6.51,2,4.6
2,10.73,34.45,130,29.51,2.28,0.0,2.79,1,2.3
1,26.73,25.33,130,64.99,3.46,0.0,6.9,4,5.24
2,14.45,63.43,130,34.05,2.53,0.0,8.32,2,-2.92
2,1.93,101.38,130,55.29,2.79,20.6,4.16,6,13.38
2,24.28,123.14,130,20.58,5.58,0.0,7.32,1,-1.87
2,4.31,90.99,110,27.2,1.17,0.0,1.49,4,6.02
2,7.26,95.5,110,72.37,1.98,12.1,3.62,2,7.84
3,8.96,123.98,130,12.99,0.48,17.98,6.99,3,5.36
2,22.81,88.75,110,19.5,1.58,0.0,9.35,4,-3.71
3,32.19,99.45,160,28.27,0.41,0.0,6.35,2,-5.4
1,31.85,87.11,130,11.72,2.51,0.0,3.96,0,3.31
2,0.1,134.46,130,18.11,0.98,27.02,3.48,6,10.47
2,30.6,50.62,160,33.92,4.9,18.6,4.22,5,9.52
2,0.67,54.32,130,17.9,1.05,0.0,6.7,0,1.78
3,3.71,36.63,110,83.62,0.85,0.0,3.61,4,2.26
1,8.68,126.53,130,15.62,1.69,5.76,4.96,2,6.72
1,7.85,73.53,110,83.18,0.48,0.0,7.71,3,4.83
3,11.14,65.23,110,79.94,0.57,17.75,2.76,4,9.89
2,7.83,147.58,110,18.56,3.82,0.0,7.31,4,2.39
2,32.69,140.48,130,12.14,1.72,29.5,7.73,6,3.89
2,3.3,146.36,130,14.25,0.58,0.0,8.7,3,2.08
3,3.84,38.5,110,60.18,0.08,0.0,0.73,5,7.18
1,30.42,135.86,110,66.98,1.57,0.0,1.58,1,11.28
1,0.96,62.73,130,62.76,3.39,0.0,9.57,1,5.71
2,11.29,21.65,110,56.03,1.08,0.16,1.69,3,3.81
3,13.74,70.87,110,24.85,0.71,0.0,5.13,3,-0.2
2,8.45,86.2,130,81.48,1.26,39.83,2.09,2,18.76
2,14.22,34.07,110,37.84,7.99,2.06,8.21,3,4.81
2,2.28,89.9,110,93.83,1.38,0.0,1.42,5,10.63
3,22.98,126.53,110,42.71,0.75,0.0,1.31,0,-3.85
3,1.81,69.09,130,32.36,2.11,7.16,5.29,0,5.64
3,6.15,65.84,130,86.01,4.16,23.78,2.76,1,12.71
1,0.94,64.05,160,58.23,0.06,32.54,6.78,0,14.1
1,9.46,140.0,130,71.36,2.04,0.0,7.01,0,12.19
2,13.29,26.34,110,44.71,4.52,28.26,6.07,5,12.48
3,34.01,77.86,110,85.39,0.61,0.0,8.43,2,3.68
2,16.13,54.4,110,88.01,6.37,13.94,7.12,1,14.77
2,9.35,136.19,130,47.13,2.16,0.0,2.28,2,0.67
3,32.37,32.49,130,30.46,1.82,7.71,1.24,4,4.44
1,7.81,73.49,130,65.05,8.29,0.0,7.6,5,15.33
2,9.88,72.89,110,91.14,0.35,0.0,7.53,0,3.98
2,10.88,135.49,110,62.91,3.37,0.0,8.58,0,7.88
2,6.33,48.01,110,91.11,4.27,12.94,2.42,2,8.76
3,21.88,103.84,130,39.22,1.68,0.0,2.62,4,-0.44
2,2.46,37.47,110,87.78,0.02,0.0,5.98,6,2.91
2,9.71,144.02,130,19.57,1.86,6.98,1.98,5,-2.06
2,15.37,97.09,110,40.5,0.42,0.0,3.32,0,-4.95
2,28.12,101.41,130,52.03,2.07,0.0,8.22,3,2.71
2,25.84,76.39,110,65.51,3.35,0.0,3.68,2,9.15
2,8.53,64.5,110,35.0,1.89,0.0,0.61,1,10.6
1,12.37,47.65,110,88.56,2.49,0.0,6.68,4,8.66
1,6.02,98.52,110,86.8,0.27,0.0,2.22,5,12.65
2,7.58,144.09,110,77.94,0.26,29.9,2.36,0,19.35
2,28.41,66.77,130,19.72,4.76,0.0,0.66,0,3.72
3,32.03,134.81,110,16.65,0.13,0.0,5.99,1,-8.77
3,27.09,39.34,110,52.34,0.84,31.58,5.84,0,12.26
3,1.79,141.7,130,75.05,6.94,4.92,1.42,3,17.52
2,22.77,65.56,130,20.48,1.54,0.0,0.98,5,5.69
2,35.56,69.36,110,64.52,2.81,22.66,5.16,3,17.27
2,5.38,80.17,130,54.87,0.63,0.0,7.92,4,3.44
1,8.77,113.37,130,71.71,0.79,0.0,9.56,3,9.87
1,18.12,113.55,110,47.01,1.78,16.69,1.21,4,13.77
2,9.91,82.35,130,68.93,2.54,0.0,7.23,4,5.47
3,60.4,88.01,110,23.57,8.08,21.24,2.32,2,12.06
1,7.3,23.9,110,28.24,2.14,0.96,0.82,0,9.41
1,15.02,59.56,160,86.78,0.25,0.0,3.68,0,7.51
3,18.88,64.98,110,38.0,1.14,0.0,5.95,3,-4.37
2,8.18,92.63,110,93.77,0.7,37.87,6.21,6,23.33
3,23.34,92.58,160,13.93,0.73,0.0,0.97,6,-0.24
3,9.48,112.29,130,52.15,1.76,0.0,9.31,0,3.71
3,6.37,113.21,130,37.62,0.95,0.0,1.02,4,5.63
2,1.37,50.58,130,94.66,0.85,0.0,2.56,4,2.63
2,6.0,120.12,130,94.15,8.61,13.94,4.61,5,19.2
2,15.89,22.55,130,30.0,2.19,0.0,9.48,5,0.13
2,30.5,113.1,110,32.72,0.76,0.0,9.92,1,-7.79
2,3.48,33.27,110,73.72,0.81,0.0,0.5,0,8.31
1,5.27,114.85,110,85.62,4.17,33.87,2.63,0,23.53
2,2.01,88.53,110,66.41,5.44,35.27,5.26,5,19.65
2,14.08,76.84,110,83.5,2.84,0.0,7.1,3,2.61
3,38.68,109.79,130,15.38,1.41,0.0,6.74,3,-6.26
3,12.29,24.73,110,64.44,3.62,0.0,2.89,2,3.69
2,11.52,49.05,110,69.51,6.93,0.0,2.38,3,10.97
1,9.68,100.14,130,26.18,0.45,24.52,0.64,6,16.26
3,1.11,130.14,130,76.13,4.95,12.25,8.51,4,11.22
2,15.69,69.54,130,90.26,4.72,0.0,4.1,4,7.8
3,11.06,53.64,130,86.33,1.14,0.0,8.71,0,5.84
3,13.0,87.44,160,30.82,0.86,0.0,3.58,5,-4.75
1,27.49,100.9,130,37.54,2.08,19.01,7.68,1,15.32
3,18.39,74.61,130,52.47,0.79,0.0,1.16,5,6.03
1,18.22,133.97,130,23.46,0.39,1.81,8.21,0,-0.25
2,31.44,88.05,130,91.09,7.65,0.0,8.96,6,10.54
2,55.18,24.66,130,23.74,1.69,22.37,3.02,1,9.66
1,10.45,49.0,130,74.72,1.6,23.53,1.85,3,15.79
3,1.38,78.58,110,39.02,0.34,6.78,2.36,6,4.21
1,7.37,110.7,130,58.77,1.75,2.98,8.74,2,8.7
1,18.59,48.57,130,14.01,3.4,0.0,3.22,6,3.38
2,0.34,146.91,130,27.43,0.71,16.52,2.7,2,5.89
3,0.7,61.41,110,47.77,1.15,0.0,9.8,2,2.65
3,0.83,89.22,110,67.56,0.49,22.71,6.87,3,13.64
3,15.76,22.47,110,76.09,1.1,17.98,8.41,1,7.94
2,8.35,135.04,130,12.56,4.94,15.76,7.6,6,8.69
2,5.52,122.55,130,22.96,0.68,0.0,4.05,0,1.65
1,1.34,45.41,110,72.03,0.07,24.86,8.7,5,11.09
1,15.81,141.32,130,79.11,1.92,25.84,6.09,6,24.15
2,4.65,61.06,110,30.11,2.17,0.0,6.75,6,4.23
2,3.7,109.98,110,29.52,1.0,31.07,3.6,5,11.22
2,12.68,126.47,110,17.48,2.57,6.08,9.82,2,-1.34
3,9.82,116.32,130,22.77,0.1,0.0,8.62,0,-2.94
2,5.4,139.29,130,10.68,1.04,1.89,1.91,2,2.33
1,12.31,132.36,110,60.14,0.39,4.62,2.44,1,6.13
1,3.8,149.3,130,86.83,0.65,0.0,7.61,3,16.58
3,19.01,43.74,130,22.71,1.21,0.0,0.74,1,3.07
3,3.13,59.62,110,73.87,1.7,0.0,3.69,1,2.79
3,2.08,102.71,160,58.76,0.24,12.51,5.56,4,6.98
1,18.3,115.3,130,89.89,0.27,0.0,2.45,2,9.56
3,14.77,89.5,110,77.84,2.8,0.0,8.79,1,7.72
2,2.42,29.61,130,82.48,1.29,0.0,8.95,4,0.91
1,1.48,129.41,110,64.33,0.49,28.91,9.59,0,19.13
3,21.87,144.91,130,78.96,0.67,0.0,1.89,1,6.72
2,17.99,72.72,130,39.82,3.18,12.49,1.25,3,9.54
2,4.76,49.23,110,27.77,0.13,0.0,5.78,5,0.39
1,12.88,22.51,130,87.56,1.78,34.85,8.03,4,13.41
2,1.59,50.85,130,72.42,1.12,0.0,3.27,5,-0.17
3,8.49,110.99,160,17.71,4.17,0.0,2.79,5,4.39
2,0.23,138.51,110,83.69,3.9,0.0,5.42,3,9.49
2,5.96,32.16,130,39.66,2.92,0.0,5.08,4,0.78
1,0.93,91.92,130,35.35,1.21,0.0,5.06,2,0.84
2,7.74,110.42,110,62.98,2.49,0.0,4.35,5,4.93
2,6.57,55.93,110,58.33,2.55,0.0,7.41,0,7.45
2,7.05,94.09,130,55.75,1.01,0.0,6.34,5,3.27
2,0.56,112.98,130,31.66,5.3,0.0,5.13,5,4.63
1,5.39,128.9,110,91.58,10.48,7.7,7.35,6,29.94
3,16.95,78.82,160,90.76,0.94,0.0,2.99,5,-1.1
2,5.52,117.22,110,10.35,4.04,26.56,8.97,3,11.79
2,15.07,59.23,110,38.72,1.74,0.0,4.15,5,-2.21
2,5.53,47.7,130,13.87,1.56,0.0,3.61,1,-0.56
2,6.6,44.35,130,82.27,1.22,0.0,5.65,0,0.43
3,9.96,66.65,110,85.35,0.86,0.0,3.07,5,2.8
3,36.11,24.66,130,54.06,6.3,4.11,3.05,5,7.3
2,1.38,56.79,130,81.37,3.38,0.0,1.24,0,7.12
3,0.4,104.79,130,69.79,1.45,0.0,6.69,1,3.08
2,11.24,104.23,130,52.46,3.48,0.0,9.17,3,1.78
1,35.73,29.56,110,40.92,3.17,12.65,7.01,5,12.74
2,54.93,57.36,130,32.63,0.78,12.65,5.89,5,-4.96
2,7.94,94.04,110,32.05,0.48,0.0,7.26,3,-1.39
2,7.58,61.41,160,57.78,4.52,0.0,9.68,2,5.72
3,12.43,74.34,110,24.18,4.17,0.0,3.7,4,-0.44
2,9.73,112.67,110,24.86,14.41,0.0,4.59,0,11.63
3,12.06,21.2,110,10.88,0.05,0.0,3.22,0,-0.08
3,24.86,55.93,130,62.13,1.94,0.0,0.66,2,5.85
2,16.46,38.51,110,94.52,3.02,0.0,3.8,4,1.79
2,8.24,36.59,130,85.58,2.18,0.0,1.18,4,6.24
2,7.44,144.68,130,69.98,3.1,0.0,8.65,4,2.73
3,12.25,68.95,110,76.77,0.37,0.0,7.3,1,0.52
2,7.3,88.52,110,45.43,0.0,14.63,3.39,2,3.28
1,7.34,115.4,130,35.34,0.24,14.5,3.62,1,7.87
2,0.2,26.17,110,41.33,1.2,0.0,5.91,4,4.13
2,2.29,51.33,110,16.92,1.0,0.0,8.08,1,1.73
1,8.05,128.18,110,63.87,5.18,0.0,7.33,0,13.49
1,20.76,132.06,110,24.86,0.22,0.0,0.77,1,5.11
2,3.92,68.48,110,74.84,1.46,0.0,7.96,1,2.95
2,8.87,68.73,130,26.15,7.91,15.33,8.87,3,9.85
2,5.08,118.4,110,29.39,1.75,9.21,1.35,2,6.65
2,1.33,58.36,130,91.37,0.36,0.0,7.82,4,2.78
1,38.13,35.22,110,18.96,0.86,32.31,2.89,2,13.05
2,23.15,53.48,130,52.4,2.46,0.0,2.15,0,4.82
2,0.98,70.35,110,15.33,0.03,0.0,5.67,4,2.75
2,15.27,26.79,160,17.68,8.61,20.67,5.75,0,14.69
2,5.12,82.23,130,63.85,2.09,28.79,4.97,1,15.26
2,63.22,116.2,110,63.61,3.04,0.0,9.07,3,8.79
1,4.32,86.79,110,26.42,1.73,34.09,2.8,6,16.15
1,3.27,29.35,110,84.16,7.92,0.0,6.22,4,10.07
1,10.07,77.22,110,69.69,2.22,0.0,4.39,0,5.51
3,21.63,112.16,130,35.55,2.71,23.59,8.8,1,4.29
3,2.57,27.55,110,31.11,4.93,12.43,1.76,4,8.73
3,14.83,27.78,160,74.11,4.94,0.0,1.29,4,8.75
3,0.76,68.18,110,72.36,0.07,0.0,9.93,5,2.74
2,30.15,45.35,130,22.65,0.83,0.0,5.98,5,-2.79
2,1.01,141.52,110,39.68,0.71,0.0,9.16,5,1.76
2,29.47,95.57,110,28.42,0.02,0.0,4.38,2,-10.99
1,8.1,57.35,160,35.0,5.23,37.6,6.24,6,18.41
2,7.13,111.62,130,34.44,0.95,2.64,7.09,6,7.1
3,43.48,68.74,130,92.96,1.07,23.15,9.87,4,14.09
2,55.73,37.18,130,73.77,0.26,0.0,1.57,6,6.07
2,12.6,50.84,160,76.3,11.44,26.78,1.69,0,25.13
2,1.63,103.56,130,33.58,4.38,38.12,5.47,3,20.54
2,8.47,26.74,110,10.04,2.12,10.74,1.03,6,7.32
2,9.04,55.45,110,14.94,3.7,0.0,7.41,4,-0.52
3,8.67,47.08,130,57.0,3.75,0.0,9.91,0,7.49
2,10.11,46.15,130,34.27,2.67,24.28,8.21,1,6.4
3,0.23,108.76,130,26.4,0.48,0.0,3.03,6,1.9
2,14.91,127.36,110,14.22,3.19,0.0,8.1,1,2.53
3,14.95,113.06,160,84.45,2.11,32.14,6.46,4,19.0
2,1.47,103.94,130,61.01,3.22,0.0,1.63,3,7.01
2,10.13,139.14,130,19.13,1.96,32.5,5.88,4,13.33
2,10.08,27.59,110,75.14,7.83,0.0,9.02,2,9.36
3,13.77,41.77,160,74.25,2.47,0.0,3.25,4,3.28
3,1.07,73.87,130,34.6,2.13,10.22,6.76,6,7.68
1,11.82,68.42,130,26.02,4.63,0.0,0.89,2,8.09
1,3.95,74.35,160,79.19,1.19,27.72,8.43,2,14.53
3,8.49,46.84,160,38.01,0.95,0.0,2.46,5,-1.7
2,17.81,39.44,110,82.03,1.75,0.0,6.28,2,2.28
2,14.68,86.2,160,13.71,2.2,0.0,5.48,6,-4.96
2,1.52,140.65,130,52.44,0.62,7.45,5.71,2,6.23
1,10.73,70.96,110,25.27,2.87,0.0,2.91,6,2.58
3,41.73,25.64,110,67.12,4.05,0.0,5.81,2,2.7
3,2.05,111.8,110,94.76,2.15,0.0,6.23,1,6.63
2,23.0,57.84,130,45.06,1.85,13.65,4.54,6,1.8
2,14.55,51.86,130,18.53,0.87,0.0,6.52,4,-0.1
3,17.85,62.15,110,37.0,6.01,33.05,2.32,4,17.45
1,3.97,114.1,130,85.78,3.51,0.0,5.37,2,16.46
3,4.07,126.45,130,75.09,1.64,0.0,7.31,6,4.14
2,28.38,96.45,130,29.74,2.69,0.0,4.0,2,-2.19
2,5.35,61.92,160,91.06,1.03,13.71,4.41,2,7.97
3,0.78,60.36,130,62.89,0.15,38.77,2.06,6,16.22
2,11.01,36.16,110,24.28,0.57,13.86,6.36,4,4.64
2,1.6,141.33,130,58.65,0.21,0.0,1.67,2,6.69
2,19.11,102.96,160,48.36,1.77,15.21,5.26,6,2.48
2,12.32,23.51,110,79.67,2.43,0.0,2.5,2,4.89
2,24.93,106.11,160,39.25,1.2,3.67,2.34,3,-2.3
3,18.44,78.13,110,84.37,1.89,0.0,1.41,4,7.33
3,1.43,146.43,130,79.02,0.22,32.49,3.9,3,16.03
2,5.76,126.48,130,67.34,3.67,17.68,8.74,0,11.86
2,17.88,42.27,130,31.98,0.08,0.0,6.25,3,-1.54
1,6.48,113.61,130,92.48,2.52,0.0,7.9,6,15.11
1,43.06,83.12,130,56.64,1.42,5.88,1.59,3,6.54
2,15.97,44.32,130,87.14,0.51,34.47,3.48,0,13.47
3,0.19,110.84,130,28.34,1.85,15.17,4.19,3,8.53
2,25.44,91.16,110,93.59,3.8,13.5,8.67,3,12.95
3,1.28,23.95,130,79.37,1.33,25.02,6.81,2,9.65
1,1.82,104.06,130,90.68,1.15,35.95,5.16,0,21.2
2,15.91,102.55,110,28.05,0.38,0.0,3.35,2,-1.51
2,24.03,38.73,130,46.61,2.26,0.0,7.72,1,-1.88
2,9.22,65.37,110,18.3,4.4,0.77,8.94,4,2.23
1,4.09,96.17,130,21.64,2.06,0.0,5.6,3,1.94
3,5.19,38.04,110,34.14,0.45,25.22,0.91,1,12.85
2,5.04,130.85,110,90.89,2.71,22.24,3.08,0,18.33
3,4.75,23.57,110,66.71,0.08,0.0,7.59,1,0.17
2,3.34,33.37,110,36.74,4.55,0.0,4.18,0,5.48
3,11.26,35.09,110,91.14,6.36,0.0,6.45,0,7.72
2,27.68,88.65,110,72.88,2.27,0.0,5.48,6,2.87
3,4.4,100.61,110,87.09,5.34,0.0,9.12,0,11.24
1,2.48,72.49,110,88.81,0.22,33.76,3.42,3,22.88
3,21.88,57.53,160,73.82,0.65,16.72,4.74,0,6.22
3,16.25,125.21,110,30.67,0.95,13.96,1.12,3,2.07
1,32.06,28.88,130,94.71,3.71,0.0,8.15,1,9.71
1,2.17,56.44,130,37.63,1.66,0.0,3.6,1,0.81
2,1.87,25.09,110,67.09,1.07,16.21,7.36,3,10.15
3,9.36,21.81,110,81.81,0.43,0.0,0.53,5,9.32
2,11.44,65.94,160,24.89,4.16,21.72,8.74,1,8.37
2,7.85,45.33,130,61.77,0.05,13.06,9.73,2,5.54
1,10.96,54.89,110,41.89,1.03,0.0,4.96,1,0.57
1,2.39,126.72,110,30.76,0.7,0.0,5.08,6,2.85
3,7.84,41.19,110,11.0,0.35,0.0,6.36,2,-0.99
1,12.88,121.43,130,84.12,0.47,0.0,9.76,1,13.06
2,6.8,107.76,160,21.55,1.7,0.0,5.81,5,1.34
3,13.65,62.44,110,84.64,1.39,0.0,1.2,1,8.76
2,7.2,91.05,110,61.06,1.83,0.0,5.87,0,4.23
2,4.87,77.78,110,62.79,3.25,0.0,4.48,5,11.14
1,4.34,36.69,160,80.44,5.57,0.0,7.73,5,9.78
2,6.35,137.93,130,53.3,0.32,19.36,3.38,2,10.85
1,0.28,94.05,130,40.37,0.22,6.1,9.28,5,5.58
3,13.25,134.43,110,21.8,0.97,0.0,8.1,3,-1.82
2,22.38,127.1,130,58.49,1.98,0.0,3.6,0,6.0
2,5.26,30.37,110,57.02,0.26,0.0,3.84,5,3.09
2,0.57,46.95,160,34.98,3.15,0.0,5.42,5,-1.39
1,51.91,38.88,110,61.0,2.03,0.0,1.45,2,5.89
3,3.67,128.0,130,47.35,3.45,0.0,7.06,0,1.64
2,1.62,132.12,110,78.47,1.11,28.08,6.29,4,19.36
2,5.54,88.64,130,57.56,1.28,29.76,3.53,5,11.06
1,16.1,33.54,110,89.36,4.12,0.0,6.56,0,6.19
2,4.18,37.63,110,54.03,0.78,0.0,1.43,5,2.54
1,10.26,125.76,110,85.44,1.2,0.0,9.54,6,11.41
2,6.45,140.79,130,54.24,0.03,10.73,1.14,3,9.76
2,1.5,45.93,110,57.43,2.03,0.0,3.62,4,-1.04
3,4.81,21.45,110,41.18,4.77,0.0,9.72,3,8.01
2,15.49,63.02,110,44.01,0.07,0.0,4.28,5,-2.33
3,11.36,23.96,110,89.31,2.38,0.0,8.91,6,1.72
3,1.53,127.64,110,28.98,4.67,0.0,1.93,3,6.69
1,2.14,83.9,110,20.32,1.7,0.0,1.13,2,6.45
2,12.28,103.44,110,80.57,0.94,2.91,1.53,5,6.64
1,20.15,73.49,110,59.04,14.2,0.0,9.73,6,19.41
2,5.16,64.92,130,34.2,0.17,26.17,1.34,6,10.61
3,10.86,48.89,110,46.75,0.59,35.05,6.69,1,12.42
2,2.25,120.17,130,54.62,5.41,20.0,4.69,0,14.14
2,4.48,110.42,110,60.33,0.88,27.69,8.68,3,10.83
2,0.25,66.89,160,79.79,4.28,7.28,3.3,4,11.76
2,17.55,61.75,110,43.52,1.01,0.0,0.77,2,2.26
1,6.15,20.16,130,67.5,4.18,0.0,7.61,5,5.45
3,20.32,28.26,110,80.96,2.89,0.0,6.09,0,4.28
2,14.79,101.02,110,81.72,1.58,0.0,4.63,0,4.3
3,21.18,86.9,110,31.61,1.85,0.0,3.57,6,-4.04
2,4.04,76.52,110,39.76,0.49,0.0,9.04,2,0.39
2,2.46,127.58,110,60.57,0.31,5.63,1.66,0,6.31
2,42.87,85.51,110,85.29,3.16,8.59,1.84,1,13.57
1,15.16,69.98,160,77.19,4.72,31.93,0.64,1,25.64
2,21.55,40.96,110,59.64,3.2,0.0,1.19,6,5.87
3,0.16,126.69,110,93.62,6.1,0.0,8.64,0,13.9
3,5.25,94.91,130,47.31,5.52,0.0,8.04,0,3.07
2,16.3,32.02,130,81.61,3.76,0.0,1.47,6,7.48
2,0.97,104.36,110,79.57,5.71,0.0,7.91,2,11.69
1,10.05,75.26,130,87.18,0.46,10.08,6.59,4,13.18
3,6.73,125.48,110,93.95,3.29,0.0,4.18,5,5.46
1,0.21,139.46,110,52.13,3.5,0.0,1.3,6,10.63
3,3.23,98.06,110,26.63,0.42,0.0,6.22,3,-2.67
2,4.02,115.11,110,49.18,6.01,14.34,8.48,5,14.83
2,1.42,27.36,110,82.58,0.02,21.97,4.5,3,11.1
3,11.98,92.83,110,81.07,1.43,23.3,4.53,5,14.42
1,3.33,118.19,110,38.56,0.05,0.0,8.35,4,2.84
2,3.9,84.58,130,14.02,1.85,2.92,2.5,5,2.57
2,27.42,97.16,130,53.34,1.33,16.45,2.14,5,8.05
2,7.55,136.86,130,50.3,2.44,0.0,7.11,0,2.04
2,5.97,45.75,130,17.29,3.64,39.71,6.74,6,16.91
2,15.44,32.77,130,77.57,3.66,18.63,9.17,3,9.62
3,28.84,109.78,130,34.11,3.2,0.0,3.68,1,-7.51
1,0.3,126.97,130,64.89,0.27,0.0,2.42,2,10.67
3,7.14,130.56,110,18.63,1.35,0.0,4.57,4,-1.74
1,11.32,103.41,110,83.16,4.23,24.46,4.15,3,23.17
2,4.6,128.32,130,72.84,2.66,0.0,9.41,4,7.2
2,17.76,111.09,110,43.02,2.86,0.0,9.22,0,1.42
1,42.68,31.36,110,63.51,0.64,0.0,4.57,3,-0.45
1,34.47,119.07,110,25.93,0.98,0.0,4.42,4,3.91
3,3.71,43.32,160,93.76,7.8,0.0,4.73,3,9.42
2,3.08,50.76,110,77.67,4.69,38.66,7.44,3,21.28
1,37.9,71.3,110,77.06,0.45,21.64,5.73,3,13.16
1,7.36,60.89,110,23.04,1.97,0.0,3.24,4,1.8
3,2.8,61.81,130,11.51,1.69,0.0,7.8,2,3.58
3,14.73,42.0,110,59.76,1.47,15.38,9.09,2,6.09
2,4.02,58.2,110,22.25,1.59,0.0,7.32,4,0.8
1,3.73,22.56,160,76.34,2.57,0.0,2.35,1,3.94
2,25.37,81.48,130,45.37,8.54,0.0,8.02,0,1.52
1,2.13,119.92,130,38.78,5.21,0.22,9.9,4,7.65
1,0.8,132.09,160,16.26,5.2,0.0,7.01,1,5.46
2,3.76,126.66,110,94.67,3.04,0.0,2.82,5,12.06
2,11.21,74.14,130,91.26,0.04,34.03,0.55,4,20.88
2,1.58,114.96,110,21.19,1.45,0.0,4.16,0,-1.85
2,7.65,57.43,130,38.29,1.79,0.0,4.97,5,0.24
3,11.84,27.22,110,43.22,4.62,4.73,9.14,5,3.78
3,22.66,107.88,110,35.23,6.4,0.0,6.39,4,-2.03
2,3.13,104.34,110,89.43,1.5,0.0,3.18,3,7.84
2,20.4,124.21,110,71.31,0.89,16.35,7.07,4,11.84
2,3.21,100.09,110,91.25,1.03,34.26,1.38,1,22.4
2,13.55,40.4,130,84.33,2.16,6.71,2.53,4,7.24
3,6.76,130.91,130,74.14,0.8,23.81,7.57,2,14.0
2,1.46,101.54,110,69.24,6.04,32.87,3.32,4,21.71
3,15.03,124.99,110,83.62,1.36,0.0,0.8,1,14.24
3,2.95,120.63,130,68.15,11.53,39.33,5.22,6,30.93
2,2.33,58.72,130,26.04,0.29,0.08,6.75,4,1.14
2,5.32,29.69,110,65.09,0.52,0.0,8.0,5,-2.02
1,12.71,42.95,130,53.78,1.79,0.0,3.41,2,7.41
2,3.2,32.07,130,93.46,5.07,0.1,4.53,5,6.46
2,2.44,51.64,110,53.35,1.09,18.62,5.79,4,9.97
2,0.12,79.74,110,13.27,4.54,30.7,1.21,6,19.53
3,7.66,137.89,110,32.46,1.39,7.3,2.38,0,2.22
1,6.72,133.36,160,87.98,4.79,0.0,4.01,2,17.95
2,3.2,113.42,110,91.8,0.81,0.0,3.04,0,6.6
2,0.66,23.13,110,71.92,1.6,0.0,4.93,2,-2.91
2,6.73,64.38,130,14.83,0.82,0.0,6.68,1,-3.4
2,18.63,108.71,110,12.0,0.61,1.36,5.63,4,-5.33
3,15.08,36.77,130,50.77,1.37,0.0,7.85,4,1.95
2,23.66,124.14,110,94.97,1.02,0.0,6.45,5,9.75
2,0.12,138.89,160,83.89,3.87,0.0,3.27,0,9.47
1,40.73,66.03,130,89.31,3.44,0.0,1.64,2,13.43
2,5.01,111.76,130,63.0,1.11,0.0,6.58,1,3.9
3,55.75,39.27,110,83.03,12.16,0.0,2.51,6,12.68
2,3.49,109.81,110,37.17,9.11,0.0,3.53,5,10.45
3,7.65,22.79,130,12.33,6.25,0.0,8.05,2,6.22
2,5.24,39.6,110,88.05,2.21,0.0,2.59,3,3.84
1,5.28,112.28,130,28.57,1.33,0.0,5.61,0,3.63
1,22.16,112.54,130,71.92,0.94,0.0,1.4,2,13.12
2,16.46,103.35,130,66.01,0.04,0.0,4.46,0,4.39
2,58.17,82.06,110,23.44,2.5,0.0,9.81,5,-3.91
3,11.41,107.74,130,26.64,2.01,21.94,9.57,3,5.75
2,7.47,120.59,130,37.97,2.48,0.0,9.49,2,2.82
2,1.13,145.64,110,74.34,2.14,0.0,6.15,2,7.57
2,68.07,135.52,130,13.34,0.37,30.65,3.3,0,0.74
2,9.62,123.29,110,44.6,2.97,22.83,3.87,3,10.08
2,14.47,110.32,130,66.53,1.12,0.0,2.46,1,6.21
1,6.27,94.64,160,24.58,1.82,0.0,1.43,4,6.94
1,9.52,35.68,110,20.15,1.14,0.0,2.1,5,3.45
1,34.29,41.52,110,43.17,0.06,34.33,4.94,0,13.36
1,2.18,126.64,110,34.36,5.23,0.0,0.76,0,13.43
1,4.15,124.43,130,65.17,0.4,36.91,9.42,4,23.21
2,1.98,99.88,130,92.41,2.18,13.7,5.84,2,11.48
2,18.86,77.05,110,10.38,5.37,28.04,2.15,6,12.09
3,0.77,23.38,130,86.7,0.63,6.85,4.46,0,5.22
1,1.02,62.53,130,46.82,1.33,0.0,4.07,1,4.86
2,4.25,74.68,160,66.44,1.19,0.0,8.44,3,0.19
2,8.66,83.16,130,82.34,0.23,0.0,1.64,2,4.46
1,6.26,140.81,110,58.74,1.38,0.0,4.58,0,7.35
3,0.55,34.13,130,18.27,1.63,27.27,7.26,5,14.1
1,37.9,87.45,110,21.95,0.07,0.0,4.05,1,-0.94
3,36.66,67.83,130,77.09,1.67,30.83,3.9,5,12.22
3,3.93,148.71,130,29.47,0.25,19.68,3.73,4,5.43
2,15.78,132.04,110,58.37,5.57,0.0,7.74,2,8.17
2,10.37,77.04,110,46.39,2.63,28.6,1.63,1,13.09
2,3.25,149.96,110,35.81,0.15,30.73,8.64,0,16.15
2,3.65,86.83,110,76.89,4.39,0.0,1.17,4,10.54
2,8.11,41.73,110,72.15,1.12,0.0,3.53,0,1.15
1,6.52,92.26,130,64.92,0.64,0.0,4.2,3,9.41
1,4.13,49.41,110,41.68,0.73,0.0,4.24,0,5.52
2,19.77,102.72,110,29.25,2.28,34.68,2.28,4,5.71
2,7.88,141.87,110,53.85,0.21,5.7,6.23,3,4.28
3,12.77,122.21,110,79.45,0.15,0.0,4.81,3,4.17
1,2.52,55.51,110,58.93,2.47,0.0,5.89,6,5.7
3,9.15,58.59,110,92.46,10.03,0.0,6.34,2,16.72
2,4.59,29.01,110,11.31,1.65,2.17,2.32,0,1.35
2,8.97,57.16,110,94.86,1.33,17.92,9.24,2,8.78
2,18.21,32.04,110,68.77,7.35,0.0,8.39,4,6.89
2,17.58,84.93,130,80.78,0.69,0.59,8.37,5,6.93
1,5.25,112.09,110,38.47,0.69,4.29,5.55,2,4.84
2,14.22,117.65,110,53.21,5.89,0.0,8.29,2,11.61
3,34.02,27.74,160,77.74,2.6,0.0,6.46,4,4.68
2,11.79,64.19,130,74.66,0.14,0.0,4.78,3,1.31
2,1.93,57.46,110,38.39,2.8,0.0,7.65,0,5.21
3,13.66,33.56,110,37.57,4.29,0.0,6.2,2,4.71
3,1.33,67.12,130,66.34,0.8,0.0,0.52,1,11.07
2,24.68,58.91,130,89.36,1.21,20.49,9.97,3,8.78
2,8.72,102.48,110,47.3,0.55,0.0,4.58,2,0.27
3,5.84,134.83,110,40.0,2.51,0.0,5.93,6,-0.32
2,0.7,79.13,160,86.05,2.73,0.0,4.36,6,6.16
2,5.75,117.07,130,68.06,0.18,0.0,1.45,1,5.8
2,28.02,38.98,110,43.0,2.83,0.05,8.42,5,1.38
3,0.25,136.35,110,14.87,2.69,0.0,6.98,4,3.84
1,7.72,39.84,110,71.33,0.09,25.03,8.37,2,10.53
3,32.11,44.97,110,40.0,2.03,0.0,5.1,0,1.85
1,6.03,33.84,160,16.0,2.38,0.0,8.02,3,5.21
3,6.71,60.26,110,62.04,1.41,8.86,8.08,5,6.01
2,10.37,91.81,160,37.46,5.79,16.31,3.69,2,12.88
2,7.46,148.44,110,38.77,1.0,33.12,0.54,6,17.83
3,2.22,123.14,110,50.73,0.17,27.97,8.67,6,7.88
2,0.22,69.46,110,70.99,2.79,3.79,2.25,6,4.77
2,11.29,94.86,130,33.49,2.32,2.27,8.75,0,-0.28
1,30.43,101.03,110,16.88,11.29,0.0,6.37,2,13.68
1,1.35,126.95,130,46.08,0.66,29.21,6.53,1,13.11
2,2.84,115.74,130,14.67,1.26,0.0,2.85,3,1.38
2,5.55,94.01,110,69.27,1.55,0.0,4.32,0,9.74
1,19.85,106.99,130,91.54,4.94,0.0,3.46,6,17.57
1,3.76,116.97,110,65.99,1.34,24.23,2.31,0,20.42
2,25.65,37.31,130,33.41,3.7,30.64,7.38,4,9.88
2,0.68,46.06,110,25.44,0.43,37.51,1.41,6,12.13
3,33.95,109.52,110,29.79,1.32,0.0,5.36,3,-8.65
1,9.87,130.56,130,28.84,0.42,0.0,5.59,5,4.44
1,12.9,73.2,110,36.68,7.47,0.0,9.58,2,8.61
3,5.5,147.39,160,18.27,0.49,0.0,8.76,6,-1.51
2,18.28,48.09,130,86.14,1.36,16.34,5.17,1,12.97
3,2.19,74.17,110,85.24,0.21,0.0,8.52,2,4.86
3,0.6,69.21,110,62.3,6.36,0.0,8.01,1,8.6
3,6.04,140.94,130,15.26,2.44,0.0,0.77,4,8.18
1,23.06,57.1,130,78.34,8.21,27.99,9.26,5,22.6
3,16.87,81.2,110,15.25,0.11,0.0,7.04,0,-4.13
3,8.74,44.34,160,19.05,0.48,0.0,6.88,1,-4.46
2,10.19,87.76,160,37.65,1.2,0.0,7.28,0,-2.38
2,1.67,131.46,110,46.67,2.43,39.66,2.64,5,18.0
2,22.04,59.53,130,40.08,1.0,17.11,0.78,0,8.62
1,18.56,125.4,110,24.04,3.11,15.28,2.7,2,11.72
2,12.82,138.47,130,19.53,0.45,23.45,8.05,1,7.78
2,7.53,29.48,110,83.05,2.29,0.0,6.17,1,9.42
2,40.04,118.34,110,40.87,1.27,0.0,3.93,0,-0.44
2,25.35,53.19,130,28.58,1.77,25.17,2.79,5,9.7
2,12.41,42.79,110,51.39,2.11,29.13,8.1,5,10.19
2,5.58,98.15,130,13.13,0.15,0.0,4.85,5,1.51
3,11.55,111.73,130,61.02,6.44,0.0,6.31,1,12.27
1,10.28,71.32,110,31.12,3.86,0.0,0.62,3,10.82
2,6.02,25.09,110,60.85,1.46,33.34,4.58,5,10.42
1,4.4,138.13,130,62.2,1.98,33.26,0.65,4,27.28
2,6.27,115.0,110,78.78,0.08,1.37,7.98,5,7.34
3,10.24,55.32,130,29.54,1.72,14.23,2.87,3,4.4
3,6.71,84.59,110,49.39,1.39,0.0,2.09,2,-0.38
2,3.67,23.61,130,91.76,1.17,22.36,9.3,2,10.2
3,17.17,64.11,110,71.81,4.22,0.0,0.67,6,13.69
1,9.1,87.93,110,92.9,0.5,32.6,2.38,3,23.13
2,0.84,87.24,110,88.83,0.48,0.0,2.78,4,8.13
1,5.51,47.06,110,61.91,1.84,0.0,8.32,5,6.67
3,25.94,120.98,110,32.43,2.91,0.0,7.25,5,-4.56
2,16.89,58.85,130,74.34,0.06,0.0,9.69,1,4.04
2,4.69,95.45,110,69.34,1.97,26.83,7.1,5,17.66
3,33.4,55.3,110,60.06,0.89,0.0,2.75,4,2.17
1,0.96,75.27,110,69.32,3.54,0.0,2.08,6,10.07
1,39.0,46.98,130,62.15,1.58,0.0,7.68,4,1.2
3,3.38,102.29,130,54.15,4.49,3.78,9.06,1,6.44
2,0.11,75.33,110,45.36,1.26,0.0,9.16,5,2.18
1,6.83,22.1,130,13.8,4.39,0.0,7.83,1,2.42
2,5.34,23.66,160,83.58,3.15,0.0,8.05,6,4.56
2,9.29,81.25,110,83.57,4.4,0.0,6.79,1,11.72
1,19.12,43.82,130,60.49,4.18,0.0,7.49,1,7.17
2,22.17,96.06,110,32.77,1.67,0.0,1.6,0,0.39
1,6.15,73.06,160,12.39,1.15,0.0,3.63,3,2.79
2,6.74,105.07,130,10.12,3.62,0.0,4.85,5,5.15
3,1.92,143.81,160,16.2,1.12,0.0,6.81,6,1.24
3,0.58,88.74,110,40.59,0.23,0.0,4.47,0,-0.33
2,12.3,122.36,110,26.01,4.89,0.0,4.06,3,3.49
1,0.8,117.9,130,32.53,1.27,5.22,5.85,3,2.04
3,15.88,139.83,130,69.47,0.36,34.8,4.25,5,16.96
2,9.29,47.82,130,91.53,2.6,0.0,1.19,3,4.15
1,2.66,127.55,130,27.58,5.51,0.0,9.71,6,5.44
3,9.31,137.72,130,49.58,4.93,3.65,9.3,4,5.85
3,2.43,71.06,130,94.28,2.02,0.0,0.87,3,6.83
3,6.93,60.8,110,89.19,0.23,14.3,5.53,5,6.62
3,19.29,143.76,110,39.95,2.98,28.2,7.27,1,5.66
2,7.44,101.59,110,37.17,2.35,0.0,6.29,4,2.68
2,1.93,69.49,130,30.58,0.59,38.03,3.86,6,16.72
2,15.44,122.94,110,23.21,5.77,0.0,8.13,4,1.74
2,2.48,59.58,110,49.1,0.23,14.33,6.34,0,10.74
2,16.1,42.93,110,39.0,1.17,0.0,2.77,2,-1.64
3,7.83,90.72,160,73.31,0.25,0.0,6.31,6,-0.11
3,7.26,93.61,110,30.13,6.07,0.0,3.11,5,1.52
2,22.88,127.35,110,72.59,0.09,0.0,6.16,4,4.57
3,14.8,79.41,110,34.49,1.39,0.0,7.76,1,-1.89
3,0.4,125.9,110,60.38,4.95,0.0,3.37,6,12.2
2,4.21,60.47,110,64.27,0.72,28.25,3.18,4,10.29
2,24.57,94.8,110,67.1,0.28,0.0,7.4,0,2.1
2,0.22,47.1,110,24.9,0.34,12.9,5.33,4,6.07
2,9.46,70.11,130,34.03,1.3,19.48,1.82,2,6.87
1,15.62,131.48,130,30.92,1.4,0.0,5.68,6,2.31
2,11.67,48.08,110,58.97,3.17,0.0,6.8,3,4.32
2,17.15,125.33,130,16.44,0.68,24.71,5.17,4,2.24
2,15.52,56.77,130,54.05,3.03,14.9,6.43,0,8.6
3,14.13,24.48,130,17.43,17.21,0.0,3.97,2,13.4
1,20.68,34.29,110,38.65,4.99,0.0,8.84,6,7.9
3,12.45,116.96,110,68.37,2.52,0.0,2.78,3,6.63
2,6.18,54.07,130,45.07,7.03,0.0,3.17,6,5.93
1,7.66,105.04,110,33.83,11.81,0.0,7.85,4,13.83
3,15.14,110.9,110,62.35,2.11,0.0,1.05,5,8.47
2,25.08,64.87,110,72.92,0.8,0.0,9.88,1,2.34
2,3.81,81.74,130,31.64,6.16,34.7,6.48,4,15.62
3,5.02,72.49,110,35.45,4.65,18.31,8.17,1,9.37
2,32.04,143.16,110,64.42,0.22,26.3,6.05,0,14.73
2,10.37,61.59,130,92.04,6.89,0.0,7.97,5,12.33
1,2.37,43.83,130,28.18,1.14,5.05,4.62,3,3.65
3,13.08,67.53,110,65.61,0.97,0.0,5.98,4,1.17
2,56.21,107.04,110,87.06,1.05,21.56,6.79,6,15.28
2,20.81,110.66,130,49.27,0.96,33.66,9.07,3,8.91
2,16.43,140.13,110,36.93,1.81,0.0,0.83,5,1.04
2,2.8,134.63,130,66.68,2.17,28.47,1.53,1,14.72
3,25.06,57.48,130,12.67,1.39,0.0,7.06,2,-3.46
2,8.95,79.17,110,40.61,1.33,0.0,3.77,5,2.74
2,26.41,117.14,110,31.93,3.34,0.0,6.94,0,-2.36
2,4.8,139.15,110,29.09,0.01,34.6,2.66,4,16.09
3,0.77,63.83,130,25.28,7.34,0.11,6.47,2,7.55
2,7.75,77.78,110,72.65,3.13,20.58,5.04,5,13.18
3,3.77,136.93,110,91.18,3.07,31.31,1.67,0,15.12
3,15.07,66.6,110,42.71,1.37,7.26,9.33,6,-3.72
2,37.79,82.47,110,14.17,8.44,0.0,8.03,1,4.02
2,14.09,137.59,130,71.11,0.0,0.0,7.92,0,5.35
2,26.16,124.29,110,55.75,0.2,23.01,7.12,3,6.61
3,7.24,51.65,130,71.51,4.07,0.0,0.7,1,10.78
2,17.72,62.22,110,65.07,3.36,0.0,5.29,5,7.28
2,22.22,65.88,110,86.96,0.79,29.58,7.63,0,15.19
3,14.89,138.66,130,21.94,2.26,0.0,2.56,3,-2.87
2,8.51,149.86,130,24.38,1.9,0.0,6.34,5,-4.85
2,11.8,120.62,130,39.03,1.87,20.67,9.33,3,7.85
2,14.47,82.96,110,51.77,2.26,0.0,7.65,4,2.17
1,3.5,21.32,110,88.69,12.68,0.0,5.7,4,15.99
3,19.9,110.67,130,87.09,10.92,0.0,3.44,0,16.16
1,36.03,70.62,130,84.11,10.0,23.39,6.55,3,26.92
2,7.51,102.29,130,28.91,1.99,0.0,7.29,2,1.23
3,14.49,98.87,130,72.02,0.96,22.51,6.56,3,10.58
2,16.03,82.51,110,42.6,2.05,38.54,7.68,6,13.09
3,13.03,142.77,130,89.15,2.44,2.28,3.15,1,6.37
3,9.51,23.01,130,28.24,0.93,16.88,5.32,0,8.05
2,25.61,112.58,110,22.01,2.5,32.08,5.71,0,5.35
1,7.15,73.28,110,81.6,2.43,0.0,1.35,4,15.42
3,0.76,112.79,130,70.94,5.84,20.81,2.18,6,15.33
2,22.34,107.78,110,79.82,0.68,0.0,3.41,3,6.46
1,13.45,21.33,130,23.43,2.99,0.0,0.95,4,7.64
3,22.71,57.09,130,85.21,1.5,27.46,2.72,5,9.41
1,1.79,44.58,130,67.6,0.35,0.0,5.46,3,4.36
3,0.37,41.71,160,65.38,0.95,0.0,5.65,5,0.27
1,32.69,114.7,110,59.52,0.15,33.48,2.87,0,17.63
1,1.92,51.14,110,75.01,0.96,0.0,9.49,1,5.12
1,19.91,81.72,130,45.33,0.18,0.0,4.94,1,0.74
3,20.79,52.11,110,21.29,6.49,39.32,6.55,1,15.71
2,14.8,95.43,110,55.84,0.27,0.0,0.79,0,9.86
3,1.69,113.67,130,73.59,4.25,19.19,4.29,4,11.24
2,13.21,63.04,110,23.06,5.91,0.0,5.65,3,3.43
2,26.39,98.39,110,29.04,1.58,18.61,3.47,4,1.48
2,6.65,127.23,110,69.21,0.14,0.0,2.13,0,6.51
2,6.4,32.25,160,32.92,2.26,0.0,2.41,5,2.05
2,7.02,112.39,110,24.44,0.67,0.0,4.93,4,-2.23
2,1.03,62.01,110,85.6,0.49,12.99,1.17,6,12.83
2,26.71,35.94,160,23.68,2.09,0.0,2.73,2,-1.27
3,24.41,90.94,110,39.25,1.1,1.39,7.34,6,-0.3
1,74.04,49.41,110,46.42,3.28,0.0,2.54,3,5.17
3,10.56,126.78,130,50.47,2.24,17.96,1.61,0,11.05
1,16.69,25.58,110,40.71,4.42,0.0,1.3,2,7.07
2,2.72,32.82,110,87.57,0.15,0.0,9.89,4,1.16
2,13.21,87.73,130,65.98,0.67,32.89,1.33,1,17.06
2,12.59,96.56,110,40.56,2.09,27.34,4.62,4,10.59
2,27.78,114.89,130,40.41,5.31,13.73,5.36,0,2.96
2,21.32,53.7,130,52.75,4.2,0.0,9.66,5,3.65
2,33.46,129.43,110,12.86,2.84,39.57,8.97,1,10.43
3,24.38,143.91,130,88.76,2.13,0.0,2.76,4,10.02
2,24.36,84.88,110,28.98,2.5,14.5,1.3,0,3.74
3,0.79,118.87,110,69.3,0.6,0.0,4.66,2,2.75
2,22.45,88.23,130,76.11,2.26,0.0,1.46,2,10.51
2,11.22,29.03,110,80.33,1.7,3.09,8.78,1,5.01
2,5.75,62.39,130,24.08,1.21,0.0,7.19,4,3.01
2,0.7,31.37,110,55.62,5.47,18.74,9.47,2,14.15
2,13.59,148.55,110,17.11,4.42,3.13,5.91,5,2.82
2,4.77,49.77,130,78.41,0.2,11.6,3.96,4,5.68
1,7.57,102.67,110,51.35,10.62,0.0,5.26,2,12.79
2,13.74,56.96,130,23.47,0.65,32.89,2.03,0,6.23
1,29.13,104.92,130,71.09,0.61,0.0,4.9,1,8.12
2,20.95,47.35,160,38.15,7.2,36.58,9.99,1,20.22
2,7.19,122.09,110,19.73,1.47,0.0,7.06,5,-2.34
3,5.89,34.41,160,49.19,4.09,0.0,1.09,3,6.14
3,3.29,136.37,130,30.0,0.85,0.0,7.39,2,-1.78
1,5.59,129.25,130,90.77,5.16,0.3,1.46,2,24.69
3,1.41,108.24,160,40.72,4.46,8.29,4.21,3,6.7
3,42.53,28.76,130,58.66,1.83,8.46,7.97,4,9.82
2,10.24,47.11,130,90.61,3.05,0.0,1.72,1,7.74
2,1.64,131.72,130,43.47,8.31,0.0,3.28,1,13.36
3,5.22,35.86,130,40.44,1.5,0.0,2.35,1,-3.22
2,9.5,40.27,110,23.8,1.7,0.0,8.77,0,-5.73
3,9.13,90.72,110,89.76,3.21,25.14,1.91,6,14.94
1,0.43,55.64,130,78.06,1.22,0.0,5.59,4,6.05
1,36.15,48.87,160,28.79,8.13,0.0,3.12,5,10.07
2,3.87,94.86,130,38.28,0.1,36.69,5.32,3,17.15
2,0.2,68.43,130,87.77,1.29,32.74,2.09,1,15.74
3,0.95,38.27,130,55.67,3.13,8.58,7.7,2,5.87
3,10.42,89.53,110,57.29,1.4,0.0,6.61,2,2.41
2,1.78,70.31,110,65.09,0.75,0.0,0.91,4,8.0
1,0.51,115.49,110,74.78,1.33,0.0,9.5,0,7.98
3,5.73,33.36,110,89.84,5.33,33.22,8.98,6,14.59
2,11.7,100.68,130,78.19,1.98,0.0,3.33,3,6.94
1,1.42,76.74,130,89.44,1.02,0.0,3.27,5,6.69
2,4.51,72.79,110,79.75,2.78,0.0,5.24,1,8.3
3,6.49,50.2,110,13.95,2.37,15.67,6.38,6,1.55
3,2.08,23.96,110,19.99,2.05,0.0,3.26,3,0.54
2,8.46,130.2,110,85.22,1.24,0.0,8.06,6,5.04
2,1.07,62.43,110,12.35,0.19,0.0,1.25,5,1.95
3,0.57,108.54,110,77.5,2.42,0.0,4.28,3,3.71
2,8.8,143.19,110,82.24,1.36,0.0,5.78,5,10.32
2,3.42,93.45,160,45.31,1.4,0.0,8.1,5,8.52
2,1.2,71.63,110,40.16,0.67,31.14,8.78,2,10.04
3,6.62,54.88,130,26.52,0.72,36.43,2.82,0,10.32
2,29.6,141.43,130,14.16,3.87,12.78,2.79,1,-0.55
1,15.46,108.67,110,73.36,1.63,0.0,4.0,2,7.81
2,20.29,106.49,130,16.27,0.29,14.49,4.56,2,0.66
2,24.66,75.4,130,90.3,0.12,0.0,8.56,5,1.53
2,43.18,129.86,110,35.22,0.64,38.46,0.57,2,13.69
1,17.29,112.78,110,77.51,1.67,2.94,7.01,2,12.38
2,11.25,56.81,130,15.07,2.4,0.0,2.59,3,0.66
2,5.46,97.95,110,55.58,0.39,0.0,8.88,0,2.63
1,2.41,75.93,110,39.67,1.42,32.44,3.51,3,16.16
1,13.93,20.86,110,12.55,0.19,1.25,5.61,0,1.75
3,63.46,124.99,110,65.74,0.1,0.0,3.63,0,2.35
3,7.56,35.97,130,90.17,4.98,0.0,4.54,6,7.42
2,15.43,86.29,130,10.91,2.68,3.69,5.46,5,2.3
3,8.2,63.71,130,32.99,3.8,15.07,7.6,1,3.42
2,6.79,64.47,110,69.81,0.5,32.36,1.65,3,11.43
3,6.34,82.06,160,84.06,0.97,5.5,3.85,4,8.16
2,8.43,149.61,130,26.22,1.47,39.34,6.58,5,15.4
2,5.49,73.09,130,16.01,2.68,2.34,6.09,6,4.89
1,16.58,43.7,110,10.73,1.91,11.56,7.92,0,5.85
2,24.88,99.77,110,28.29,2.0,0.0,8.95,4,-0.45
3,25.74,50.72,130,16.06,0.43,14.3,1.39,2,10.35
2,3.1,33.72,110,40.55,1.61,19.21,7.28,6,11.08
2,27.15,26.52,130,47.41,4.34,0.0,3.2,0,4.2
1,5.01,22.97,130,50.79,1.78,0.0,5.07,0,4.15
3,4.44,76.05,110,22.1,0.56,7.18,6.46,5,3.63
2,15.57,75.47,130,49.44,1.33,0.0,1.93,3,-1.0
2,4.36,44.12,110,10.77,3.51,0.0,3.79,0,4.47
3,0.65,121.92,130,30.35,0.36,21.93,9.77,6,13.22
1,5.61,36.81,160,41.37,2.17,0.0,1.79,4,2.47
2,15.34,138.99,160,20.06,8.4,0.0,1.29,0,6.7
3,4.75,96.38,130,79.19,1.2,29.73,8.45,1,14.42
2,11.92,23.59,130,27.1,0.11,0.0,4.59,1,-0.06
2,12.95,145.19,130,74.17,2.51,0.0,6.91,3,8.65
2,15.88,60.03,130,50.28,0.12,0.0,3.4,1,-1.29
3,27.29,78.5,110,50.78,0.53,9.33,2.39,0,4.97
1,6.8,56.95,110,64.84,0.12,0.0,2.52,6,3.4
3,2.18,114.69,130,13.76,0.47,0.0,2.36,6,0.59
3,4.61,83.14,110,16.69,4.83,0.0,2.85,1,6.65
1,6.79,37.21,160,37.78,3.32,0.0,2.6,5,6.57
3,15.02,33.55,110,45.43,1.05,5.57,8.23,2,-0.56
2,0.16,114.3,110,46.54,5.69,13.12,5.57,3,16.06
2,4.55,50.82,110,67.54,2.74,0.0,3.32,5,1.41
3,18.16,37.91,130,10.06,1.48,19.76,3.78,0,4.48
3,13.34,84.93,160,91.52,0.18,0.0,9.6,1,2.95
1,15.79,124.36,110,24.83,3.28,0.0,2.25,2,6.04
2,20.04,56.24,130,31.13,1.18,0.0,8.92,1,-5.57
2,18.35,55.94,130,86.98,0.9,35.35,7.5,1,20.61
2,13.76,128.4,130,10.47,0.85,0.0,6.33,1,-6.72
2,6.95,39.22,130,94.26,0.02,35.07,6.43,0,17.74
1,49.32,100.17,110,13.06,3.39,0.0,4.52,3,2.91
2,10.1,144.15,130,20.25,0.39,0.0,4.67,2,-1.91
2,2.72,129.37,110,30.41,1.84,9.58,8.06,3,1.76
1,4.16,28.04,110,47.29,0.04,0.0,8.2,5,2.5
3,14.19,61.59,110,54.07,2.47,39.4,5.93,3,16.86
3,31.04,38.51,110,18.9,1.15,15.24,7.8,4,6.35
2,2.36,143.4,130,16.26,2.49,0.0,8.2,6,0.07
2,1.03,148.17,110,12.71,0.24,27.84,3.66,2,13.08
2,25.6,50.55,130,31.82,0.77,17.81,6.42,0,0.63
2,29.62,107.06,130,88.33,0.29,8.94,4.64,0,9.64
2,3.88,129.41,160,43.14,2.6,0.0,1.43,6,3.85
3,5.68,50.38,130,74.94,0.29,18.95,6.66,5,12.17
1,12.95,44.4,160,26.17,2.4,38.16,6.08,4,18.19
1,4.8,21.46,110,15.5,0.36,22.74,1.47,4,13.71
1,25.16,73.56,130,57.11,7.18,0.0,1.17,4,13.54
1,1.37,136.93,110,79.88,1.35,23.07,2.87,4,20.98
1,0.46,137.39,130,86.37,0.34,5.8,8.42,0,16.36
3,2.81,36.61,110,56.43,0.11,0.0,1.1,0,3.99
2,4.04,46.57,130,34.99,1.0,31.69,4.87,6,11.77
1,1.44,73.05,110,19.31,5.55,16.86,2.2,1,11.53
2,0.82,121.48,110,66.76,0.39,3.99,2.91,5,8.05
3,16.91,99.54,130,33.84,3.91,0.0,7.81,3,1.41
2,2.15,86.8,160,81.74,1.35,9.48,8.58,3,6.35
2,29.43,96.95,110,61.44,4.06,22.59,6.01,5,16.08
3,5.51,32.51,160,83.0,5.18,33.21,8.7,3,15.04
2,13.33,82.1,110,58.17,15.32,0.0,8.64,3,20.37
2,3.06,148.97,130,75.6,0.18,0.0,2.6,6,4.27
2,3.3,31.5,160,35.02,3.98,0.0,6.63,6,5.88
2,10.26,87.5,110,52.76,0.18,20.96,7.89,6,10.64
2,9.87,58.43,110,11.65,0.95,8.59,5.83,0,0.46
2,17.57,90.19,110,61.67,2.6,0.0,8.15,0,4.35
2,17.02,94.6,110,55.37,1.48,0.0,6.47,4,3.2
2,13.33,95.07,130,74.2,2.08,0.0,3.2,6,6.76
1,7.16,130.79,130,71.96,8.47,10.31,7.01,5,23.41
1,26.56,70.67,160,63.35,4.27,0.0,6.09,0,12.84
2,11.69,87.13,110,14.82,1.13,0.0,6.44,6,1.29
3,55.5,21.42,130,86.76,2.29,0.0,1.41,0,6.56
2,20.54,122.64,110,11.53,0.12,20.88,1.69,5,3.19
2,0.54,53.73,160,78.28,1.51,0.0,8.24,1,2.74
2,4.64,126.15,110,50.74,2.34,20.79,4.6,2,13.4
1,10.18,54.53,160,79.53,3.14,0.0,2.55,4,10.7
1,15.34,21.4,110,49.53,5.79,0.0,1.38,4,11.38
2,9.59,40.13,130,64.99,0.83,0.0,3.0,1,2.63
1,18.51,148.14,110,40.88,5.81,0.0,3.3,2,8.56
1,3.99,61.57,130,73.21,2.71,0.0,9.84,6,7.67
3,2.44,34.15,130,31.6,0.2,0.0,8.43,0,1.85
1,0.67,35.44,130,71.15,1.2,0.0,1.25,4,9.15
2,10.22,60.34,130,26.44,1.62,0.0,7.61,2,-0.61
2,14.0,24.89,110,71.38,1.09,2.91,5.86,5,4.92
2,4.74,86.49,110,34.96,0.31,36.06,2.67,3,15.92
2,11.41,47.79,130,33.68,2.01,0.0,7.59,4,-1.31
2,0.64,87.51,110,78.98,0.35,0.0,0.79,6,7.87
2,1.25,38.3,130,79.16,6.16,11.08,7.45,6,15.11
3,14.52,75.88,130,68.77,5.01,0.0,9.01,2,8.16
3,5.51,97.73,110,88.53,1.61,38.89,8.88,3,19.83
1,13.35,28.06,130,23.28,0.18,24.43,7.84,6,7.91
1,21.39,71.84,130,32.89,2.01,0.0,9.38,3,-0.8
3,22.98,59.33,130,34.99,2.24,18.34,7.22,6,6.06
2,2.27,51.25,130,35.95,5.48,0.0,7.02,5,7.0
2,7.99,98.59,110,37.88,0.17,0.0,0.75,0,5.3
2,15.89,96.51,160,69.25,2.94,0.0,2.15,5,6.27
1,17.85,101.99,110,33.01,2.07,34.7,7.92,2,14.94
2,18.43,40.65,130,34.3,0.48,0.0,9.98,4,-1.3
2,3.11,57.14,110,58.49,0.32,0.0,7.34,4,4.29
2,2.57,47.26,110,26.44,2.96,37.7,6.01,2,17.54
2,10.7,90.27,130,41.02,1.04,0.0,2.24,1,-3.65
3,16.22,79.94,110,14.92,24.29,0.0,9.51,1,19.18
2,4.61,62.94,160,90.97,5.61,0.0,6.67,0,7.85
1,1.33,122.18,110,36.97,2.09,4.63,5.15,0,9.61
2,15.14,32.22,110,82.25,2.57,38.44,8.68,6,17.1
3,4.27,146.74,110,55.05,0.43,15.64,9.56,5,11.13
3,2.18,35.15,110,29.4,5.61,0.0,4.03,1,6.23
2,1.92,120.5,130,26.44,1.54,0.0,5.4,6,1.45
1,4.54,67.87,130,69.07,1.84,0.0,1.59,5,6.2
3,10.78,132.48,110,92.01,5.16,20.35,9.62,3,16.65
2,5.33,29.64,110,25.56,0.02,28.93,1.65,5,10.15
1,0.25,68.71,110,19.81,1.7,0.0,9.33,6,-0.03
2,1.22,63.61,110,42.9,2.46,0.0,2.31,3,4.67
2,4.12,149.11,130,43.47,0.43,0.0,9.13,1,0.96
2,12.94,148.12,130,78.53,0.18,37.26,4.8,4,16.69
2,1.24,44.67,130,49.86,1.91,17.62,6.12,1,6.29
2,9.87,101.89,160,15.31,1.98,0.0,0.84,4,2.94
3,1.53,89.62,130,88.26,1.0,9.19,4.25,5,8.5
3,2.85,40.07,110,41.72,5.35,0.0,5.19,6,9.0
3,2.27,41.81,110,66.83,0.9,0.0,0.59,6,6.96
3,0.84,148.6,160,66.74,1.82,0.0,6.78,4,5.67
1,13.35,78.85,130,14.79,0.52,0.0,8.47,3,0.71
2,7.47,36.35,110,10.31,0.03,0.0,0.74,5,-1.37
2,21.34,47.92,130,17.48,1.39,0.0,5.18,3,-0.91
3,1.25,54.89,160,91.31,1.87,6.81,0.82,5,11.0
2,1.88,86.42,130,77.49,3.62,0.0,8.8,3,4.1
3,4.39,63.62,110,21.22,1.49,0.0,2.03,4,5.04
2,17.42,79.15,160,62.26,0.82,0.0,1.06,4,8.04
3,4.38,41.64,160,62.02,2.32,4.89,8.65,0,1.48
1,6.3,62.47,110,10.05,1.2,0.0,4.72,6,2.38
1,4.31,29.14,130,46.47,0.66,0.0,1.41,1,10.07
3,1.0,135.66,130,70.5,6.03,31.88,6.66,3,20.41
1,33.65,45.84,110,25.88,1.92,0.0,7.2,2,3.84
3,9.54,118.4,130,82.33,0.56,0.0,5.9,2,3.13
1,18.6,65.44,110,66.13,2.78,0.0,3.66,4,6.02
2,12.89,81.67,130,10.59,4.06,0.0,4.53,0,3.42
2,8.66,57.86,160,82.67,3.55,0.0,9.57,6,7.56
2,1.13,110.54,110,11.65,2.29,8.05,5.58,1,7.4
2,12.35,129.79,110,85.47,1.83,0.0,4.27,4,7.89
2,2.03,57.22,160,38.37,3.76,29.69,7.23,1,15.73
1,6.42,51.49,160,69.39,3.08,0.0,1.22,4,9.59
1,11.9,108.59,110,76.93,2.12,0.0,3.26,3,12.38
2,18.29,45.37,160,33.91,2.68,0.0,2.65,0,-0.14
2,13.86,103.18,110,40.3,0.46,0.0,6.96,3,1.2
3,13.36,32.28,110,53.31,0.05,0.0,6.24,5,0.04
2,1.94,100.62,130,59.53,6.69,10.8,7.71,3,13.96
2,5.1,86.74,130,34.82,6.84,0.0,4.55,6,2.58
2,0.53,34.81,130,94.35,3.88,0.0,2.15,2,8.35
1,15.25,104.38,110,72.65,1.16,0.0,2.24,2,6.65
2,36.59,78.05,110,33.3,0.41,0.0,8.98,2,-5.37
3,3.68,48.22,160,64.44,1.11,39.6,1.21,2,16.62
3,1.1,65.94,110,47.01,3.24,0.0,6.14,5,1.14
2,7.75,83.97,110,83.13,1.02,0.0,2.7,4,6.98
2,23.31,31.9,130,37.96,3.97,18.4,2.54,4,7.08
3,9.63,144.49,130,25.97,2.79,0.0,1.43,0,-0.19
2,0.57,106.52,110,13.92,2.49,0.0,9.8,2,-0.35
1,43.92,33.33,110,93.67,6.66,38.47,1.08,2,29.97
1,21.17,126.97,130,40.53,5.6,0.0,1.9,4,8.59
2,1.69,61.93,160,28.74,3.11,0.0,3.97,1,3.45
3,30.58,97.58,110,51.8,0.56,0.0,4.83,5,3.73
2,7.19,56.03,130,34.79,6.99,24.65,9.53,6,15.2
1,5.58,115.34,110,29.8,0.64,0.0,2.8,3,2.77
1,7.42,113.99,130,62.39,1.17,5.25,7.35,0,12.05
3,21.59,91.77,110,16.36,4.38,6.67,6.74,4,-1.82
3,12.93,51.32,130,53.26,0.59,38.52,5.42,4,14.19
2,0.73,52.98,130,42.93,2.54,37.75,3.03,3,18.34
2,37.93,69.77,130,55.26,1.53,6.28,1.99,6,9.07
1,1.92,38.85,130,37.24,2.45,0.0,2.18,0,7.23
3,16.42,63.9,110,58.48,7.93,35.68,3.79,6,19.11
3,12.13,108.97,130,16.95,4.13,17.4,1.8,4,7.72
2,2.49,128.01,110,41.97,0.88,0.0,9.99,2,3.65
3,2.25,63.24,110,30.19,0.15,15.84,4.74,2,5.69
2,24.51,50.37,110,47.24,8.53,0.0,5.62,4,7.43
1,6.53,128.24,110,43.86,2.2,15.87,6.36,1,16.15
2,12.76,135.79,110,63.65,0.48,35.97,2.36,1,15.28
1,8.42,73.3,130,63.44,2.47,13.02,5.08,1,8.82
2,15.59,23.5,130,45.14,0.11,20.92,1.1,5,11.12
2,7.83,110.35,130,25.44,0.52,20.87,9.71,2,5.17
2,4.07,121.92,130,59.46,2.5,0.0,4.99,5,7.04
2,5.42,22.34,110,92.15,1.29,12.27,0.78,2,12.13
2,23.51,97.35,110,25.76,0.98,25.71,6.19,3,3.68
1,7.57,96.49,130,15.87,2.66,5.64,1.45,6,5.92
2,2.88,69.23,110,32.49,5.03,35.74,8.0,1,18.35
2,32.73,117.47,110,45.1,2.84,5.77,9.56,3,-1.89
2,19.11,75.66,110,36.03,1.56,0.0,9.21,4,-0.45
3,0.69,107.98,110,80.95,2.69,0.0,4.56,5,6.18
3,82.23,87.23,130,51.91,2.97,13.64,7.27,6,6.39
3,14.25,52.3,110,30.92,3.73,13.1,1.98,5,7.99
2,2.1,98.85,130,90.77,0.92,0.0,1.22,6,9.3
1,3.25,115.8,110,20.63,0.3,0.0,8.3,4,5.38
2,14.15,146.61,130,20.45,2.86,28.92,7.1,0,8.76
2,18.16,69.41,130,30.85,0.32,7.35,9.12,0,-2.77
2,3.28,28.38,130,16.53,1.55,0.0,9.19,6,1.03
1,3.56,148.44,110,73.89,0.66,0.0,3.8,0,11.93
3,4.4,101.09,110,36.59,1.01,37.31,3.53,0,14.29
1,10.94,143.04,130,72.04,1.59,35.16,4.7,5,23.2
3,2.26,33.5,110,74.83,5.66,21.98,6.82,5,13.33
3,1.32,64.46,110,30.19,2.85,6.09,0.55,2,14.43
2,13.63,37.41,160,54.06,0.47,0.0,5.58,3,0.79
3,18.12,128.62,160,54.17,5.29,0.0,0.69,5,16.73
2,8.34,134.44,130,84.07,1.74,0.0,4.78,2,10.38
3,5.43,85.17,160,12.18,0.57,0.0,1.28,4,1.78
2,6.79,44.26,130,36.93,1.87,0.0,5.84,5,1.64
3,5.9,36.53,130,85.01,0.53,0.0,3.49,1,0.68
2,38.62,96.46,110,30.13,1.14,0.0,5.05,1,-2.41
3,17.54,85.83,160,21.63,4.09,23.87,9.6,6,10.09
2,2.8,110.32,130,58.97,2.69,0.0,3.74,3,6.72
2,5.82,59.68,110,36.0,1.62,0.0,7.33,3,-0.5
3,9.42,72.31,110,49.72,0.64,0.0,6.99,4,-0.08
3,11.39,22.78,110,79.7,0.83,0.0,8.75,2,0.11
2,7.58,99.32,160,54.26,9.57,11.75,3.68,6,13.11
1,19.94,75.01,130,53.85,1.05,0.0,1.03,1,8.72
2,17.51,139.57,110,33.65,2.39,26.23,9.72,2,4.37
3,8.44,103.43,110,77.39,1.73,33.73,3.94,4,15.61
3,23.13,71.83,160,72.88,0.06,36.7,2.34,2,15.45
3,16.69,54.27,130,29.9,7.24,0.0,9.18,1,7.02
1,18.09,137.69,110,37.2,0.23,21.61,2.31,5,9.61
2,37.59,22.11,110,77.03,2.69,0.0,5.52,4,1.58
2,3.72,62.5,110,40.41,4.17,8.89,7.68,2,9.67
3,3.74,142.66,110,44.3,3.45,23.61,7.44,2,13.62
1,26.37,105.02,130,40.98,4.14,36.74,0.78,6,24.84
3,17.75,89.25,130,23.74,3.36,0.0,2.42,2,-4.64
2,31.33,46.46,110,38.98,1.47,0.0,8.94,6,1.12
1,0.78,128.34,130,78.25,5.67,0.0,5.76,2,12.45
2,11.86,46.55,110,51.74,6.09,0.0,7.03,3,7.43
2,1.87,52.27,160,48.95,1.44,31.85,4.32,4,16.0
2,8.41,44.94,110,23.29,1.66,0.0,7.58,4,-0.42
1,2.03,40.56,110,25.09,1.66,17.92,3.25,2,7.89
1,1.64,143.93,110,13.65,0.82,0.0,2.7,2,-0.72
3,0.15,98.26,110,11.19,0.31,1.69,9.97,6,-0.16
1,11.94,102.92,110,51.48,0.76,0.0,2.0,5,9.31
2,5.34,144.06,110,44.78,4.65,17.56,9.82,3,10.36
2,1.33,49.97,130,33.41,1.96,9.39,9.3,5,6.62
2,4.68,20.77,110,94.15,4.75,0.0,7.29,6,4.32
3,2.22,97.85,110,43.83,3.42,19.54,6.03,1,10.64
2,34.1,86.02,160,77.05,1.07,18.32,0.54,3,13.64
3,4.63,82.09,110,27.9,0.51,24.8,6.54,2,9.46
2,4.88,28.04,130,31.0,2.09,27.18,7.84,6,11.11
1,21.98,79.08,110,58.31,6.87,15.84,7.46,2,19.1
1,12.52,57.38,110,10.34,4.57,0.0,2.13,2,3.01
2,14.86,55.69,110,11.48,3.61,0.0,5.67,2,-0.89
2,12.13,48.91,110,22.09,3.61,2.81,5.73,3,3.36
3,35.07,63.23,160,28.97,1.88,12.87,6.7,2,2.4
2,2.78,65.91,110,54.87,0.46,0.0,8.39,1,1.63
2,54.16,60.14,130,68.33,0.84,0.0,7.13,0,2.51
1,21.33,147.24,130,36.51,2.16,28.58,1.84,6,14.01
2,10.67,141.26,110,30.32,0.95,39.54,0.68,1,17.1
2,13.03,94.69,130,79.94,3.8,36.94,1.8,5,21.92
2,12.56,147.54,110,23.84,1.17,0.0,0.88,2,0.29
2,0.72,148.86,130,67.66,0.3,0.0,4.65,3,3.09
1,2.95,66.27,130,89.16,3.81,0.0,3.2,5,13.43
2,39.08,77.87,110,29.74,2.99,30.08,0.57,2,15.64
3,9.17,144.68,110,17.39,0.73,18.84,1.26,5,8.4
2,5.7,99.12,110,93.28,9.92,0.0,4.28,3,14.67
2,17.23,47.68,110,33.02,1.29,0.0,9.43,5,-1.01
3,8.92,109.62,110,33.43,2.85,0.0,9.95,6,-3.95
2,0.16,46.75,160,51.12,6.03,14.14,0.98,0,13.6
2,15.99,64.12,110,29.64,0.42,0.0,8.39,6,-2.12
1,15.81,49.58,110,94.39,5.28,29.32,5.06,4,20.15
2,2.17,51.85,110,13.65,3.04,0.0,6.4,1,2.72
1,37.66,20.61,110,48.38,0.46,0.0,5.31,0,1.92
3,3.04,134.49,110,56.61,2.73,14.07,9.28,2,8.3
3,7.34,58.48,110,49.69,5.19,0.0,5.05,3,2.49
3,1.46,31.23,110,54.24,4.01,0.0,2.1,6,3.75
3,11.09,31.31,110,93.94,3.57,1.23,7.91,5,5.55
2,5.65,92.28,130,84.54,0.44,0.0,5.38,3,1.73
2,5.23,149.08,160,36.22,0.53,14.63,1.61,4,7.83
3,21.05,38.85,110,56.88,1.98,0.0,4.89,6,2.56
3,0.12,32.95,130,10.03,2.17,0.0,7.03,5,2.41
2,19.19,76.98,110,44.81,7.19,0.0,3.31,0,1.79
3,10.17,93.23,130,23.93,1.58,0.0,9.16,1,-1.26
2,51.31,58.27,110,70.47,0.9,0.0,8.57,6,4.88
2,10.68,59.33,130,28.79,0.53,24.42,5.9,5,7.65
2,0.68,75.18,130,73.66,0.14,0.0,1.02,3,9.42
2,0.62,60.84,130,36.62,0.18,0.0,6.04,1,-0.96
1,25.76,138.99,130,88.7,2.13,0.0,4.45,6,18.43
2,22.08,25.45,130,47.86,0.48,18.93,7.38,2,4.62
2,5.09,50.49,110,81.36,4.77,33.38,3.04,3,14.24
2,11.55,125.11,130,63.39,2.27,5.53,6.25,5,9.74
2,8.07,128.41,110,93.08,5.0,0.0,5.77,3,14.07
3,40.99,34.5,110,73.13,1.39,0.0,5.51,0,5.24
2,35.94,146.59,110,71.85,2.26,0.0,1.6,4,6.32
2,49.5,110.14,130,32.51,1.86,0.0,5.15,2,-4.18
1,24.16,55.44,110,52.91,10.8,31.5,5.73,5,23.72
1,28.84,79.28,130,34.66,3.98,0.0,9.31,6,7.84
3,2.94,58.63,130,11.64,2.26,0.0,4.88,4,-0.46
2,21.33,39.5,110,70.4,2.33,0.0,6.58,6,3.23
3,14.81,57.85,110,30.05,0.72,0.0,5.91,5,-2.66
1,39.49,95.41,160,43.77,3.32,14.02,2.35,6,12.58
2,10.16,127.38,130,34.19,10.16,12.83,2.25,0,13.67
2,1.07,67.26,110,26.97,0.35,0.0,7.52,1,0.71
2,10.92,65.23,110,15.71,2.54,37.68,5.47,0,11.98
1,13.92,80.84,110,38.72,1.82,0.0,9.01,5,3.6
1,2.99,103.79,110,16.95,4.75,6.01,9.13,0,8.92
2,6.01,117.71,110,55.93,0.0,0.0,3.32,0,1.11
1,10.95,62.48,160,11.67,0.37,0.0,1.46,5,2.22
3,5.62,96.23,160,89.9,0.09,0.0,3.77,3,3.16
2,5.64,70.62,130,92.15,0.44,25.39,1.14,2,12.67
1,1.71,113.13,110,35.9,3.08,0.0,7.92,1,1.55
1,33.91,41.41,110,32.12,0.38,35.98,1.89,4,11.15
2,16.66,53.4,130,18.87,2.43,0.0,8.73,5,-1.38
1,0.01,75.39,130,86.92,5.07,3.76,4.45,1,15.19
3,17.41,135.62,110,59.88,0.09,0.0,3.15,6,1.25
3,16.16,94.53,130,61.86,0.07,37.88,5.26,3,11.85
2,0.12,145.5,130,86.15,11.48,0.0,6.25,3,20.78
2,5.54,33.43,130,87.42,2.8,18.31,7.16,4,11.51
1,11.2,79.82,130,80.41,0.38,0.0,3.71,3,7.12
2,7.23,74.48,130,75.74,0.92,0.0,9.84,5,4.41
2,18.06,98.03,110,84.57,10.5,0.0,4.51,6,13.22
2,6.65,125.56,130,84.46,0.64,15.55,8.43,6,14.33
2,2.0,129.39,110,41.33,3.49,0.0,0.83,4,10.57
2,44.97,107.13,110,92.74,0.69,7.51,7.89,3,9.26
2,3.33,103.4,110,70.28,1.27,0.0,5.74,0,4.24
1,15.18,143.37,110,41.47,5.32,0.0,6.58,6,9.38
2,1.85,69.88,160,47.57,0.07,0.0,4.04,3,2.26
2,4.79,128.26,110,68.41,0.92,0.0,5.68,4,1.75
3,7.0,139.8,160,40.69,1.67,23.29,9.36,4,7.39
1,2.56,83.9,110,80.26,2.46,0.0,4.17,4,9.32
3,7.17,114.78,110,22.59,0.07,0.0,1.5,2,-0.49
2,2.05,69.01,130,87.15,1.32,0.0,7.34,1,3.49
1,9.82,40.65,110,35.6,1.06,0.0,5.3,1,3.45
2,13.08,96.25,130,22.98,0.07,0.84,4.54,0,-4.49
2,0.77,45.54,110,82.93,1.1,0.0,7.89,6,1.13
3,24.59,79.49,130,30.35,6.71,0.0,5.84,4,0.89
1,2.46,133.47,110,81.69,0.8,0.0,6.5,5,16.18
2,3.06,31.18,130,35.18,2.2,15.99,9.3,6,8.14
2,12.99,23.96,110,89.38,0.88,0.0,1.06,5,5.0
3,7.59,98.84,130,28.62,0.28,26.09,2.99,5,6.94
2,8.3,63.04,130,15.92,0.86,15.07,9.03,5,0.29
3,1.65,74.33,110,89.61,1.59,0.0,8.03,2,3.93
3,19.66,72.74,110,24.08,0.88,10.4,2.29,2,0.39
2,11.52,31.26,130,90.25,2.45,14.69,2.11,5,10.2
3,1.75,20.46,160,80.04,7.44,37.4,8.34,2,20.83
3,5.62,136.8,110,16.96,0.18,0.0,5.75,4,-2.75
2,19.95,48.31,130,47.84,3.16,26.46,8.67,2,11.86
2,10.08,75.39,130,16.24,0.0,0.0,9.22,2,-3.58
2,1.38,146.35,130,38.03,0.0,0.0,1.16,1,3.11
2,5.6,127.48,160,39.88,0.36,0.0,9.71,3,-1.24
1,3.34,34.03,130,60.97,1.63,0.0,7.31,3,2.82
2,8.74,86.11,130,92.95,0.12,0.0,8.43,3,4.57
2,22.25,114.91,130,24.43,3.2,33.79,6.49,4,7.88
2,6.88,110.79,110,37.98,0.07,0.0,3.4,0,-0.07
1,6.82,118.91,130,59.9,1.71,2.72,6.19,6,8.79
3,28.29,79.47,160,24.57,2.82,0.0,5.4,0,-0.43
3,10.3,42.87,130,70.41,0.68,0.0,9.35,6,1.85
1,10.02,80.43,110,44.31,2.16,0.0,5.77,1,3.93
2,3.64,104.23,110,90.71,0.76,26.02,0.76,0,19.62
2,11.23,99.12,130,63.54,0.6,0.0,7.02,0,2.73
3,10.29,29.17,130,40.86,4.26,31.89,0.98,3,15.67
1,6.07,28.44,110,71.16,1.01,5.96,9.47,3,4.68
2,56.13,145.48,110,81.29,4.2,0.0,5.12,4,11.84
3,25.63,39.73,130,78.04,0.61,0.0,9.7,0,3.3
3,16.62,58.28,130,32.33,1.1,0.0,0.75,4,2.93
3,9.25,119.79,130,45.44,0.27,0.0,5.56,5,5.55
3,7.44,73.26,160,48.44,1.72,0.0,2.65,2,1.01
1,2.45,43.59,110,43.01,1.2,0.0,6.59,6,-0.99
2,4.38,80.74,130,36.42,0.01,24.92,5.23,5,10.44
2,17.84,93.96,130,73.98,1.56,0.0,5.88,1,7.47
1,7.26,78.86,160,11.04,0.19,10.16,3.92,1,3.42
3,25.67,139.46,110,34.95,4.53,36.23,0.99,2,11.56
1,1.92,57.01,110,22.04,1.7,8.49,1.51,1,3.52
2,8.52,105.97,130,20.95,2.93,9.32,8.66,0,3.87
3,12.49,34.6,160,33.54,4.3,0.0,7.18,6,0.18
1,8.73,71.0,130,74.78,0.13,25.65,7.81,5,14.3
3,26.4,116.33,130,92.4,1.03,0.0,1.67,4,6.1
3,54.75,49.23,110,53.74,0.06,18.27,0.97,6,14.24
2,1.48,96.67,130,38.81,0.13,0.0,0.66,0,8.32
1,1.67,39.95,130,80.48,0.1,34.62,5.46,1,14.69
2,1.68,33.35,130,15.7,1.62,33.59,5.26,5,12.63
2,13.72,88.02,130,17.92,1.5,36.24,1.55,0,13.99
2,5.6,107.75,110,39.36,0.16,0.0,3.79,1,0.06
2,15.86,34.74,130,48.11,0.76,0.0,5.54,4,-0.3
3,6.24,139.31,110,77.82,0.7,0.0,6.92,1,7.0
1,11.85,49.35,160,88.65,0.88,6.99,8.19,2,7.08
3,17.63,35.6,130,55.16,2.56,13.63,6.59,1,9.78
1,9.53,46.35,130,52.13,2.99,0.0,0.79,6,8.97
2,9.31,42.04,160,28.11,1.04,0.0,6.07,2,-5.96
3,1.11,31.79,110,48.35,3.88,0.0,1.34,4,4.59
2,6.35,123.72,110,88.51,1.35,8.32,5.87,1,9.03
1,9.47,84.42,130,43.4,1.85,0.0,4.07,4,7.03
2,7.44,70.51,110,27.91,0.39,0.0,3.22,3,-1.62
3,27.73,143.58,110,38.67,0.66,0.0,5.08,3,-7.11
2,28.44,68.23,130,53.74,3.25,0.0,4.12,1,7.73
2,20.71,41.71,130,60.88,9.44,26.37,8.39,6,18.24
2,5.65,55.63,110,46.76,3.05,0.88,2.65,3,1.82
3,15.16,51.07,110,74.48,0.14,10.14,1.8,5,5.89
3,6.04,84.84,110,59.68,0.39,38.26,8.45,0,15.16
2,3.18,57.9,130,66.53,1.48,0.0,2.81,0,4.0
3,5.04,87.09,110,83.35,3.3,0.0,0.81,2,11.96
2,0.88,107.01,130,83.58,0.45,0.0,4.18,3,3.96
2,4.84,121.05,130,27.3,3.47,0.0,8.28,2,0.51
1,7.41,112.32,110,62.98,2.03,22.31,4.6,3,17.15
2,37.34,46.73,110,70.91,3.72,25.28,4.97,0,10.54
2,4.51,35.07,130,22.4,2.04,9.59,0.95,6,10.4
1,27.93,90.52,110,81.64,2.31,0.0,7.25,6,12.15
2,3.12,45.86,130,25.34,0.72,0.0,3.77,3,3.22
3,2.54,31.04,160,77.94,3.18,0.0,7.42,0,3.8
2,8.78,88.52,110,23.72,4.64,0.0,4.4,0,6.47
2,13.4,62.48,110,73.05,5.13,0.0,5.51,4,4.71
3,0.54,118.3,130,22.59,0.07,0.0,6.1,0,3.35
1,3.0,60.84,110,42.2,2.45,0.0,2.37,0,2.63
2,7.3,147.23,110,22.2,11.4,21.66,3.29,2,17.52
3,4.82,118.61,110,33.01,2.21,24.57,6.06,3,11.84
2,14.96,27.5,160,93.68,0.47,2.97,8.32,1,5.84
2,8.59,86.15,160,19.15,5.25,0.0,9.63,5,0.77
1,2.1,93.14,110,44.55,0.77,15.56,5.48,1,13.38
3,26.98,110.39,130,67.54,0.12,0.0,1.2,6,1.44
2,4.16,84.71,110,18.04,1.41,15.48,9.58,0,6.93
3,15.76,82.85,130,19.27,0.26,0.0,4.5,3,-3.13
2,18.16,67.83,110,22.18,0.31,0.0,1.47,6,0.26
2,39.61,55.29,110,64.82,1.56,0.0,9.74,4,0.39
3,8.28,143.01,130,87.29,2.37,5.52,3.16,6,5.34
2,11.48,61.29,110,80.21,5.9,10.08,6.74,6,14.79
2,4.89,28.24,110,93.56,3.05,0.0,1.87,6,5.73
2,13.61,41.75,130,59.14,4.62,0.0,7.34,1,1.89
3,7.47,131.45,130,91.73,1.33,0.0,9.77,2,5.31
2,6.91,96.26,130,35.92,0.96,0.0,9.86,2,-1.57
2,23.21,121.24,160,45.83,2.25,0.0,1.7,6,0.74
1,0.62,125.14,110,43.66,2.97,0.0,7.8,2,6.0
3,25.64,127.02,110,14.03,2.1,7.73,6.81,6,-3.09
1,22.93,91.58,110,80.52,0.77,0.0,8.11,6,8.53
2,8.47,43.03,110,12.1,1.15,0.0,3.67,4,2.02
2,8.08,39.27,110,72.04,1.49,30.84,4.32,6,15.55
2,5.39,94.62,130,44.6,0.04,0.0,3.75,4,1.28
2,61.74,67.65,110,10.53,5.3,0.83,7.78,4,1.56
1,1.41,92.55,110,34.65,1.79,0.0,8.19,6,4.01
2,10.71,84.8,110,39.42,3.48,12.47,2.87,3,3.87
3,13.74,98.29,110,92.0,0.47,0.0,5.94,3,5.97
3,32.68,24.17,130,66.19,2.03,0.0,1.7,6,3.01
1,18.18,24.27,110,56.2,6.51,0.0,0.63,5,10.6
3,12.39,113.81,110,20.8,0.6,0.0,6.3,3,-3.11
2,1.49,45.11,160,43.24,1.06,25.3,8.48,5,10.61
3,5.62,104.79,130,13.04,1.23,20.81,9.11,4,9.64
2,1.79,91.05,130,74.74,1.21,0.0,6.39,1,6.52
2,25.57,147.63,130,23.84,2.29,25.22,8.18,5,2.22
3,16.62,128.6,130,60.53,1.25,13.32,4.34,1,10.3
3,17.0,73.71,110,69.45,2.8,28.69,8.82,5,9.35
2,12.68,100.13,110,41.15,1.66,0.0,7.86,1,0.04
2,8.49,35.25,130,63.77,0.43,0.0,3.43,5,0.1
2,1.95,70.23,110,74.96,7.42,23.35,6.17,6,15.57
2,4.8,115.41,110,25.65,0.68,25.14,0.99,3,11.84
2,1.77,100.95,110,61.07,2.07,0.0,1.89,3,8.2
2,15.49,82.98,110,72.38,0.16,0.0,9.49,1,4.15
3,2.1,42.95,160,40.35,6.27,12.73,0.59,4,17.49
1,14.53,124.41,110,23.81,6.58,0.0,2.43,5,9.77
2,14.14,55.51,110,34.32,1.13,0.0,1.82,1,-1.77
1,7.38,126.66,130,89.31,0.32,7.54,7.14,5,19.5
2,1.74,99.51,130,40.38,3.67,0.0,1.5,1,6.51
1,4.54,68.46,130,19.15,0.76,26.86,0.69,0,9.56
2,4.63,25.28,110,17.03,3.02,0.0,9.34,3,6.3
3,14.46,50.21,110,25.34,6.17,0.0,8.79,6,-2.89
3,1.45,135.58,130,20.84,2.23,0.0,3.91,0,2.06
2,21.2,126.34,110,52.08,4.94,0.0,1.45,0,11.23
2,17.18,94.73,110,39.54,0.64,0.0,6.94,2,-8.03
2,2.47,80.62,160,81.52,6.03,22.3,8.89,0,17.27
3,15.24,104.13,110,84.89,0.64,0.0,9.76,4,3.76
3,13.25,80.61,110,50.23,0.64,34.41,1.74,1,16.61
2,16.55,103.76,110,85.52,5.3,0.0,6.2,2,11.48
2,2.51,59.96,110,48.29,2.02,0.0,4.59,6,0.42
3,2.06,129.0,110,64.57,4.02,22.77,1.99,4,13.34
1,3.24,111.25,110,23.82,4.05,2.82,8.18,2,4.02
2,5.47,62.9,110,14.47,2.6,0.0,7.93,6,-2.62
3,18.94,127.99,110,23.61,0.52,0.0,9.66,6,-6.04
3,16.07,83.35,110,31.41,2.94,0.0,1.31,2,4.3
2,31.16,42.7,130,73.83,0.16,22.85,2.77,2,10.7
2,0.73,30.1,130,24.75,0.56,0.0,8.36,5,1.58
2,0.14,110.95,110,21.11,2.57,0.0,4.26,0,0.6
2,14.41,132.47,160,88.85,5.96,0.0,5.02,6,9.2
2,3.93,124.97,130,68.55,3.69,0.0,6.31,4,9.05
2,4.88,105.23,130,50.23,1.01,3.97,4.38,2,6.45
3,9.5,38.38,110,18.07,4.34,0.0,0.84,6,6.84
3,1.3,32.23,130,82.4,8.5,0.0,6.24,2,11.03
1,12.35,64.85,160,19.2,1.01,0.0,2.67,1,0.78
2,4.72,131.14,110,61.94,0.52,13.85,9.7,6,9.17
2,12.02,145.03,130,66.75,0.55,8.59,7.06,5,6.79
2,21.55,51.38,130,44.01,1.28,39.38,8.49,5,13.19
2,2.25,119.07,110,87.45,0.13,0.0,9.57,5,6.0
2,32.06,94.6,110,14.31,1.67,0.0,1.1,6,0.36
3,9.08,24.13,110,79.54,3.29,0.0,1.91,0,5.92
2,30.76,90.58,110,57.07,1.89,26.38,8.18,3,12.62
3,2.79,124.77,110,61.95,8.77,0.0,8.91,4,12.14
3,11.13,55.9,130,93.88,1.55,0.0,0.55,1,8.19
1,6.21,136.66,130,59.53,0.03,0.0,9.48,3,10.79
2,17.86,50.71,160,77.75,1.59,0.0,4.82,3,6.56
3,11.17,29.94,130,23.05,6.64,0.0,4.89,5,5.33
3,8.19,40.79,110,78.79,0.25,28.42,8.85,4,9.86
1,29.3,128.81,110,74.69,0.63,6.95,3.25,4,13.71
1,5.68,74.25,130,92.29,3.14,35.13,6.04,5,21.58
1,2.98,123.6,110,89.54,0.87,0.0,3.67,6,15.2
3,11.24,89.06,130,28.19,3.62,0.0,1.58,3,-1.92
1,11.74,82.47,110,49.52,1.36,0.0,3.91,0,2.31
2,6.94,124.9,110,87.48,3.97,0.0,2.14,5,11.26
3,8.0,75.05,110,64.47,2.0,7.22,5.45,4,8.83
1,38.49,124.26,110,49.41,0.22,0.0,5.53,6,5.61
2,15.83,33.09,130,19.26,1.22,0.0,4.65,2,-1.51
2,1.41,102.72,130,39.9,1.01,0.0,2.15,0,0.39
3,2.86,111.34,110,66.55,4.15,0.0,1.63,4,7.0
2,44.55,136.88,130,76.04,2.45,0.0,1.49,6,6.51
2,15.56,49.16,110,48.01,3.76,0.0,1.57,2,2.3
2,29.59,98.55,110,14.75,1.16,0.69,3.3,5,-0.55
2,4.35,76.32,160,63.82,2.94,11.7,0.52,4,15.49
1,16.25,69.76,110,88.33,0.17,17.6,1.09,4,18.24
2,15.02,33.87,130,52.19,0.09,0.0,4.97,5,-2.93
2,4.19,37.45,130,88.92,0.85,12.95,2.24,0,10.21
3,9.6,128.81,110,40.1,3.71,0.0,3.0,5,4.98
3,11.85,117.47,110,85.34,1.91,0.0,3.86,2,6.26
2,7.87,69.7,110,76.84,1.31,19.4,0.88,6,16.72
2,21.07,127.7,110,91.75,5.67,0.0,2.59,6,11.63
2,21.47,30.5,130,77.24,1.72,0.0,7.88,3,2.44
3,22.81,101.22,110,37.33,2.38,0.0,3.74,1,1.78
2,19.52,132.86,110,86.55,10.64,15.36,2.27,5,21.91
2,8.04,129.05,130,66.93,1.85,0.0,2.38,3,9.68
2,5.76,68.46,130,23.78,3.83,0.0,9.85,2,6.55
2,21.36,116.88,130,13.91,1.34,0.0,1.91,5,-3.61
2,8.08,75.57,130,41.1,0.09,0.0,9.1,5,-1.56
2,3.39,129.22,130,76.88,4.5,0.0,1.27,6,10.15
1,8.5,89.0,130,62.55,7.22,0.0,8.81,6,13.4
3,1.84,119.43,110,54.81,1.42,22.7,5.32,1,11.2
2,14.12,30.21,130,10.32,1.75,16.67,6.28,0,5.39
1,4.91,96.7,110,47.02,1.38,11.73,2.84,1,7.84
2,3.62,91.54,160,23.41,14.45,18.07,9.04,0,21.82
2,37.62,99.3,110,48.64,5.84,11.63,6.08,0,6.04
2,18.0,110.43,160,94.3,0.1,12.07,6.92,6,10.89
2,18.56,139.35,130,84.76,3.77,0.0,5.79,5,13.03
2,11.73,122.14,130,36.4,2.3,0.0,1.69,3,1.3
2,21.93,48.55,110,60.45,0.06,0.0,8.44,1,1.07
2,17.08,127.37,110,52.68,1.47,0.0,2.24,0,1.9
1,10.96,35.87,130,21.05,0.41,0.0,3.27,1,0.28
3,38.97,100.89,110,94.13,5.16,6.05,6.86,2,11.17
2,2.55,134.76,160,46.14,0.03,25.05,1.39,5,8.57
2,34.46,33.15,130,52.98,5.16,0.0,9.37,3,6.89
1,6.16,130.46,130,65.05,7.07,0.0,1.68,2,18.2
2,9.02,123.82,110,26.28,0.19,0.0,6.84,1,2.63
2,1.57,85.49,110,28.89,3.18,30.42,6.53,6,12.58
2,9.32,60.16,130,26.37,1.99,23.82,7.13,4,7.68
3,11.34,72.71,110,42.68,7.71,0.0,4.62,1,5.92
1,72.91,145.93,130,26.97,4.0,11.07,4.13,0,9.6
2,44.36,46.22,130,88.74,2.96,0.0,9.79,3,3.95
3,40.72,95.35,110,70.72,6.49,0.0,8.26,4,5.83
3,5.14,30.82,130,86.32,0.44,7.36,5.11,1,4.21
1,56.89,48.33,130,82.12,1.18,36.46,2.23,3,20.92
2,7.29,119.23,130,69.77,4.63,0.0,8.96,5,8.8
2,22.91,59.34,130,30.63,0.27,0.0,6.66,0,-3.34
1,2.93,148.15,110,62.3,6.85,0.0,1.79,6,16.89
2,8.46,85.11,110,25.84,3.42,0.0,2.24,1,2.88
1,40.58,87.15,130,21.26,1.45,21.03,5.64,6,10.18
3,35.26,24.72,110,63.77,1.03,17.96,5.28,2,5.33
2,13.81,144.35,130,63.09,0.4,36.75,4.39,6,18.38
1,19.18,42.65,130,23.31,0.25,0.0,4.56,5,-0.6
1,2.33,89.98,160,39.96,1.38,33.62,2.14,5,14.01
3,15.35,71.44,160,15.63,4.63,0.0,2.93,4,-2.02
1,11.55,74.03,130,70.84,1.9,25.65,5.18,5,16.01
2,1.15,103.63,110,93.94,1.5,0.0,1.11,3,10.18
2,1.44,106.07,110,72.89,0.96,0.0,3.85,1,4.38
2,1.38,40.06,110,81.75,0.43,0.0,2.5,5,0.29
2,15.46,84.95,110,50.49,11.54,0.0,2.16,3,14.98
1,1.83,122.76,130,18.12,0.07,26.56,1.89,4,9.76
2,7.57,77.63,130,71.76,0.93,35.93,1.83,6,15.58
1,5.3,41.55,110,31.8,3.67,36.04,2.02,5,13.61
2,9.6,60.72,110,43.0,1.84,0.0,4.05,2,3.21
2,14.71,47.61,130,69.76,0.94,20.74,1.46,5,8.9
2,13.85,36.36,160,86.91,12.31,0.0,9.02,5,14.77
1,8.7,69.09,110,51.33,2.41,0.0,5.23,5,6.51
2,7.49,90.32,110,91.74,0.87,0.0,5.3,1,5.25
2,6.09,29.46,160,54.19,4.71,11.35,2.51,4,10.17
3,23.76,98.5,110,20.41,0.41,0.0,8.74,0,-4.92
2,4.82,149.09,130,54.07,1.56,1.51,8.37,6,7.05
2,3.6,145.34,130,83.15,4.58,21.26,0.83,5,24.87
2,16.32,127.79,110,55.73,10.29,0.0,7.46,1,12.63
3,5.35,54.62,110,73.56,1.21,7.51,2.25,5,4.43
3,22.53,22.91,130,56.58,0.37,4.87,5.78,0,6.54
2,4.77,128.36,110,56.41,2.09,13.88,8.77,2,12.19
2,14.53,27.24,110,34.2,7.21,0.0,9.37,2,4.26
2,0.55,46.73,130,27.11,2.74,0.0,2.25,5,3.7
2,5.84,90.78,110,33.71,2.3,0.0,9.43,5,2.2
3,5.05,43.19,130,47.47,0.93,0.0,1.16,5,3.23
2,20.36,128.39,160,78.82,2.33,20.79,9.14,1,18.7
1,40.96,121.03,160,80.46,5.4,0.0,7.84,6,16.11
3,7.41,118.25,110,23.89,1.18,0.0,9.18,3,-0.81
3,20.9,126.1,110,56.99,0.69,0.0,3.98,3,4.38
2,14.44,48.56,110,45.36,1.64,0.0,9.44,3,-2.71
2,41.08,114.76,160,58.53,1.18,39.72,8.28,3,16.95
2,20.0,66.19,110,65.05,1.59,14.41,3.62,5,11.61
3,0.97,106.69,110,33.77,0.25,32.89,3.72,4,12.38
3,14.99,35.86,130,88.14,1.02,0.0,3.89,1,0.69
2,9.2,111.73,130,89.51,4.38,29.97,6.09,5,21.32
2,0.2,146.37,110,18.96,1.28,37.91,2.23,3,15.32
3,3.47,25.67,110,69.76,8.6,0.0,4.62,2,11.87
2,30.57,32.2,130,12.82,3.08,5.61,1.14,1,8.56
2,31.25,36.07,130,13.96,1.14,4.18,3.9,3,0.68
3,19.24,75.97,130,91.41,0.72,0.0,6.83,6,6.91
2,48.06,57.8,110,69.06,2.89,0.0,6.1,0,7.42
2,19.71,124.9,110,37.59,0.9,20.89,3.51,1,4.44
3,0.12,81.59,130,66.94,6.54,30.96,2.94,3,17.44
3,4.07,82.99,130,81.9,0.31,34.0,3.61,4,18.36
2,0.37,113.21,110,84.03,0.07,0.0,1.16,0,11.48
2,1.19,67.06,110,11.74,0.62,0.0,2.95,0,-1.7
2,2.96,65.92,130,79.55,2.33,17.67,7.23,2,10.24
2,8.4,118.4,130,82.52,4.5,0.0,2.2,5,7.42
1,22.57,121.41,110,60.62,0.47,18.45,1.81,6,12.1
3,23.76,21.87,130,50.79,2.2,19.51,8.54,5,11.85
2,11.49,38.69,160,19.43,0.39,0.0,2.75,3,-1.88
2,31.6,47.7,130,30.37,2.07,0.0,2.89,3,-2.07
2,8.32,65.71,110,51.69,0.05,0.0,4.9,6,2.89
3,26.38,57.89,130,83.53,2.04,0.0,4.98,1,5.58
2,7.26,106.91,110,78.27,1.84,0.0,2.27,5,9.1
1,3.9,127.66,110,52.15,0.11,0.0,5.78,6,6.6
1,29.78,44.97,130,76.78,2.92,12.84,7.11,2,12.42
2,5.89,93.19,130,75.09,2.12,0.0,5.1,5,4.19
2,8.4,67.82,160,59.22,2.44,0.0,9.01,0,4.4
2,4.79,85.75,110,28.73,1.89,0.0,9.92,4,2.43
2,13.05,100.7,110,39.58,3.2,21.3,5.52,5,3.31
1,63.65,136.17,160,23.95,1.86,0.0,9.74,3,3.96
2,0.31,45.0,110,10.61,6.39,0.0,6.64,0,3.02
2,27.61,31.31,110,16.84,7.18,30.66,5.52,3,17.35
1,0.05,101.54,130,74.57,3.24,0.0,8.77,5,10.45
1,5.43,71.24,160,12.85,6.07,0.0,9.68,3,5.57
1,2.22,41.18,130,43.99,6.41,3.31,9.99,4,7.82
1,16.99,35.22,110,93.79,0.76,0.0,7.71,4,3.72
2,0.62,92.66,130,77.6,12.76,0.0,5.11,4,16.22
1,9.68,59.06,160,73.8,0.78,0.0,3.31,1,7.19
2,4.19,149.67,130,33.35,0.05,0.0,5.8,4,-0.74
1,1.72,72.77,110,64.55,8.19,11.45,7.89,5,16.63
3,17.73,47.6,130,52.39,0.63,0.0,0.75,4,10.5
3,2.94,101.75,130,63.03,2.19,0.0,3.04,5,2.82
2,3.04,51.75,130,47.04,8.82,0.0,3.87,4,9.68
2,3.86,84.23,130,55.13,0.13,0.0,7.91,4,3.73
2,10.6,82.73,110,94.01,0.78,0.0,6.33,6,10.09
2,12.93,78.96,130,37.99,2.35,0.0,4.54,2,2.49
1,0.21,123.49,130,28.4,3.59,0.0,9.23,5,5.02
2,3.32,48.16,110,48.12,4.12,0.0,5.61,5,5.76
2,6.77,137.56,110,54.57,5.38,16.03,7.38,1,13.66
3,4.84,122.87,110,17.28,0.46,22.8,6.73,3,10.86
1,25.87,63.31,130,78.51,1.16,24.75,8.66,1,15.04
3,18.6,43.48,130,45.87,3.13,0.0,8.22,6,4.11
3,11.8,56.34,110,45.12,3.14,0.0,9.9,1,-3.66
1,4.95,63.24,130,66.0,0.92,0.0,4.1,1,6.14
2,14.47,92.4,130,75.73,0.91,0.0,2.07,4,6.14
1,22.27,26.03,160,93.8,0.97,0.0,7.72,1,-0.98
2,10.84,138.87,110,24.75,5.57,23.08,8.81,2,7.87
2,18.42,32.83,130,39.37,6.01,28.03,1.02,3,20.6
2,16.59,56.31,130,24.3,0.04,0.0,3.66,1,-2.38
2,10.18,34.21,110,84.87,0.98,0.0,8.17,3,4.26
3,4.49,53.37,110,56.62,1.24,0.0,6.99,0,5.45
1,16.43,128.9,110,82.46,10.1,0.0,7.68,0,21.55
3,2.78,99.97,130,93.74,7.21,0.0,5.66,1,14.51
2,18.14,49.55,110,56.77,2.47,0.0,4.13,2,9.52
3,19.59,133.33,110,20.04,0.12,0.0,8.21,0,-2.9
2,20.72,124.09,110,40.71,0.53,1.39,5.77,0,-2.69
1,7.68,117.97,110,13.08,1.42,0.0,5.39,2,1.72
3,2.57,130.19,160,82.19,7.99,0.0,7.48,4,12.47
2,1.26,100.55,110,11.52,0.25,0.0,2.31,1,0.74
2,16.32,85.19,130,60.34,3.92,0.0,6.07,5,6.26
2,26.09,68.61,110,19.02,0.53,0.0,3.39,0,-6.02
2,12.63,49.09,110,10.64,1.77,0.0,0.7,2,4.6
2,1.87,92.46,160,31.77,3.64,26.74,7.61,0,14.25
3,32.78,135.63,160,56.91,2.95,0.0,5.01,3,7.86
1,54.23,97.22,110,16.38,3.74,0.0,9.08,6,5.38
2,6.82,139.55,110,62.27,4.2,2.95,5.25,0,7.73
3,10.84,66.4,110,67.12,0.91,0.0,0.6,5,5.77
1,18.02,110.37,110,92.42,1.13,12.18,4.38,6,18.15
1,16.0,104.33,130,86.46,4.23,31.13,2.13,3,24.09
3,41.22,107.16,110,58.18,0.1,0.0,9.25,5,2.18
2,1.46,103.86,130,77.44,1.81,0.0,4.74,4,4.82
2,10.43,48.82,130,40.91,6.33,0.0,5.35,2,6.4
1,14.13,38.67,110,59.79,5.41,17.71,3.97,4,14.82
2,26.5,147.22,130,44.29,4.08,0.0,5.46,3,0.38
1,24.87,25.89,130,38.65,0.05,1.91,1.29,0,3.87
2,45.8,80.81,130,71.85,5.47,0.0,4.86,4,8.83
3,8.61,75.26,160,35.22,6.07,17.87,6.8,3,12.08
2,21.32,66.8,130,42.35,2.72,30.0,4.04,4,10.45
2,6.69,121.66,130,41.21,0.89,0.0,4.23,6,1.94
3,6.58,116.9,160,83.98,1.68,0.0,8.46,5,4.12
2,3.51,137.68,130,24.48,3.6,0.0,5.6,3,6.04
3,20.46,71.41,130,42.43,4.19,0.0,6.08,0,-1.06
2,51.07,93.34,110,85.47,1.05,30.09,3.32,4,20.44
3,3.55,136.0,130,11.3,0.99,0.0,5.09,6,1.5
1,0.69,149.2,110,90.57,3.33,30.92,1.01,2,36.96
1,20.28,146.01,110,86.41,2.9,0.0,4.59,4,16.98
2,11.62,113.32,130,45.52,1.8,0.0,8.13,3,-0.28
2,38.54,38.62,130,65.51,1.36,0.0,2.03,1,2.04
3,3.49,23.01,130,94.24,2.68,2.19,7.76,0,0.84
2,0.88,127.28,130,57.17,0.08,31.08,4.06,6,8.79
2,8.14,129.32,110,18.24,0.2,0.0,0.76,4,2.55
3,1.07,117.03,130,82.56,2.13,7.05,9.56,3,4.5
2,3.64,56.39,130,21.4,0.59,0.0,2.22,2,1.4
2,1.62,103.18,130,31.87,3.73,0.0,3.68,0,4.29
2,3.05,61.11,110,84.25,3.7,0.0,5.07,5,1.06
2,1.35,78.58,130,31.76,3.09,33.29,9.52,0,14.35
1,36.92,69.72,130,73.33,5.85,0.0,6.02,2,11.12
3,3.92,138.77,110,48.05,0.38,0.0,9.1,2,4.85
1,7.04,50.44,130,74.58,0.75,0.0,5.86,6,3.8
1,27.47,95.09,110,29.75,0.73,0.0,2.45,3,-1.13
3,13.57,66.93,130,45.66,3.81,15.22,5.86,4,2.25
2,11.55,106.2,130,37.04,1.84,0.0,1.45,6,0.7
2,14.67,93.39,130,31.17,0.73,0.0,1.61,0,-3.33
2,21.18,140.12,130,36.73,0.37,10.85,1.6,6,0.54
2,25.21,33.21,110,37.45,5.59,0.0,0.62,1,9.63
2,12.35,48.68,130,91.21,2.95,27.67,1.94,2,16.7
2,26.49,119.63,110,55.32,1.88,23.35,3.85,2,13.93
2,9.2,67.94,110,49.27,8.41,0.0,1.19,0,8.98
3,3.9,41.55,110,52.78,4.74,0.0,0.56,5,12.35
2,25.45,85.43,110,94.67,0.49,0.0,1.57,2,4.33
3,9.36,104.78,130,65.56,1.77,15.65,9.39,2,9.7
1,28.39,25.83,130,69.8,1.66,0.0,5.49,6,3.89
2,0.49,57.91,110,36.66,4.65,25.77,4.63,4,14.56
2,6.08,125.22,110,50.08,0.4,0.0,5.13,3,0.74
3,35.43,87.63,110,25.65,1.5,0.0,5.77,3,-5.86
1,3.45,24.6,130,68.24,2.53,28.78,1.52,2,17.45
2,34.07,56.65,110,39.28,7.26,0.0,6.06,5,3.35
3,36.92,103.09,110,73.6,5.74,0.0,8.43,1,9.56
2,25.66,45.92,130,28.12,1.91,0.0,5.83,5,-2.06
3,9.95,127.56,110,44.3,2.33,0.0,8.89,2,6.36
1,12.49,107.95,110,50.05,4.78,0.0,1.81,6,9.11
3,24.45,81.28,110,24.15,3.41,29.39,8.35,1,10.94
3,17.95,139.03,110,15.92,5.29,21.87,6.79,1,12.54
2,11.93,70.93,110,36.95,5.66,4.0,6.23,1,6.49
2,48.38,50.56,130,56.32,4.47,0.0,6.09,1,4.96
1,13.89,105.98,110,65.48,0.02,0.0,1.63,6,7.9
3,44.5,94.53,110,46.15,0.93,21.52,6.6,0,-3.41
2,0.71,63.58,110,52.52,1.29,11.24,4.29,2,1.87
1,1.8,64.68,130,56.17,2.83,4.18,1.1,5,10.91
2,7.21,71.77,130,53.51,0.92,0.0,2.45,6,1.3
2,5.83,57.85,130,17.68,0.98,0.0,4.7,0,-2.84
1,18.32,112.33,130,44.43,1.28,0.0,9.93,1,4.82
2,2.1,104.68,130,27.37,7.77,0.0,4.59,4,7.27
1,44.8,77.3,110,55.37,1.44,12.84,1.92,3,7.85
2,4.54,71.72,110,74.44,0.38,0.0,9.07,2,5.2
2,6.72,67.46,110,59.26,0.02,36.42,0.83,2,16.6
2,3.85,56.85,110,28.85,0.67,21.41,1.7,0,11.15
3,10.39,31.14,110,27.66,6.98,0.0,5.0,1,5.53
3,0.73,54.87,130,13.14,7.75,0.0,1.38,1,13.02
2,1.95,61.76,110,46.24,1.88,0.0,5.93,5,1.96
1,16.44,91.2,160,46.79,2.6,0.0,2.0,0,3.01
2,2.48,120.59,130,30.1,3.97,0.0,6.68,6,3.63
2,3.22,71.44,160,74.96,0.14,0.0,1.62,5,4.43
2,18.9,142.82,110,42.85,1.17,0.0,8.2,6,-0.45
2,1.18,127.56,130,66.9,2.57,25.94,7.47,2,17.38
2,6.9,148.02,130,64.41,5.71,0.0,9.29,0,9.75
3,0.28,133.91,160,61.4,3.24,14.21,1.15,3,13.94
1,5.11,100.17,130,87.19,1.08,31.24,5.78,6,23.84
2,14.41,97.8,130,11.35,6.02,10.68,7.23,6,7.67
1,1.13,36.84,110,15.78,2.73,0.0,9.08,2,3.56
3,26.31,113.91,110,71.38,4.43,0.0,5.08,1,7.77
1,28.83,98.03,110,40.05,1.22,0.0,9.54,6,4.21
1,1.33,85.9,160,93.85,0.01,5.77,1.66,5,14.13
2,56.17,110.13,110,28.4,0.45,0.0,4.62,5,-5.59
2,4.24,77.73,110,25.59,6.55,0.0,2.91,4,5.0
2,1.05,88.1,160,60.0,0.08,0.84,1.98,5,-0.42
2,0.06,71.79,110,33.75,2.27,0.0,3.22,5,1.19
2,6.3,113.26,130,38.94,1.32,11.29,6.81,4,3.83
1,11.92,133.96,130,88.29,1.4,0.0,5.09,2,16.99
2,4.84,129.31,110,12.23,1.28,0.0,2.22,2,0.93
3,21.75,122.18,110,55.16,0.17,0.0,0.8,1,7.24
2,15.13,21.79,130,38.47,0.33,30.98,9.27,4,10.12
3,5.17,138.54,160,39.41,0.16,23.87,3.48,0,9.11
2,15.91,55.73,130,31.06,0.14,0.0,1.71,0,-2.83
2,33.86,135.44,110,21.46,0.22,5.74,1.89,6,-7.24
1,1.17,45.61,110,12.93,2.98,0.0,2.91,0,-0.16
2,4.39,77.15,110,93.95,0.3,0.0,2.69,0,5.57
3,7.47,117.42,130,66.13,0.76,11.16,3.16,5,1.15
3,8.27,103.24,110,76.06,2.67,37.9,2.64,4,19.07
2,9.38,74.07,110,15.53,0.3,37.41,4.59,4,12.53
1,4.29,108.22,130,11.26,6.03,0.0,7.77,1,6.01
1,13.2,91.36,110,61.02,1.62,39.4,0.76,2,26.12
2,12.43,55.85,110,71.53,8.25,0.0,2.31,4,9.42
2,10.35,104.02,130,43.56,0.53,0.0,7.26,4,-1.03
1,1.45,46.55,130,42.96,0.08,0.0,1.91,2,1.45
3,7.78,110.22,110,42.68,2.23,0.0,7.54,3,2.35
2,5.28,20.4,130,22.98,1.0,0.0,5.39,5,-0.84
3,8.1,91.34,130,74.08,2.12,0.0,8.88,0,2.11
3,30.59,72.14,130,28.29,1.6,0.0,0.6,5,3.39
3,7.86,59.4,130,37.57,1.53,5.72,7.95,4,1.37
2,0.17,87.04,130,67.06,4.76,25.33,5.94,4,15.06
2,6.93,103.89,130,10.01,0.53,2.53,4.95,5,0.74
2,20.62,145.49,130,75.13,1.73,0.0,1.88,0,11.98
2,18.17,128.3,130,86.42,1.34,0.0,2.72,4,8.86
2,8.64,113.23,110,14.39,2.8,0.0,7.97,2,2.03
3,3.45,82.27,110,60.29,0.13,0.0,1.92,6,2.24
3,7.51,70.98,130,44.72,1.88,20.52,5.51,4,10.41
3,9.95,24.23,110,16.67,1.63,0.0,2.47,1,1.36
3,107.51,66.68,110,67.99,9.08,25.79,5.15,4,18.48
2,12.4,130.29,130,62.05,3.52,0.0,2.92,0,8.4
1,14.22,69.92,110,64.63,0.42,27.12,3.84,2,15.03
2,8.11,80.01,130,79.15,1.78,26.38,8.12,4,13.72
2,5.25,55.34,110,34.39,3.83,26.78,0.85,5,19.24
3,20.12,55.64,110,67.55,1.86,33.89,9.28,3,12.41
2,8.2,28.04,110,73.18,1.1,0.0,3.53,2,2.91
2,62.86,99.79,110,24.35,1.18,0.0,6.16,2,-5.81
2,7.33,78.25,110,91.35,1.14,39.2,2.61,5,16.08
1,0.85,98.77,110,38.9,0.05,0.0,3.91,3,2.69
2,13.77,91.1,110,70.67,3.28,0.0,4.87,4,5.7
3,0.57,123.85,130,74.09,2.36,0.0,7.04,1,4.4
1,3.46,117.63,110,52.84,0.78,0.0,8.79,5,3.64
2,5.24,120.29,130,20.94,2.49,5.87,8.73,0,7.47
2,16.14,84.9,130,33.43,0.92,5.85,3.7,6,-6.01
1,8.18,66.0,110,29.91,0.7,36.76,1.34,2,12.87
1,0.35,141.35,110,54.08,3.38,22.39,9.29,5,18.5
3,11.51,27.06,110,32.21,4.14,0.0,0.79,1,8.25
2,6.36,39.84,160,56.48,2.46,38.52,8.87,0,14.11
2,30.59,74.55,130,34.5,3.83,0.0,0.75,0,3.42
1,8.31,99.81,110,10.08,1.14,21.39,9.78,6,10.09
2,14.81,21.07,130,40.88,0.19,13.18,0.61,4,8.7
2,2.96,113.51,160,61.58,2.32,0.0,0.66,5,12.43
2,17.17,92.63,130,75.76,0.74,29.24,5.33,1,14.63
1,15.32,83.01,110,12.41,3.76,28.48,6.83,5,12.94
3,28.13,75.05,110,31.96,1.11,7.81,3.85,2,-3.65
2,0.41,87.53,110,93.76,2.78,0.0,6.26,2,7.84
2,7.12,41.03,130,32.25,2.01,0.0,8.54,5,-1.05
2,13.64,34.13,130,76.06,4.25,34.0,8.06,4,19.53
2,1.2,57.65,130,53.3,4.46,0.0,8.9,2,7.61
3,6.34,112.24,110,20.38,0.18,5.85,2.01,5,0.12
3,34.2,96.48,160,64.69,0.87,0.0,2.63,0,2.76
2,6.87,82.42,130,92.14,5.12,29.75,6.08,6,19.53
3,50.72,94.3,110,85.38,1.29,0.0,7.37,5,3.39
3,0.7,92.7,110,68.67,1.81,0.0,1.52,6,3.68
3,15.18,59.92,130,53.53,0.51,0.0,2.17,6,1.51
2,10.44,32.67,110,37.14,2.01,0.0,9.27,4,-0.38
2,8.33,136.58,110,40.34,0.77,13.27,0.75,0,12.69
2,42.42,97.99,110,39.43,4.42,1.05,4.32,6,-1.23
3,1.67,110.71,160,88.38,0.56,34.91,2.5,0,21.53
1,27.16,80.32,130,27.96,1.12,0.0,7.86,5,5.81
2,14.1,118.34,110,42.13,0.25,0.0,8.7,3,-3.76
2,3.6,95.98,130,46.72,2.22,35.68,2.85,6,16.18
2,27.83,26.99,130,44.76,7.12,0.0,6.1,3,2.63
2,6.73,135.71,110,10.36,0.48,0.0,8.51,5,-2.23
3,20.2,59.72,130,33.03,0.05,0.0,6.19,4,-2.82
2,5.91,37.93,130,52.38,1.37,11.94,6.21,6,6.75
3,22.84,31.45,130,74.64,3.45,8.94,4.42,0,5.79
2,12.15,113.66,110,58.41,9.23,16.4,6.7,4,17.7
2,1.82,111.52,130,42.71,0.13,0.0,9.62,3,2.74
2,12.59,111.02,110,66.54,3.85,0.0,3.35,4,7.15
1,2.55,139.05,110,66.6,1.15,3.35,2.41,6,13.94
2,6.37,65.36,130,31.07,0.42,2.11,9.6,1,-0.4
2,2.24,92.95,160,18.82,0.53,0.0,1.07,4,1.38
2,0.27,100.53,130,78.27,6.44,0.0,8.48,6,7.55
3,2.86,147.33,110,55.03,4.14,0.0,9.14,1,5.63
2,9.22,60.6,110,25.0,0.93,2.82,2.58,4,-2.89
1,7.88,144.32,130,32.28,7.04,0.0,4.54,1,6.32
1,8.35,39.34,110,75.15,0.28,0.0,1.67,1,3.88
2,3.42,119.32,110,65.53,0.97,26.0,3.99,1,15.38
2,13.87,102.28,130,90.34,2.65,0.0,4.84,1,7.4
1,14.62,126.2,160,49.52,18.63,0.0,5.34,6,24.04
2,5.32,23.73,130,14.44,1.57,0.0,1.66,2,4.25
2,25.56,30.16,110,69.54,4.16,16.24,4.33,2,11.66
2,12.39,29.06,110,31.67,6.19,0.0,6.44,5,2.63
3,14.98,97.08,130,37.53,0.02,0.0,5.25,6,-3.78
2,3.9,98.38,160,26.72,0.85,8.46,8.49,4,3.55
2,0.01,137.79,160,36.26,0.26,0.0,9.54,3,2.75
3,24.06,80.79,130,80.51,3.74,0.0,8.26,0,6.54
2,20.74,28.85,130,59.02,2.09,0.0,0.95,2,6.47
2,1.58,47.24,110,19.28,0.25,0.0,2.54,1,0.57
2,5.62,21.05,110,59.86,1.36,0.0,1.33,2,3.95
1,12.99,120.97,110,63.85,1.8,0.0,4.62,6,5.8
2,12.67,126.03,160,85.21,2.99,4.46,7.38,1,6.97
2,23.62,149.73,110,83.07,3.78,0.0,0.81,3,17.45
3,1.81,73.59,110,15.34,0.23,0.0,3.04,6,2.4
3,6.74,22.51,160,83.67,1.67,35.34,1.39,2,17.57
2,1.23,50.51,110,14.33,0.44,0.0,4.4,0,2.43
2,5.92,96.41,110,23.1,3.5,5.57,9.29,0,7.56
2,0.18,145.05,130,19.48,2.68,0.0,4.42,6,2.29
2,27.43,33.47,130,25.44,3.21,16.37,6.53,2,5.43
2,8.99,35.8,110,78.28,0.19,0.0,4.18,5,3.2
2,22.75,111.23,160,68.32,1.79,0.0,7.45,6,8.32
2,0.74,106.74,110,68.39,4.59,0.0,7.56,2,6.84
1,3.1,52.57,160,88.38,3.12,0.0,1.81,0,12.44
3,3.6,125.71,130,43.31,4.95,16.83,6.71,3,11.32
1,5.87,36.74,110,10.28,0.58,11.51,4.17,4,5.14
3,19.49,140.35,130,64.38,0.85,0.0,8.67,2,2.94
3,5.86,46.13,110,83.79,1.46,0.0,2.0,2,3.45
2,2.75,30.58,110,92.98,1.85,0.0,9.03,0,1.54
3,0.81,64.14,160,40.93,0.73,0.0,5.36,6,3.36
2,0.99,44.42,110,79.88,1.2,0.0,2.93,0,-0.09
2,17.13,88.5,110,82.18,2.9,0.0,3.68,6,5.18
2,7.06,109.29,110,22.28,2.59,6.89,0.55,0,11.78
2,15.54,83.82,110,63.68,0.29,0.0,9.52,0,7.3
2,13.76,105.88,130,24.72,10.62,0.0,2.64,2,6.01
2,1.75,67.44,160,47.96,2.07,33.51,9.14,6,18.06
2,1.85,23.63,110,84.74,1.65,0.0,8.6,1,5.41
2,16.89,146.63,110,77.1,8.55,0.0,3.82,6,15.48
2,15.33,126.52,130,58.48,0.38,0.0,2.5,6,2.63
1,5.7,29.54,110,78.74,1.96,0.0,4.55,0,7.33
1,0.97,78.39,110,22.99,4.09,10.58,9.37,5,8.16
2,0.15,102.55,110,26.57,1.27,33.5,8.62,3,14.56
1,4.08,44.78,110,27.75,3.33,0.0,5.14,3,-0.4
1,0.11,95.14,130,75.96,5.74,13.78,5.68,5,17.49
3,3.14,89.37,160,85.73,0.76,0.32,4.38,5,2.66
1,6.53,47.07,130,57.84,0.69,0.0,9.48,6,3.29
2,1.55,38.36,130,91.43,1.12,37.71,9.89,2,15.87
2,1.32,118.67,110,71.88,1.36,0.0,3.25,0,4.71
3,27.21,61.94,130,57.91,0.29,0.0,9.52,4,1.32
2,10.57,51.73,160,61.99,0.66,18.09,9.53,5,6.9
2,32.7,115.92,160,82.21,5.16,0.0,5.0,0,7.28
2,5.09,115.69,110,17.67,2.09,29.44,4.44,2,10.31
2,13.57,55.93,130,24.28,0.78,0.0,8.76,5,-3.11
2,2.75,133.43,130,32.64,7.19,4.35,9.46,4,11.4
1,11.56,109.47,110,86.06,3.72,0.0,4.32,2,14.45
3,1.67,64.95,160,90.32,1.13,0.0,5.18,1,4.31
2,0.02,75.57,110,40.27,3.63,0.0,3.68,3,3.16
2,32.18,114.47,110,88.53,2.27,0.0,2.48,5,8.36
3,9.71,47.51,110,56.48,2.88,23.06,9.96,2,8.24
2,31.4,80.94,110,50.23,0.97,17.4,2.29,0,7.37
3,4.87,104.96,160,80.78,0.59,0.0,8.23,0,-1.68
2,4.77,90.13,110,56.42,0.73,0.0,4.5,2,0.49
3,6.14,99.08,110,48.63,0.22,0.0,1.29,3,-0.15
1,14.69,91.01,130,11.36,1.59,0.0,3.59,2,3.06
3,10.01,45.9,110,11.1,1.3,0.48,1.29,2,2.05
3,31.14,73.33,130,63.35,0.01,0.0,9.83,0,3.58
2,0.31,89.16,130,16.24,4.85,37.99,3.02,0,15.73
1,14.78,121.41,110,72.64,2.86,0.0,7.59,6,13.61
2,4.81,105.01,160,62.9,1.48,25.33,4.54,0,12.23
3,2.38,75.46,130,48.91,8.53,0.0,6.95,6,13.04
2,8.57,146.67,130,70.33,7.06,7.37,2.92,5,14.47
2,8.44,34.01,160,94.41,0.25,0.0,1.39,3,7.93
1,1.77,46.88,130,30.94,2.39,23.94,8.18,0,17.27
2,2.71,64.37,110,57.35,4.25,0.0,7.31,6,6.67
2,6.29,49.71,110,81.64,0.47,6.78,1.54,4,10.56
3,6.31,101.31,130,11.43,0.34,17.82,7.44,4,4.12
2,4.58,25.14,160,27.3,0.75,22.67,6.18,2,11.47
3,1.93,43.07,110,54.28,0.82,0.0,2.13,2,1.33
2,0.05,58.14,110,56.94,8.38,21.98,8.34,1,18.61
1,42.17,108.83,130,17.34,3.79,0.0,7.14,4,5.42
2,34.48,133.86,130,44.63,0.15,0.0,5.31,3,-7.03
2,7.93,123.8,110,54.18,3.86,0.0,2.2,6,3.63
3,63.7,43.67,130,45.95,0.46,15.35,5.63,6,0.69
3,13.44,93.5,130,69.55,1.1,0.0,2.05,2,5.59
2,0.86,23.9,130,75.57,0.96,0.0,2.25,2,2.3
2,1.5,60.37,110,49.12,0.79,25.5,2.79,3,12.79
2,29.74,124.78,130,46.18,0.92,7.45,6.72,6,-3.72
3,11.93,79.37,110,69.96,3.51,15.91,6.96,4,10.24
3,22.23,39.49,130,57.2,0.78,0.0,1.19,6,3.94
3,27.43,77.01,110,83.99,4.03,20.95,6.68,1,10.53
2,7.13,45.74,130,50.9,0.24,0.0,0.83,3,5.14
2,0.6,71.11,110,58.82,2.26,0.0,9.1,1,3.46
2,2.5,83.42,130,20.95,4.97,0.0,7.9,1,5.28
2,0.83,65.44,130,81.06,0.21,0.0,7.38,5,2.69
2,2.51,141.81,160,45.89,2.52,0.0,2.77,6,7.57
1,6.34,93.13,110,71.12,1.79,0.0,9.88,6,7.35
1,1.51,129.58,110,46.51,1.01,30.27,9.28,2,17.63
3,2.19,118.89,110,10.09,0.27,16.9,5.15,4,6.87
3,7.08,105.95,110,44.03,2.82,39.84,0.83,1,20.46
2,4.99,84.6,110,22.54,0.93,2.66,5.36,3,3.75
2,7.57,20.28,130,43.88,1.03,13.04,1.96,4,4.03
2,6.73,99.75,130,37.31,3.16,0.0,6.13,0,1.22
3,12.41,66.27,110,27.22,7.27,0.0,9.87,0,3.1
3,33.21,35.31,110,20.52,1.01,0.0,7.69,5,-0.84
3,1.37,77.8,130,71.93,3.43,0.0,3.56,3,1.68
3,1.25,115.62,110,74.16,7.84,8.58,4.24,0,13.51
2,22.99,145.02,130,32.52,0.26,28.31,9.47,4,5.93
2,8.47,68.63,110,52.09,1.88,14.21,1.55,4,10.04
2,17.45,90.55,110,49.45,0.03,34.74,8.96,2,8.89
2,2.91,130.66,110,40.2,4.36,0.0,1.21,4,10.14
3,21.18,63.42,110,33.6,0.85,0.0,4.44,1,-2.81
2,30.9,38.49,130,25.81,1.01,38.42,7.58,6,8.87
1,12.11,56.64,110,84.2,2.91,20.68,4.25,5,18.6
2,1.34,136.89,130,80.83,3.89,0.0,5.93,2,15.34
3,27.08,40.72,110,45.46,1.28,0.0,5.16,1,2.05
2,18.87,62.8,130,71.3,2.74,33.25,6.24,4,16.22
2,16.68,80.4,160,52.36,7.83,0.0,2.12,2,7.73
2,0.45,130.12,130,17.26,5.45,14.25,5.99,6,13.83
1,19.25,141.9,110,79.9,3.02,0.0,9.88,3,15.94
2,1.78,75.36,130,28.64,7.16,0.0,2.34,6,9.55
3,3.02,141.15,110,70.08,5.22,0.0,1.14,6,10.0
2,10.33,40.99,110,54.83,3.26,0.0,4.22,3,5.21
3,3.69,40.39,130,68.7,6.23,0.0,4.06,3,7.92
2,12.99,143.4,160,50.05,4.25,18.92,1.69,5,17.62
1,11.24,86.26,110,69.72,1.74,0.0,5.93,2,9.39
3,1.37,44.17,130,12.79,1.74,22.1,4.66,4,9.86
2,12.81,83.44,110,13.47,0.02,0.0,8.45,4,0.11
2,30.92,121.82,110,86.19,0.08,0.0,4.52,5,5.75
3,2.11,127.5,130,73.72,3.43,0.0,9.86,5,9.77
2,10.91,132.32,130,80.42,2.02,0.0,7.91,2,9.11
3,5.02,94.04,110,48.81,3.58,0.0,5.13,2,4.7
1,7.39,132.7,130,49.07,7.47,0.0,5.75,0,18.33
2,4.06,86.3,130,55.39,1.51,0.0,8.73,0,-0.79
1,5.25,98.92,130,30.71,0.23,0.0,7.85,5,-0.97
3,0.35,118.63,110,72.35,2.46,0.0,6.75,5,7.76
2,47.91,75.31,110,80.5,0.26,30.93,3.03,2,16.32
3,11.76,29.57,160,87.11,2.43,0.0,4.4,3,3.71
3,8.33,65.52,130,53.95,1.88,21.72,7.98,4,12.67
2,5.81,101.11,130,45.24,3.11,8.46,6.46,3,3.72
2,9.3,45.0,130,80.63,1.08,33.9,9.59,1,18.89
2,5.74,39.29,110,73.98,0.39,0.0,8.79,6,4.68
2,5.35,58.1,130,83.72,0.67,38.85,4.56,1,20.45
2,7.48,24.17,110,65.74,2.88,0.0,3.29,6,0.49
2,3.88,116.64,110,85.08,1.63,0.0,1.68,1,10.86
3,2.38,53.63,110,17.57,1.95,0.0,4.37,3,2.05
3,9.76,36.15,130,67.76,0.98,34.21,2.65,6,18.52
3,22.2,110.89,110,17.55,4.53,30.05,0.66,5,14.49
3,1.99,129.58,110,73.66,18.79,18.22,1.81,5,27.46
2,0.4,22.58,110,63.42,0.94,29.04,4.8,0,12.93
2,3.4,50.37,110,11.36,3.17,2.88,8.98,1,0.86
3,46.78,142.88,110,60.94,0.47,26.5,3.55,2,14.46
2,21.18,70.08,130,22.43,3.39,0.32,4.69,4,-1.7
3,10.87,142.02,110,22.1,1.41,1.9,4.15,5,-1.13
2,31.78,55.65,110,22.79,2.32,30.29,4.01,6,9.97
2,7.07,48.35,130,51.13,0.68,19.11,7.37,0,7.7
3,49.09,47.83,130,19.82,4.77,2.38,5.31,1,5.79
3,4.22,31.08,130,20.68,0.48,0.0,4.38,5,-0.01
2,3.3,136.54,110,31.77,6.6,0.0,9.46,6,8.79
3,12.19,147.38,130,10.07,0.16,0.0,3.12,4,-2.28
2,5.7,144.09,110,33.44,0.85,6.29,8.41,4,2.76
2,11.81,130.76,130,62.56,2.07,0.0,5.39,0,4.24
3,4.37,130.1,110,61.13,4.89,0.0,4.7,3,2.71
2,11.55,105.94,110,92.41,2.15,0.0,1.1,4,14.1
2,3.87,127.41,130,20.17,0.61,0.0,8.66,5,-0.99
2,0.63,47.08,110,83.57,4.9,21.11,3.07,6,18.58
2,29.18,70.43,110,43.25,2.27,0.0,6.95,0,-2.63
2,25.77,103.31,130,42.9,0.66,33.59,8.81,1,9.57
2,42.4,133.72,130,39.65,2.06,0.0,5.59,0,-4.91
1,15.13,105.86,130,20.6,2.81,0.0,6.59,3,6.8
3,13.78,129.07,130,50.67,2.85,0.0,3.73,1,5.3
2,9.82,81.61,130,76.93,3.22,0.0,7.4,3,7.57
3,1.62,113.25,110,84.41,5.65,16.62,6.74,4,12.86
2,2.52,147.4,160,91.84,4.35,0.0,4.73,5,14.31
2,4.1,39.95,130,76.75,2.34,0.0,6.53,0,5.85
2,26.5,140.5,130,62.96,0.08,0.0,3.0,6,4.5
2,2.28,87.91,110,52.29,3.46,0.0,6.75,6,7.49
2,30.75,103.62,130,84.37,9.22,36.73,6.89,6,27.98
2,8.88,134.12,110,72.86,0.91,0.0,4.73,2,8.4
2,15.09,73.26,130,23.71,2.33,0.0,2.87,5,-1.59
1,1.4,74.43,110,68.02,3.66,0.0,8.13,6,10.84
2,3.76,88.53,130,46.64,2.55,39.17,7.66,3,18.28
1,38.19,22.48,110,60.64,6.4,0.0,1.04,0,15.56
1,3.71,84.57,130,86.36,1.6,27.74,5.2,2,19.3
3,4.22,57.84,110,65.47,1.9,0.92,1.38,2,5.73
2,2.64,140.63,110,89.79,0.1,0.0,3.54,5,6.5
2,1.66,31.41,130,83.64,5.76,0.0,4.51,0,6.51
2,3.19,79.71,110,20.96,0.76,11.14,2.18,5,3.94
3,12.34,143.17,110,10.99,9.59,0.0,4.95,1,10.13
2,7.29,137.13,110,42.67,0.56,21.3,7.21,2,11.99
3,9.68,111.18,160,83.55,0.73,0.0,4.65,0,4.07
2,1.57,96.62,110,29.56,1.66,1.76,2.72,0,5.84
3,19.44,56.5,110,68.77,2.7,0.0,4.44,1,3.66
3,18.39,67.7,130,50.46,1.45,0.0,6.13,5,3.2
3,0.26,31.72,110,73.42,1.08,16.98,9.4,0,10.91
1,5.8,122.19,110,24.02,1.94,10.82,5.24,3,6.51
2,0.85,62.1,130,30.32,7.94,38.82,8.93,3,20.01
2,18.85,106.81,110,30.61,8.17,1.39,9.85,1,4.79
2,16.04,66.49,130,56.62,0.99,0.0,5.81,4,0.97
3,27.87,80.36,130,34.62,2.85,0.0,1.9,0,-1.49
1,3.24,92.15,160,79.0,3.2,12.77,8.82,3,16.36
1,7.31,124.24,160,39.48,2.65,0.0,8.69,3,7.12
2,2.45,47.45,110,66.17,0.3,0.0,8.75,0,3.19
1,5.57,71.84,130,90.62,1.94,0.0,9.53,5,10.58
2,8.86,36.91,130,61.59,3.6,21.65,3.13,5,13.93
3,0.66,29.85,110,30.58,0.56,0.0,3.67,0,3.84
2,15.06,98.61,110,80.59,1.07,30.89,7.03,5,18.04
1,9.4,44.58,160,11.07,0.57,0.0,5.86,2,2.8
2,21.19,27.77,110,31.81,5.45,9.25,8.75,6,5.29
2,3.81,136.62,110,42.94,4.89,0.0,2.92,1,7.33
1,28.04,89.46,130,26.66,0.46,39.0,6.75,2,16.06
2,79.69,37.5,130,61.34,3.57,0.0,9.43,1,9.27
3,30.2,26.95,110,57.43,1.13,0.0,2.55,2,-2.81
3,18.06,35.58,110,44.55,2.9,0.0,3.42,5,2.68
3,20.08,81.27,110,35.02,1.7,5.32,4.37,1,-0.2
1,10.23,106.9,160,46.88,1.6,22.8,1.33,0,17.39
3,2.53,103.37,160,34.75,5.33,0.0,2.18,5,3.3
3,13.56,38.78,110,28.81,2.53,4.32,4.13,1,2.05
3,14.97,102.35,130,39.86,0.67,18.97,1.21,3,10.62
1,50.71,72.63,110,61.2,0.29,0.0,3.95,4,2.0
3,9.35,80.42,130,65.11,6.77,4.81,2.82,3,11.54
3,3.8,124.19,110,35.27,0.42,0.0,8.71,1,0.1
3,13.81,63.22,130,90.53,3.31,0.0,6.28,1,9.02
1,46.58,39.11,110,32.27,1.71,0.0,9.04,6,4.08
3,2.34,133.55,110,70.53,0.38,21.67,2.43,6,12.08
3,4.73,47.58,110,16.93,3.75,0.0,1.28,1,5.25
2,9.37,58.22,110,66.51,5.87,0.0,3.86,4,7.45
2,2.24,111.86,160,49.1,0.32,25.96,1.04,4,14.62
3,0.27,108.86,160,58.37,0.17,0.18,8.89,2,0.33
2,4.93,124.05,130,25.65,4.74,39.52,2.29,1,18.99
2,24.06,43.9,110,46.85,1.74,0.0,1.84,2,-3.7
2,0.53,65.8,110,75.13,2.81,0.0,7.98,3,6.88
3,6.72,36.36,110,75.2,1.46,18.76,7.27,4,8.16
1,17.24,90.34,110,30.19,1.33,24.94,1.04,0,13.88
2,36.74,58.03,110,39.97,0.89,18.46,5.34,4,1.36
2,50.78,109.56,130,10.32,2.07,0.38,4.76,2,-4.14
3,6.58,20.04,110,17.65,0.44,34.0,4.18,0,14.9
2,36.04,27.76,130,20.77,3.16,17.96,1.7,5,8.29
3,0.43,76.23,130,34.96,1.99,0.0,7.98,0,5.25
3,16.44,144.56,110,74.52,4.7,0.0,2.78,0,9.64
1,12.35,135.81,130,53.37,6.35,0.0,4.85,4,11.88
2,3.44,149.22,110,77.37,5.77,29.02,8.87,1,26.09
1,8.49,74.19,110,74.17,2.3,28.02,3.52,6,14.43
2,1.66,26.05,110,59.91,0.96,0.0,0.84,0,6.58
2,24.63,59.77,130,52.49,1.1,0.0,8.95,3,1.65
3,5.32,107.85,110,89.16,2.64,15.65,5.19,3,12.65
3,11.8,37.57,130,58.39,3.11,0.0,5.22,0,1.43
1,2.07,59.0,110,51.04,0.44,0.0,5.74,3,4.39
1,2.77,27.3,110,83.88,15.47,0.0,2.21,3,14.87
2,57.87,81.75,110,16.07,0.28,30.32,7.29,3,6.94
2,16.78,47.16,130,65.76,2.34,0.0,2.7,2,2.81
2,39.23,31.86,130,19.61,1.89,0.0,3.36,2,0.81
3,4.21,73.46,130,79.68,2.24,34.56,6.5,5,15.09
3,2.16,65.66,110,77.38,1.91,0.0,7.62,3,2.04
2,8.39,89.88,110,52.81,0.15,0.0,7.44,6,5.22
3,8.19,117.38,130,66.19,13.76,7.86,1.29,6,25.24
2,2.31,34.63,110,75.67,9.95,35.64,7.67,1,21.53
3,15.86,122.85,110,51.08,1.86,0.0,6.8,6,3.81
2,5.39,23.42,110,87.01,0.58,0.0,6.25,3,3.35
1,2.47,77.6,130,47.15,0.51,0.0,9.69,2,3.05
3,4.84,96.37,130,85.82,0.15,0.0,3.79,0,3.33
2,9.95,144.41,110,59.53,2.37,0.0,6.99,6,7.6
3,15.56,94.61,130,46.23,1.63,0.0,5.95,3,-0.9
2,7.89,40.64,130,10.35,1.35,0.0,4.19,4,-1.87
1,8.95,87.28,110,35.12,1.86,25.11,7.99,2,13.48
1,1.8,71.45,110,83.77,5.16,0.0,4.33,2,11.56
2,29.54,82.32,130,46.44,0.18,27.6,5.81,2,5.03
2,31.69,45.62,130,45.82,1.96,0.0,5.83,0,-1.8
2,13.8,85.11,110,51.6,3.02,19.06,5.36,4,9.95
2,0.21,39.51,130,34.34,8.82,0.0,4.85,4,9.73
2,9.24,116.73,110,51.78,3.36,0.0,2.09,6,2.68
3,11.91,97.21,130,41.94,1.99,17.3,2.79,4,2.26
2,62.78,30.21,110,87.3,3.64,23.74,1.67,2,14.5
3,66.46,135.65,110,57.94,14.57,0.0,7.37,3,16.84
2,23.39,100.13,130,80.9,5.49,9.79,7.57,3,11.37
2,0.79,61.09,110,68.38,0.23,21.94,6.57,5,13.47
1,36.76,25.93,110,28.07,2.14,0.0,9.22,4,1.0
2,11.38,102.19,130,83.75,3.86,0.0,3.02,2,7.5
1,19.37,68.55,130,17.42,2.79,17.31,8.3,3,7.76
2,6.27,137.99,130,48.13,1.35,0.0,2.27,6,3.83
2,4.62,24.53,110,30.33,0.97,0.0,1.14,1,7.98
2,7.47,25.08,130,55.69,2.47,0.0,0.5,3,7.11
3,1.91,143.41,110,35.5,1.33,20.51,6.02,6,11.18
2,5.3,145.43,110,71.44,1.24,0.14,7.9,3,7.12
2,23.39,23.61,110,89.64,4.53,23.74,8.32,1,12.61
1,0.46,113.08,110,70.27,0.95,0.0,4.97,3,9.47
3,1.96,48.79,110,40.2,2.59,0.0,1.06,0,4.14
1,1.6,111.18,110,61.01,5.17,0.0,0.84,5,15.4
2,6.19,132.94,160,85.52,2.43,27.36,9.21,2,16.69
2,69.66,33.11,130,32.95,1.7,0.0,1.38,0,1.59
2,2.28,51.04,130,20.05,0.09,0.0,7.95,6,0.42
2,1.89,23.13,130,21.11,2.86,21.6,1.16,6,16.86
3,29.59,25.7,130,52.06,15.0,34.54,2.24,0,27.55
1,25.65,23.85,110,72.23,4.13,21.51,2.05,2,11.44
2,0.39,124.09,130,65.87,2.52,0.0,3.13,5,6.45
2,16.72,58.78,110,48.58,1.58,0.0,4.35,0,-5.41
1,12.79,84.12,110,71.99,0.64,15.36,1.68,3,15.19
2,17.52,122.42,110,63.89,2.95,0.0,9.75,4,4.97
2,8.19,84.34,130,63.4,0.49,0.0,0.52,4,12.69
2,57.04,75.8,110,27.2,5.45,0.0,7.84,0,2.71
2,0.54,21.5,130,36.57,1.09,0.0,5.5,4,1.54
2,3.2,93.85,160,39.28,1.28,0.0,1.31,5,4.59
3,6.06,36.22,110,78.7,0.61,21.2,1.64,0,9.65
2,7.17,119.4,110,75.88,1.64,0.0,6.1,2,5.76
2,30.52,53.51,130,31.48,2.85,0.0,3.49,5,-0.28
2,9.85,107.64,110,14.69,0.9,0.0,4.78,6,-2.64
1,0.55,104.01,160,75.26,3.03,0.7,5.72,5,12.7
1,6.29,100.17,130,44.84,2.42,9.54,5.95,1,11.85
2,6.46,54.7,110,28.68,1.16,32.62,6.03,0,11.23
3,40.4,54.72,110,19.95,0.94,0.0,1.17,1,2.97
3,10.97,132.2,160,11.09,4.94,0.0,7.53,3,-0.89
1,12.12,21.66,160,46.36,0.03,0.0,3.29,2,1.47
3,14.99,43.6,110,38.88,3.15,0.0,1.59,4,2.42
3,17.64,99.32,110,69.2,1.35,0.0,1.47,5,2.95
2,12.1,126.22,130,93.02,3.16,0.0,2.75,0,10.04
3,3.25,66.58,110,27.58,1.77,13.21,6.47,0,8.4
2,24.86,104.95,160,30.66,0.22,1.88,4.98,3,-10.67
2,15.81,92.43,130,38.67,10.05,0.0,1.52,2,7.95
2,16.25,28.39,130,49.6,0.22,16.76,0.81,1,8.6
2,68.06,100.83,110,69.3,0.43,0.0,0.73,2,9.51
2,19.47,125.81,130,39.92,1.36,6.12,4.5,3,1.08
2,21.2,149.02,110,18.86,7.23,33.16,7.99,1,14.37
3,36.29,23.85,110,72.08,0.87,0.0,5.95,1,3.4
3,1.97,105.81,130,77.54,2.1,0.0,8.19,0,7.44
3,8.26,73.89,110,31.05,1.84,0.0,3.53,0,-0.96
3,10.43,21.27,130,21.62,1.0,0.0,1.83,6,-4.54
3,4.79,99.87,130,54.86,2.98,0.0,8.13,2,5.83
1,21.95,35.92,110,27.71,1.74,0.0,7.41,1,0.2
2,17.25,69.21,110,41.8,2.16,38.68,6.1,0,12.61
2,15.31,53.98,110,76.08,0.59,0.0,8.93,1,-0.04
3,70.32,66.95,110,28.67,6.53,13.27,6.49,6,5.54
2,3.6,84.05,130,78.53,0.29,0.0,5.5,1,5.08
3,15.96,66.7,130,67.29,2.93,30.83,5.27,4,14.29
1,9.62,91.86,160,28.68,5.43,0.0,6.37,6,3.38
2,4.5,51.02,130,54.74,0.22,0.0,5.41,0,-1.34
3,2.1,102.6,110,62.2,0.07,0.0,3.09,6,4.27
1,27.15,130.99,110,27.02,1.01,0.0,9.56,6,1.96
2,10.86,49.13,110,22.32,3.9,0.0,9.6,0,0.2
2,20.91,86.02,110,55.15,3.16,3.66,2.09,0,5.18
2,9.46,104.33,110,68.98,4.32,0.0,5.54,5,4.84
3,2.98,93.4,110,49.53,1.27,0.0,8.0,6,1.9
2,4.94,67.53,160,15.95,12.69,0.0,1.02,4,19.25
2,5.77,103.49,110,88.64,1.14,0.0,1.67,3,6.44
1,43.31,23.67,130,69.07,4.09,0.0,5.68,4,1.94
3,0.07,68.09,110,62.8,1.08,0.0,0.77,5,8.86
2,50.94,89.24,110,64.71,0.62,0.0,8.41,3,3.5
2,47.22,22.68,110,43.88,1.03,36.31,8.8,2,12.94
3,66.72,85.99,110,93.67,0.54,0.0,7.49,0,4.69
2,7.77,105.05,110,21.28,0.35,0.0,8.31,3,-5.04
3,39.83,118.7,130,72.83,1.13,0.0,6.88,1,3.89
2,6.04,34.74,130,45.77,0.4,8.7,1.85,5,3.29
2,0.32,148.77,130,84.89,1.74,0.0,0.78,6,13.91
1,3.05,98.8,130,70.97,0.09,0.0,8.56,3,7.1
3,34.87,67.22,130,57.79,1.41,0.0,7.22,5,4.84
3,0.17,52.38,130,89.7,7.93,0.0,4.29,3,10.72
2,9.48,94.48,110,87.56,1.11,0.0,8.07,1,7.33
2,0.94,134.62,160,14.45,0.37,1.41,1.01,2,4.8
3,4.05,87.67,160,26.37,0.91,0.0,3.53,5,-3.85
2,1.11,105.99,130,67.46,3.92,26.29,3.75,0,15.95
3,23.55,66.5,130,88.36,0.94,0.0,1.5,4,5.27
2,10.73,70.46,110,46.58,1.21,0.0,7.55,5,-1.21
3,27.89,57.2,130,13.26,3.89,38.44,7.89,5,13.44
2,13.99,111.73,130,64.68,0.75,0.0,6.04,5,4.58
2,42.5,66.69,130,26.55,1.63,0.0,4.47,5,-0.51
2,8.56,44.79,130,56.95,0.16,0.0,6.27,2,-0.47
3,12.22,68.02,110,42.7,0.48,0.0,9.03,4,-2.94
2,10.31,131.0,110,57.43,0.59,37.87,3.9,4,20.14
2,7.95,115.97,130,89.26,1.56,0.0,3.68,2,4.62
2,22.45,63.5,110,51.29,4.3,19.16,6.42,3,11.73
2,12.41,137.89,130,12.93,1.09,0.0,6.99,2,-6.76
3,19.39,29.73,130,59.38,1.2,0.0,4.85,4,1.2
3,18.52,26.47,110,37.69,0.9,0.0,8.67,2,-0.46
1,2.54,36.57,110,76.14,0.97,15.3,3.85,1,5.67
3,12.6,35.14,130,49.94,1.29,16.7,6.59,5,5.66
3,2.67,31.42,110,73.02,5.74,0.0,6.84,6,5.18
3,10.51,105.97,110,87.25,0.06,0.0,3.3,3,5.91
2,13.58,98.11,130,40.79,2.45,24.92,0.68,3,14.63
3,70.69,104.19,130,94.1,5.47,0.0,8.35,4,8.53
1,0.37,109.49,130,22.73,1.35,0.0,5.08,5,1.95
2,1.15,118.39,130,64.73,2.63,13.59,1.41,5,16.47
3,0.96,46.93,110,12.96,2.2,39.12,9.6,3,15.72
2,6.1,100.9,130,28.11,1.03,0.0,3.32,5,-2.8
1,20.68,95.41,130,63.87,0.37,0.0,5.01,4,3.76
3,22.3,142.68,130,13.93,0.62,18.29,5.1,5,0.14
3,16.03,50.21,110,18.65,0.15,0.0,4.02,1,-0.84
1,27.26,27.63,110,34.74,3.62,0.0,1.94,4,3.43
3,4.68,104.95,110,58.93,1.9,0.0,7.19,1,1.51
2,1.11,116.22,110,11.36,3.85,27.9,2.36,5,13.79
2,0.72,56.82,110,51.0,0.86,0.0,6.98,6,2.64
3,22.94,94.21,160,63.19,4.08,0.0,8.12,1,6.95
2,15.73,27.74,110,44.21,0.92,0.0,0.72,3,1.22
1,14.39,144.81,110,15.75,0.32,4.98,7.45,3,3.39
2,4.98,34.29,110,61.92,1.91,33.84,6.56,4,15.24
2,5.73,28.78,130,61.5,7.26,1.54,2.36,4,7.72
2,38.07,25.73,160,53.01,1.34,21.28,6.39,3,11.6
3,0.79,75.55,130,68.92,1.81,0.0,4.5,6,4.43
3,17.83,32.63,130,27.66,1.5,0.0,1.3,4,0.54
2,4.45,116.8,130,67.68,1.53,28.03,5.48,2,16.13
3,0.48,136.85,160,23.72,0.6,17.64,9.75,4,3.46
1,16.28,53.83,110,43.38,1.37,35.83,6.66,2,14.55
1,4.82,101.74,110,15.74,1.72,35.43,3.64,6,13.79
3,15.37,25.5,110,79.63,3.41,0.0,5.85,4,5.49
1,14.76,70.25,110,55.75,0.38,0.0,7.51,6,9.73
2,9.18,58.08,130,92.54,2.12,0.0,1.98,2,4.96
2,18.03,49.72,110,90.1,2.71,0.0,5.52,1,8.39
2,10.44,103.81,130,94.88,1.21,0.0,5.32,6,10.22
3,4.05,36.93,110,18.61,1.99,6.04,4.08,6,1.53
2,15.9,131.89,110,61.56,3.1,28.89,7.6,0,19.56
1,10.67,106.43,110,44.64,1.56,11.01,5.87,4,7.33
2,0.15,112.4,130,55.28,1.01,22.35,7.14,5,11.43
2,27.83,141.59,130,36.25,4.35,0.0,6.16,4,2.12
2,9.47,142.51,160,14.09,11.23,0.0,7.92,1,9.71
2,24.36,91.71,130,70.16,0.61,0.0,6.52,3,2.56
3,25.72,84.4,110,92.09,5.5,24.81,6.94,3,18.31
3,7.06,63.6,110,55.25,1.97,0.0,2.64,6,-0.12
2,8.5,113.02,130,38.01,1.49,3.62,8.54,3,3.65
2,6.45,89.97,130,89.75,5.59,0.0,1.98,1,9.34
2,7.16,141.27,110,41.0,6.03,0.0,3.73,5,0.85
3,27.06,51.02,110,87.73,0.8,0.23,8.95,6,1.95
3,18.62,60.33,130,82.73,1.11,33.63,1.53,0,15.63
2,1.62,61.09,110,54.94,4.78,0.0,8.73,3,7.16
3,11.31,124.78,160,67.53,1.69,13.31,5.02,3,6.78
2,65.98,32.88,130,69.53,0.85,16.53,2.24,6,8.47
1,10.86,79.23,110,64.49,8.19,27.19,7.5,4,21.14
1,18.49,75.59,110,23.66,0.61,0.0,3.2,1,1.22
2,17.59,29.51,130,68.89,2.36,0.0,6.94,6,5.49
2,5.18,73.4,130,10.27,1.4,37.71,8.01,1,15.32
1,5.58,86.74,130,70.35,1.5,0.0,5.91,2,10.19
2,15.45,28.46,130,57.16,0.28,3.67,7.97,4,0.74
2,8.32,86.28,130,32.08,0.74,0.0,9.38,2,-0.41
2,10.14,144.7,110,78.32,0.46,22.71,5.73,2,15.3
2,14.98,147.26,160,44.45,3.46,0.0,1.95,0,3.97
1,18.04,89.12,110,51.29,2.99,0.0,7.24,3,5.91
2,3.8,86.96,110,12.35,3.95,0.0,4.4,1,1.11
2,1.91,57.12,110,44.11,3.0,18.27,5.55,2,11.97
2,4.14,149.63,110,24.23,0.34,0.0,6.45,5,3.8
1,8.5,55.65,110,33.47,9.61,0.0,7.32,4,11.28
2,5.03,78.88,130,31.43,0.52,0.0,6.58,1,-2.52
1,10.08,20.38,110,13.91,1.08,0.0,2.71,3,5.49
2,0.66,65.4,130,49.14,3.07,23.08,7.61,1,12.6
3,8.55,29.29,130,54.42,0.38,8.44,8.17,0,2.45
1,5.51,116.7,110,58.54,0.47,0.0,0.86,3,13.17
2,9.18,92.93,110,49.29,5.23,0.0,3.43,6,7.54
1,6.59,94.38,110,83.91,1.01,0.0,9.79,3,6.97
2,4.01,57.25,110,13.2,2.74,0.0,2.19,1,3.91
2,28.13,125.94,110,62.17,4.89,33.44,2.24,5,22.76
2,2.45,20.43,110,83.62,9.05,0.0,6.12,4,9.83
2,13.72,63.37,110,13.49,0.59,33.85,3.71,2,8.73
3,31.03,105.73,110,52.19,0.33,0.0,6.74,5,1.53
2,9.28,138.03,110,60.07,3.37,0.0,3.0,2,10.12
2,25.09,50.5,130,26.23,0.52,0.0,4.55,5,-4.75
2,1.6,90.34,110,31.46,2.17,30.77,9.99,6,13.18
3,8.17,89.94,130,76.78,1.9,0.0,4.05,2,8.68
3,7.33,133.64,110,58.23,2.05,0.0,1.32,1,5.78
2,0.1,26.57,110,36.84,2.62,4.07,7.55,4,1.26
3,7.03,75.18,130,75.0,4.76,0.0,6.09,1,6.73
2,5.53,43.72,110,73.47,0.79,37.49,4.72,5,17.75
3,13.3,22.8,110,39.36,2.03,0.0,9.13,2,0.62
3,33.43,39.11,130,51.54,1.03,0.0,1.89,2,1.01
1,1.08,146.94,110,66.48,0.96,37.73,5.15,5,24.56
3,4.76,47.93,110,39.18,0.05,0.0,2.32,2,5.43
2,7.05,141.55,110,63.47,2.29,4.9,1.29,4,10.48
2,7.29,46.68,110,31.34,8.98,0.0,4.7,5,11.33
2,17.89,141.07,110,34.82,3.58,29.06,9.5,0,10.62
3,7.03,105.1,160,36.41,0.7,0.0,7.36,2,-2.39
2,0.33,34.72,130,89.56,3.15,0.0,2.73,2,8.37
1,14.86,95.65,130,80.86,0.88,33.04,4.89,4,20.45
3,25.94,61.41,130,58.04,3.5,0.0,8.08,1,1.41
1,8.66,69.81,130,57.93,4.83,0.0,2.36,5,8.9
1,10.44,77.22,130,14.77,1.02,0.0,2.44,3,0.42
2,2.13,74.95,130,65.21,0.01,0.0,2.22,3,5.95
2,2.99,106.33,110,37.89,0.91,0.0,6.27,4,2.96
2,3.22,119.89,110,62.05,0.58,0.0,0.78,0,7.79
1,6.76,62.79,130,81.42,2.41,0.0,6.08,5,9.93
3,31.6,140.17,130,13.87,0.86,13.66,8.34,1,-3.52
3,8.85,142.0,110,61.6,0.09,0.0,7.94,6,3.38
2,2.56,25.29,130,57.96,1.89,0.0,6.83,2,-2.24
2,3.71,21.94,130,27.58,5.19,5.29,2.59,1,4.88
2,5.81,75.26,110,64.95,1.5,0.0,8.26,0,4.27
2,11.71,96.78,160,57.16,1.18,28.29,9.6,5,10.88
1,6.96,56.13,130,75.22,0.49,0.0,2.25,2,3.79
1,5.98,53.72,130,19.4,1.23,22.64,9.15,4,11.38
3,9.98,108.18,110,47.71,1.0,0.0,8.6,4,0.31
2,3.32,98.22,110,94.82,13.21,0.0,9.8,2,21.49
2,0.99,41.73,110,68.59,0.08,37.49,3.53,2,14.64
3,0.3,134.99,110,68.17,0.68,3.22,9.37,4,3.45
2,3.47,108.4,110,37.02,0.18,0.0,2.21,0,4.21
2,1.15,67.13,130,17.98,4.87,0.0,2.16,0,5.17
2,4.92,108.87,130,90.71,1.35,0.0,1.52,6,7.23
1,17.79,34.64,110,18.97,3.98,26.24,4.56,6,16.66
3,15.12,80.87,110,94.38,2.95,28.08,0.62,4,21.69
2,11.33,41.97,130,20.69,6.58,0.0,4.12,1,5.9
3,22.97,25.39,110,24.53,0.06,0.0,6.45,0,-0.95
3,3.98,63.98,160,36.21,0.58,0.0,1.24,0,6.02
3,25.96,39.6,130,53.55,3.03,0.0,8.28,0,4.89
3,6.11,102.36,130,77.18,2.2,0.0,3.28,3,4.45
2,6.15,107.63,110,92.54,2.97,0.0,0.94,3,12.71
2,6.24,39.33,130,40.5,2.14,0.0,4.06,2,2.21
2,1.24,23.2,110,11.74,2.17,0.0,1.82,0,3.18
2,44.5,123.07,130,62.42,6.74,21.13,8.06,3,17.64
3,1.79,20.27,110,70.42,6.36,19.44,3.67,0,12.77
2,5.0,64.71,130,43.78,0.1,15.14,1.61,0,5.89
3,4.62,84.3,110,25.6,1.33,23.9,4.81,6,7.0
3,0.93,126.42,110,36.01,1.79,0.63,4.79,5,3.92
3,1.98,129.01,110,65.74,1.11,0.0,3.12,5,2.52
3,0.55,114.24,110,52.01,0.13,0.0,3.61,2,1.91
2,4.15,52.14,130,73.19,1.6,0.0,7.8,6,3.45
1,24.18,113.62,160,28.54,9.29,0.0,6.57,4,11.27
1,4.98,52.05,130,81.57,0.19,8.3,2.54,4,7.97
2,1.58,47.9,110,23.25,4.24,0.0,9.51,5,5.38
2,12.45,91.13,110,38.04,0.54,0.0,3.39,5,-3.88
3,68.21,108.25,110,60.25,2.15,12.24,5.57,0,8.22
3,3.17,26.9,110,72.63,1.22,33.23,5.93,2,13.58
2,3.93,27.8,160,32.63,1.07,4.15,2.53,3,1.05
1,42.84,121.94,110,90.59,5.11,0.0,3.27,6,16.76
1,2.36,131.73,130,70.02,9.07,26.75,5.07,6,26.55
1,8.59,98.58,130,28.5,1.22,0.0,2.94,1,2.94
2,3.29,75.75,130,71.69,2.56,0.0,3.4,5,3.16
2,32.32,129.89,160,69.19,2.03,0.0,6.32,2,8.38
1,47.89,114.75,110,73.98,0.2,0.0,7.47,0,7.87
2,20.23,95.35,110,87.85,0.11,0.0,8.11,4,5.12
1,4.54,61.57,130,70.5,3.71,0.0,1.66,3,10.8
2,6.2,45.74,130,39.91,1.25,0.0,7.5,2,-2.97
2,3.33,74.43,110,77.19,0.92,0.0,9.4,5,6.76
2,26.57,57.29,110,69.15,10.6,9.43,6.02,4,14.1
2,29.52,64.1,130,58.81,0.22,0.0,6.24,2,4.52
3,6.51,87.03,110,40.08,0.78,0.0,9.58,1,0.62
2,12.82,41.98,160,88.29,4.86,0.0,8.76,2,3.49
2,2.17,124.8,110,53.58,1.34,0.0,5.8,5,3.74
3,6.85,38.92,130,63.39,2.19,0.0,7.78,1,1.39
2,11.98,82.53,130,45.31,0.12,34.92,2.22,3,13.36
3,5.84,116.98,130,76.37,6.32,11.41,4.42,0,13.94
2,5.31,83.05,110,38.99,0.37,7.34,7.3,5,-1.51
2,0.01,66.93,130,78.9,0.6,0.0,3.24,6,6.04
1,19.57,81.74,130,19.18,0.43,0.0,4.81,5,2.08
2,26.42,130.33,130,70.26,1.72,14.56,2.14,0,12.25
2,41.87,148.76,110,50.53,4.24,0.0,9.03,1,7.19
1,15.24,102.05,110,69.39,0.78,26.82,9.01,3,14.37
2,9.55,123.15,110,55.17,0.38,0.0,5.04,2,6.36
2,3.76,21.88,110,21.42,1.32,0.0,2.32,6,0.93
1,87.16,134.45,130,50.54,10.0,27.01,6.95,2,27.58
2,10.69,144.03,110,91.99,0.03,0.0,2.53,3,8.32
2,13.72,94.77,130,74.16,1.75,0.0,2.67,1,5.06
1,13.76,117.99,110,35.52,2.77,0.0,9.73,1,1.75
2,22.39,86.66,110,90.25,4.11,0.0,1.45,0,9.71
3,0.12,57.21,130,76.21,3.43,29.4,4.1,5,17.92
2,2.99,130.79,160,40.98,0.19,0.0,5.77,0,3.39
2,13.14,97.59,160,61.3,1.55,0.0,1.52,3,7.2
2,27.06,95.32,130,46.27,0.21,0.0,0.87,2,1.14
2,13.88,105.69,130,18.22,2.42,0.0,5.65,4,-1.41
3,6.4,131.28,160,78.51,0.2,0.0,1.59,1,4.68
2,5.38,115.15,130,26.24,0.12,20.35,2.89,6,4.72
1,16.07,47.45,160,48.93,0.91,0.0,5.22,3,1.74
2,16.22,80.69,110,69.72,6.99,0.0,3.8,4,10.08
3,11.21,147.44,160,89.24,3.09,25.83,7.25,6,15.93
1,4.13,92.09,130,15.33,0.01,0.0,9.64,3,0.46
3,31.11,141.97,110,43.42,0.84,34.74,7.66,2,5.23
3,9.63,125.74,110,62.25,0.04,34.18,10.0,4,14.02
1,18.76,106.58,130,76.24,0.87,14.31,4.19,1,11.31
3,2.89,65.42,130,88.28,2.89,0.0,3.4,3,3.11
2,5.06,59.56,160,10.04,3.57,0.0,2.52,6,1.79
3,24.91,103.64,110,63.36,4.08,0.0,8.91,3,1.83
2,0.62,76.23,110,10.59,6.02,0.0,4.2,0,8.16
2,8.62,123.84,110,76.92,1.14,33.28,7.25,2,20.53
2,7.89,118.86,130,22.72,4.96,0.0,6.91,3,4.85
3,16.69,60.58,130,86.04,3.25,0.0,1.04,1,9.7
1,3.97,111.35,130,23.19,1.93,0.0,8.86,4,0.53
2,2.97,84.29,110,74.97,7.73,33.52,5.12,0,23.42
1,31.27,62.03,110,34.59,7.38,14.11,2.62,5,16.35
2,10.18,73.69,110,57.37,5.7,31.27,9.8,4,16.18
2,1.33,136.4,130,61.72,0.56,0.0,7.65,6,9.49
2,2.57,66.74,110,27.57,0.58,9.32,6.36,5,5.92
2,80.97,57.36,110,35.39,5.78,0.0,9.89,5,0.43
1,2.61,65.73,110,19.14,1.27,2.9,7.69,5,0.71
1,11.31,47.9,130,10.45,3.99,0.0,1.65,6,4.49
1,6.54,90.8,110,30.35,2.9,0.0,9.92,4,4.21
2,26.02,39.17,110,53.86,3.59,0.0,6.18,0,3.7
3,16.89,126.27,130,70.66,0.07,29.9,3.34,3,7.93
1,10.9,49.33,160,77.45,1.41,0.0,8.27,5,2.95
3,0.13,97.75,130,15.93,4.86,0.0,0.96,2,9.19
3,25.42,36.25,110,33.16,1.68,16.67,6.72,6,5.7
2,7.06,147.2,130,75.47,2.93,0.0,2.01,2,10.65
2,32.18,79.09,160,50.87,3.53,12.93,1.33,5,10.96
3,8.21,126.88,130,25.49,0.32,0.0,3.86,4,-1.36
1,14.22,119.92,110,43.34,0.42,0.0,3.89,6,3.99
2,0.86,112.78,110,32.95,3.22,5.39,6.21,4,4.46
2,16.41,127.56,160,14.31,0.14,0.0,5.87,6,-3.28
2,4.95,33.06,130,74.91,1.05,0.0,7.04,2,3.32
3,5.19,108.2,130,34.79,6.26,16.14,2.15,1,15.7
1,1.52,54.56,110,90.34,2.14,0.0,8.77,5,10.33
2,1.91,122.16,130,85.49,6.03,26.18,8.66,1,18.25
2,2.47,144.39,110,70.88,0.93,0.0,2.55,4,7.97
2,4.77,137.19,110,37.76,2.53,0.0,5.0,5,1.25
2,26.7,34.94,130,33.79,0.84,0.0,5.14,5,1.79
2,5.51,68.04,110,50.4,0.29,31.78,9.25,2,12.15
3,15.46,67.36,110,40.14,11.69,7.85,9.1,5,11.16
2,1.04,35.9,160,86.6,0.48,0.0,1.14,0,8.4
3,10.73,32.76,110,20.5,0.52,0.0,9.6,5,-0.64
2,7.89,70.04,130,71.58,4.61,0.0,1.15,3,12.19
1,45.78,148.97,130,61.93,4.05,6.95,5.72,0,13.57
1,22.47,93.96,160,78.54,9.52,0.0,3.46,5,15.77
1,7.28,100.83,130,56.11,0.19,0.0,4.21,5,4.99
2,17.91,81.23,130,63.51,0.25,18.96,6.45,6,10.59
2,2.57,106.1,110,91.83,1.49,30.31,6.05,5,17.96
3,9.92,144.37,110,17.82,2.24,0.0,2.09,5,2.84
3,0.93,96.53,160,18.91,0.1,4.41,9.71,5,2.99
1,5.13,28.45,110,43.46,0.43,0.0,0.77,5,5.58
2,3.07,84.08,130,50.18,3.04,0.0,3.76,1,4.35
2,15.23,149.06,110,26.99,2.76,23.42,8.11,1,6.23
2,8.08,70.36,110,17.03,0.23,0.0,8.58,1,-1.05
1,16.69,97.2,110,11.88,6.71,0.0,8.07,6,6.21
1,8.69,33.86,110,74.99,0.74,27.18,4.04,4,13.34
3,1.09,38.35,160,51.23,5.46,0.0,6.9,4,9.03
3,15.95,133.71,130,81.69,6.41,0.0,7.76,5,11.45
1,21.49,59.04,130,40.67,1.68,0.0,5.99,0,3.14
2,28.06,59.71,130,69.79,1.33,0.0,6.95,0,2.97
2,10.18,70.34,130,51.52,0.81,14.63,5.76,6,10.0
3,16.81,145.64,130,62.03,4.12,0.0,1.02,0,11.55
2,16.73,30.97,130,41.47,0.55,0.0,3.1,1,0.42
1,2.03,126.44,110,16.9,2.43,0.0,7.18,6,1.96
3,2.15,64.4,110,90.53,2.09,0.0,2.79,6,1.83
2,0.88,130.43,130,81.07,0.72,0.0,4.83,3,9.24
2,4.63,148.93,160,36.51,10.19,0.0,5.58,6,13.94
2,7.7,65.33,130,91.49,4.68,0.0,6.87,3,6.28
2,73.98,36.82,130,35.54,0.05,36.89,2.96,2,12.56
2,6.77,38.77,130,47.65,1.37,30.38,6.15,2,13.39
2,15.55,118.64,130,74.19,1.11,2.14,6.17,5,5.7
2,14.19,38.84,130,36.27,5.36,0.0,8.53,5,3.1
1,2.75,53.85,110,37.58,0.77,4.81,5.74,1,7.51
3,0.72,46.57,110,44.86,16.17,30.06,3.3,2,29.71
1,9.48,66.24,130,49.81,0.56,0.0,5.47,6,1.61
1,14.46,29.67,110,20.51,0.7,0.0,1.52,6,1.57
2,76.19,131.38,110,11.49,2.74,0.0,6.27,3,-6.3
3,5.33,131.82,130,88.13,0.44,0.0,9.2,4,5.63
3,27.2,73.68,110,40.02,5.49,0.0,5.53,1,2.27
2,5.77,99.57,160,18.64,0.29,0.0,3.28,4,-3.62
2,14.03,103.45,160,74.53,10.23,0.0,4.35,2,13.08
3,10.94,117.4,130,35.08,5.19,27.95,9.07,4,8.74
2,0.65,87.69,130,25.44,4.58,0.0,8.22,0,6.6
2,0.98,86.34,130,91.82,1.31,0.0,8.13,1,6.35
3,0.25,102.07,110,88.25,1.8,31.11,5.86,1,15.87
1,5.56,111.4,110,18.99,1.52,0.0,4.27,5,1.41
3,16.44,65.07,130,86.44,10.94,0.0,1.76,2,13.81
3,2.28,62.95,130,85.72,0.09,0.0,9.77,3,3.03
2,11.17,55.06,110,63.92,1.2,0.0,2.2,4,0.46
3,4.09,91.35,130,55.03,8.64,22.31,2.9,4,16.36
3,19.13,66.82,130,28.48,1.15,0.0,7.76,5,-5.03
1,19.22,90.24,110,20.32,1.27,7.89,3.83,4,-0.43
2,17.92,72.78,130,61.54,2.49,0.0,6.05,4,8.08
1,8.93,128.78,110,79.87,5.95,27.68,7.74,2,28.45
2,4.02,29.51,110,68.53,0.87,18.43,5.78,4,6.7
3,19.89,94.39,130,25.37,7.37,0.0,5.16,5,2.24
2,2.47,94.83,160,34.65,0.83,0.0,0.98,5,3.51
2,4.11,69.88,110,56.45,4.22,0.0,5.13,0,6.89
2,2.44,74.73,160,63.12,0.81,0.0,4.82,5,7.79
3,13.46,124.02,110,16.14,0.19,0.0,8.86,5,-1.73
1,13.91,56.49,110,62.19,4.18,0.0,4.75,4,3.42
2,12.68,133.28,110,72.59,1.49,0.0,6.48,0,3.42
1,6.45,136.52,110,25.42,1.24,0.0,7.85,4,-0.19
2,1.27,104.58,110,30.93,1.4,24.35,4.94,3,9.93
1,29.05,120.47,160,32.01,2.36,0.0,2.98,5,4.3
2,8.5,99.68,110,89.88,0.76,0.0,8.99,6,9.07
2,6.27,88.28,110,44.6,0.68,0.0,9.01,6,-2.54
1,10.66,145.67,130,55.1,1.65,2.49,9.05,4,9.21
3,2.57,56.75,110,71.57,0.09,18.82,3.09,1,2.78
1,1.71,40.04,130,41.57,2.57,22.15,3.5,5,9.37
2,6.24,57.37,110,18.97,4.33,21.98,9.23,4,7.66
1,3.09,99.9,110,65.62,3.25,0.0,1.69,3,6.43
2,3.36,44.07,130,66.72,1.58,0.0,6.73,6,4.52
2,26.76,138.15,110,32.15,2.08,29.28,3.28,4,4.19
2,9.08,73.43,110,12.99,0.07,0.0,7.35,5,-2.18
1,7.93,130.5,110,66.56,6.09,22.05,8.42,5,19.4
2,14.03,52.4,110,69.79,2.04,0.0,4.38,3,6.22
2,36.33,60.71,130,12.22,0.95,0.31,1.94,6,-4.55
3,1.43,27.7,110,68.92,0.87,0.0,7.46,0,3.72
2,21.52,53.51,130,89.81,2.69,0.0,1.03,2,11.66
2,10.53,83.74,130,25.2,2.19,0.0,0.64,2,5.45
2,1.9,143.0,110,54.31,0.52,0.0,8.83,0,4.4
2,4.23,70.56,160,69.23,1.32,6.04,8.26,5,3.84
1,7.9,103.17,160,29.56,2.82,0.0,6.03,6,1.11
2,14.1,75.6,130,73.88,0.88,12.19,6.82,4,8.45
2,3.33,26.08,110,83.79,1.78,16.06,9.55,6,9.1
2,9.19,85.46,110,79.24,0.74,0.0,1.1,1,7.35
2,13.85,28.57,110,32.01,0.19,19.97,2.56,1,3.87
3,7.15,134.88,110,78.36,1.23,5.66,7.43,3,5.35
1,23.86,117.89,110,45.13,3.29,4.87,3.01,4,5.79
2,24.43,69.22,130,32.65,0.6,5.21,2.47,5,0.34
3,7.63,103.23,110,24.28,3.51,0.0,4.7,3,0.19
2,43.31,34.56,160,87.26,2.77,0.0,7.38,4,2.68
2,0.94,111.33,110,46.29,1.77,0.0,2.5,4,4.89
2,0.04,126.96,130,83.59,8.89,38.24,4.58,4,27.35
1,5.75,126.83,160,23.56,5.37,2.64,5.43,1,6.36
2,11.03,56.96,110,75.19,2.07,1.45,2.14,3,7.11
3,11.91,54.29,160,19.35,2.04,0.0,5.03,0,-3.71
1,7.77,87.78,110,11.49,0.81,0.0,8.73,0,-1.14
2,1.6,145.81,160,94.58,6.32,0.0,7.59,2,11.33
3,2.24,139.67,160,16.25,5.66,0.0,5.28,1,5.84
3,22.94,66.75,110,49.23,3.39,8.36,1.69,0,2.75
2,24.29,121.38,130,84.66,0.34,0.0,0.72,6,15.17
2,13.45,139.77,110,79.65,3.04,13.64,1.14,0,16.26
2,13.1,53.92,110,50.05,0.73,0.0,7.63,3,3.06
1,10.93,127.94,110,61.92,0.52,0.0,7.19,2,5.98
2,2.72,54.83,110,63.53,3.56,36.9,7.59,6,19.72
2,6.71,64.63,130,19.34,8.03,0.0,3.42,3,9.15
3,14.28,45.85,110,34.22,0.29,39.05,1.35,6,12.73
1,9.25,85.92,130,35.58,0.45,0.0,7.29,1,1.89
2,0.23,129.63,110,42.14,0.62,0.0,9.26,3,2.01
2,36.83,88.65,160,33.28,8.24,27.73,4.8,4,13.39
2,22.36,36.05,110,31.38,2.98,14.41,7.76,5,7.89
1,3.62,52.73,110,40.16,2.84,16.98,7.42,3,8.89
2,11.5,93.17,130,42.23,1.76,23.45,8.61,1,9.93
3,30.8,95.81,130,51.41,1.93,0.0,0.77,6,8.54
2,1.21,95.0,130,24.75,0.86,0.0,9.58,2,4.52
2,8.39,30.01,110,77.01,0.42,0.0,8.72,3,2.35
2,7.31,117.98,110,83.16,3.79,0.0,8.83,0,6.62
2,6.34,138.23,110,31.09,1.59,0.0,9.97,6,2.24
2,21.66,86.37,130,20.48,0.74,8.7,6.58,1,-1.62
3,5.75,113.45,110,71.4,2.5,30.12,1.28,0,18.13
3,0.79,138.82,110,88.56,0.59,10.53,8.32,5,10.27
2,0.82,103.54,130,12.99,1.68,0.0,1.78,3,1.17
2,0.52,107.66,130,11.23,0.53,0.0,7.51,5,0.29
3,6.31,113.78,130,25.59,3.56,10.29,4.53,2,4.67
2,15.21,53.87,110,68.21,0.97,0.0,0.56,5,9.88
2,2.73,95.75,130,92.01,1.46,0.0,4.64,2,6.3
2,12.48,129.48,110,73.78,3.52,0.0,8.07,3,8.79
3,13.94,58.5,110,58.71,2.69,33.88,1.33,1,18.56
2,3.54,136.63,130,69.55,1.28,15.32,0.52,6,18.28
3,11.01,100.65,130,29.61,0.18,6.57,4.8,4,-1.27
3,13.86,75.01,130,68.53,6.37,3.02,0.51,6,17.46
2,7.54,101.01,110,37.32,0.02,0.0,9.38,3,0.97
3,4.93,72.24,160,28.91,3.32,0.0,8.34,3,7.42
3,11.58,128.94,110,30.11,7.27,0.0,6.49,2,2.65
2,45.72,82.7,130,66.76,0.92,3.45,0.66,3,10.49
1,6.68,137.16,110,75.21,0.2,0.0,5.91,3,7.98
1,5.97,86.28,110,59.45,0.72,24.62,6.88,2,11.6
2,7.49,105.85,110,15.43,0.94,0.0,6.08,2,0.43
2,0.95,149.71,110,13.23,1.5,0.0,9.5,1,1.53
2,9.67,39.11,110,28.46,1.86,28.07,8.4,0,7.42
1,4.78,115.77,160,34.35,3.23,0.0,3.97,3,7.04
3,1.55,38.05,110,44.41,5.78,0.0,7.1,4,6.84
2,7.53,129.05,130,16.46,1.56,9.37,4.88,4,-1.87
2,0.04,97.54,130,71.64,3.43,33.65,9.32,3,20.98
2,6.17,141.96,130,70.48,0.34,0.0,6.37,3,5.5
2,1.34,132.57,110,39.47,1.0,0.0,6.03,5,1.56
2,0.3,29.73,160,57.86,0.31,0.0,5.26,2,-1.63
2,20.88,37.85,110,18.58,2.94,0.0,4.09,1,1.46
1,29.76,98.15,130,45.29,5.96,0.0,1.91,6,8.51
3,2.79,87.38,130,82.89,5.5,26.5,3.1,1,17.25
3,9.3,41.91,110,66.15,0.99,0.0,3.66,2,1.98
2,3.91,36.82,130,18.84,0.67,0.0,1.96,4,1.99
3,8.16,93.32,110,82.04,0.8,0.0,8.22,0,4.28
3,6.89,26.36,110,67.86,0.85,0.0,0.52,4,10.37
1,3.76,133.59,110,48.51,0.21,0.0,9.2,4,1.51
3,14.46,124.92,160,68.83,0.36,0.0,1.72,0,3.17
3,1.62,122.1,130,24.69,0.6,0.0,0.98,0,7.27
2,0.65,22.08,110,56.79,0.02,16.98,9.95,1,10.62
1,17.52,26.19,110,62.52,0.12,33.82,10.0,0,15.79
1,13.16,91.48,110,88.86,3.0,19.58,2.32,2,20.72
1,8.28,149.28,130,15.69,2.41,21.21,1.77,0,13.22
3,7.57,64.5,130,41.86,7.27,23.29,2.38,4,15.44
2,8.26,64.77,160,89.63,1.28,0.0,5.36,2,3.68
3,6.89,37.46,130,28.46,1.47,0.0,3.55,0,0.8
3,5.99,107.66,130,79.12,0.18,0.0,3.7,1,1.38
2,8.31,104.07,110,10.14,0.41,0.0,8.19,1,-1.69
2,9.02,33.17,110,12.2,2.94,30.18,8.96,6,10.37
1,14.13,80.76,130,37.85,0.67,0.0,9.71,4,3.5
2,14.9,106.72,130,75.32,3.71,0.0,5.39,6,6.93
2,5.69,84.16,130,18.85,3.06,0.0,2.84,3,1.78
1,6.4,107.67,110,42.54,3.44,0.0,5.77,4,4.51
1,5.62,126.12,110,21.17,2.93,0.0,8.77,0,3.23
3,9.23,109.16,110,29.01,3.07,0.0,0.79,4,7.98
2,7.25,100.09,160,52.75,1.98,0.0,9.16,2,0.38
2,26.44,130.97,130,37.13,2.83,35.0,2.65,5,8.74
2,14.3,137.08,110,28.01,1.87,0.0,3.45,4,1.31
3,27.47,70.56,130,43.45,0.58,0.0,3.96,6,-1.64
2,14.82,42.52,110,69.59,0.61,0.0,9.18,1,2.26
1,42.48,126.32,110,20.15,1.3,0.0,2.17,2,3.74
3,12.12,47.79,110,50.77,0.04,0.0,2.62,6,-0.81
2,39.74,140.76,130,33.35,5.5,27.13,7.45,5,8.38
1,2.07,22.97,130,42.18,0.78,38.57,9.38,1,17.39
2,0.65,139.77,130,79.83,0.13,8.33,1.49,5,11.75
3,10.39,96.59,130,89.03,1.38,25.76,5.46,6,15.89
2,49.25,120.72,110,30.65,4.23,10.62,9.19,4,-1.18
2,6.49,71.8,110,63.55,1.27,0.0,8.92,0,1.06
2,2.86,148.92,130,67.52,0.76,21.66,9.51,4,14.8
3,8.85,49.58,130,81.61,1.97,18.0,9.07,2,14.74
1,12.56,54.36,110,86.42,2.14,0.0,3.49,1,7.89
2,4.54,26.69,110,49.78,3.56,35.21,2.48,6,18.16
3,15.05,142.26,110,93.52,4.02,3.54,9.06,4,4.99
1,44.32,79.28,110,92.52,3.06,0.0,7.26,0,13.48
3,27.27,107.73,110,53.05,0.01,0.0,4.1,0,0.56
3,4.14,109.37,110,56.07,0.01,0.0,7.27,3,5.72
3,4.75,133.69,130,66.76,9.48,0.0,3.42,5,13.9
2,5.57,106.44,110,41.77,0.77,0.0,6.02,5,0.74
2,6.02,93.06,130,66.27,0.83,0.0,2.72,0,2.7
3,1.27,112.34,130,53.71,3.29,0.0,5.84,4,7.49
3,17.22,117.63,110,13.01,2.18,12.6,9.27,0,4.17
1,5.46,44.17,130,82.48,1.56,15.72,7.83,0,9.61
3,25.43,34.26,110,89.94,0.31,0.0,6.73,2,3.91
2,31.4,29.73,130,12.23,0.21,0.0,2.84,0,0.31
1,0.3,68.63,110,77.09,3.04,29.59,1.1,6,23.27
2,53.59,84.74,110,42.79,0.33,0.0,7.25,4,-2.43
3,14.86,100.03,130,59.78,1.43,0.0,5.97,0,4.33
2,8.82,144.54,110,52.5,3.33,0.0,2.52,1,4.28
2,5.92,63.0,110,56.86,6.42,0.0,9.38,3,8.65
3,8.77,118.91,110,52.09,5.17,38.55,5.74,3,20.04
2,4.71,89.08,110,82.54,4.99,30.04,5.93,2,17.53
2,11.7,48.61,130,68.1,1.11,0.0,3.34,4,1.17
2,1.17,99.99,110,45.07,6.55,7.56,8.85,5,7.47
2,11.65,145.73,110,68.53,2.88,0.0,8.97,4,4.32
2,3.86,36.16,110,92.03,5.44,0.0,7.29,2,6.36
3,0.21,85.95,110,16.83,0.23,0.0,1.44,3,4.83
2,9.65,26.71,130,42.99,0.1,0.0,1.3,1,-1.08
3,10.37,61.76,110,83.99,1.4,0.0,4.96,3,1.01
1,6.67,100.68,130,72.82,4.4,0.0,1.85,3,16.42
2,0.9,129.34,130,89.47,1.31,0.0,3.65,1,6.47
2,26.86,114.94,110,13.38,5.4,0.0,2.13,3,-2.0
1,11.34,80.17,130,83.34,0.67,0.0,3.45,0,9.37
2,1.48,138.2,130,77.3,0.1,0.0,9.46,6,5.5
2,8.58,59.35,110,79.28,3.58,0.0,7.66,4,6.1
1,8.25,118.02,110,60.77,2.46,14.94,1.81,3,13.25
2,0.75,81.62,110,14.41,1.45,0.0,6.85,1,0.32
2,11.2,136.82,110,55.83,4.66,0.0,0.79,4,13.35
2,19.82,123.67,110,44.66,4.35,0.0,9.84,4,-2.07
3,16.59,137.19,130,54.8,0.98,29.94,5.55,3,16.39
2,2.72,47.85,130,72.93,4.55,0.0,5.3,3,2.78
2,23.79,106.86,130,60.66,1.06,0.0,2.78,6,4.38
3,5.03,116.0,130,34.87,2.43,0.0,4.85,3,-0.43
3,35.14,116.51,130,60.96,0.53,36.69,5.5,2,16.44
2,0.89,85.52,130,17.07,0.77,0.0,6.75,4,-0.94
1,7.99,21.46,160,10.46,1.48,6.42,0.94,2,9.22
2,10.91,53.99,110,44.13,0.94,27.26,3.75,3,9.67
2,3.41,62.03,110,74.36,0.35,0.0,4.18,1,4.58
3,17.71,130.76,110,79.92,1.65,31.52,1.92,6,15.92
3,11.83,129.32,110,56.74,1.79,0.0,2.78,3,6.88
2,0.22,33.61,110,83.78,0.43,32.57,2.75,3,13.57
3,11.25,143.48,110,20.7,0.48,29.77,8.2,5,7.82
2,8.11,43.72,110,91.95,0.07,3.55,7.03,0,4.92
1,2.62,73.87,160,88.35,0.08,0.0,9.27,0,4.69
3,65.53,47.97,160,60.94,1.11,0.0,3.44,4,1.53
2,27.3,131.84,130,14.99,0.4,0.0,8.88,4,-6.78
3,4.15,117.42,110,48.61,6.29,0.0,8.71,4,6.54
3,9.35,65.96,130,25.24,0.56,0.0,4.76,6,-2.08
2,4.57,108.64,130,63.42,0.17,33.38,6.48,2,18.39
2,17.93,43.97,160,26.15,1.29,17.28,6.18,4,3.07
2,31.97,69.7,130,50.95,0.53,23.17,3.42,5,11.63
2,5.33,69.02,110,27.48,0.16,0.0,2.99,6,-2.24
2,19.65,50.93,110,25.46,3.49,8.55,2.11,0,3.54
2,8.28,133.92,160,31.07,2.04,0.0,8.46,4,1.71
3,6.06,108.25,110,12.48,0.15,19.76,5.57,6,7.01
2,33.45,56.39,110,70.87,1.58,32.63,3.71,5,15.77
1,8.57,51.48,110,36.07,0.1,0.0,5.34,6,2.68
2,7.56,22.33,110,69.34,1.09,39.26,1.27,3,18.19
3,13.39,65.06,160,65.55,1.13,39.32,1.51,0,17.35
2,3.63,88.48,110,15.62,4.33,0.0,7.71,2,6.61
2,4.71,56.1,110,36.52,3.32,38.01,9.06,5,13.56
3,32.27,111.06,160,58.18,5.68,0.0,3.54,2,6.74
2,13.62,73.53,110,88.06,0.38,0.0,4.39,5,3.78
2,21.03,61.12,130,44.11,1.91,0.0,4.05,6,-0.88
3,3.79,142.08,110,52.91,0.05,36.55,5.05,6,16.65
1,9.42,54.16,130,73.76,4.36,0.0,4.43,6,8.95
3,42.65,71.77,110,78.28,1.14,16.71,4.17,4,8.61
1,4.61,69.7,130,88.48,0.18,29.14,6.77,6,19.51
1,2.1,51.36,110,52.26,0.98,18.24,3.09,2,10.06
3,8.58,48.27,160,26.48,0.85,26.87,9.46,2,8.13
2,5.89,59.31,110,74.98,3.63,32.17,3.43,0,20.45
3,2.09,132.35,110,20.67,0.34,0.0,2.54,6,2.62
3,26.33,119.72,130,45.56,2.03,0.0,9.73,4,0.73
3,56.16,108.53,110,63.4,3.95,22.86,2.67,6,10.17
3,10.09,79.42,130,68.81,3.36,0.0,5.6,5,7.75
2,17.88,86.01,130,72.31,6.87,31.91,3.62,6,24.21
3,23.51,54.73,110,26.45,0.0,5.0,1.24,4,0.02
1,14.49,29.66,110,93.44,1.09,0.0,9.55,3,4.36
2,0.54,63.04,160,25.17,1.15,0.0,4.06,4,1.68
3,2.06,84.43,110,18.17,0.08,6.69,6.63,4,1.7
2,0.88,27.45,110,66.44,4.25,31.83,8.69,0,15.59
2,0.12,31.47,130,87.35,2.92,0.0,5.75,3,11.18
2,4.38,54.19,110,57.55,1.88,0.0,7.27,3,3.22
2,5.98,67.72,130,60.62,1.3,0.0,7.95,6,4.31
3,3.31,71.13,110,55.77,5.64,14.4,4.12,4,12.54
1,0.8,35.33,130,13.63,0.77,7.16,6.47,6,3.59
2,9.06,49.36,110,67.91,1.02,0.0,2.46,1,0.41
3,3.83,54.01,110,40.45,7.62,0.0,1.03,3,13.92
2,19.08,28.79,130,89.53,0.17,0.0,9.87,4,1.65
1,0.1,62.39,110,25.88,3.79,0.0,1.38,4,3.89
2,22.18,29.39,110,35.68,3.17,19.3,4.57,0,8.59
2,37.15,111.45,130,52.91,5.8,0.0,1.14,6,12.22
1,15.11,70.19,130,50.58,0.24,37.8,9.27,5,18.53
3,15.88,62.48,110,44.03,8.8,0.0,1.54,3,4.43
2,32.54,36.45,110,36.72,0.07,37.22,7.97,6,10.84
3,2.81,49.45,130,22.51,1.03,8.33,7.3,3,2.73
3,62.58,50.25,110,79.78,0.22,33.64,0.93,1,16.11
2,17.82,148.08,160,48.15,0.13,0.0,7.35,4,-2.12
1,15.56,128.6,110,58.7,8.36,0.0,9.71,6,14.04
2,5.38,21.98,130,56.46,3.18,32.31,5.45,3,16.02
1,9.47,100.19,110,58.92,1.76,2.52,3.25,6,6.01
3,12.73,53.27,110,69.91,0.29,0.0,5.68,5,1.25
1,11.62,33.57,110,63.5,1.87,0.0,1.65,2,5.82
2,14.65,111.73,110,33.28,0.96,20.94,9.58,3,5.76
2,1.03,37.11,110,57.07,0.79,25.17,3.97,4,10.88
2,5.27,77.69,110,30.78,2.41,0.0,4.84,2,1.36
2,6.83,102.18,130,60.05,3.91,29.37,4.31,1,15.76
2,3.62,92.08,110,46.71,1.46,13.94,0.76,2,16.02
1,2.27,147.09,160,13.35,1.7,0.0,0.83,0,7.35
1,1.79,122.15,110,72.39,2.63,0.0,5.84,2,9.47
2,5.48,120.65,130,33.35,0.33,12.99,5.27,6,0.42
3,8.16,66.23,130,88.22,4.41,17.08,9.87,2,15.13
2,0.78,21.09,160,33.85,4.53,0.0,3.0,2,2.16
2,35.13,115.47,110,94.71,1.95,0.0,4.0,5,9.3
2,17.39,149.97,130,49.35,0.52,9.6,9.88,4,-0.92
2,15.75,72.76,110,12.24,1.74,19.73,0.95,1,8.49
3,2.28,148.12,110,16.48,0.28,0.0,6.61,2,1.16
1,11.11,38.42,130,16.98,3.6,38.05,1.47,0,20.87
2,9.05,58.55,110,14.78,0.93,0.0,9.49,3,-1.84
3,48.53,42.19,110,32.76,0.93,0.0,3.24,5,-1.8
3,16.52,81.77,110,37.59,7.25,21.25,8.23,2,8.22
1,10.29,123.61,110,19.46,1.37,0.0,9.16,3,1.73
2,22.83,64.29,110,47.24,3.9,0.0,8.55,3,0.8
3,2.02,137.81,130,41.05,2.53,0.0,5.79,3,3.85
1,0.18,90.83,110,64.09,0.95,0.0,9.75,5,6.05
3,14.06,80.51,130,26.65,0.33,0.0,6.93,2,-5.71
3,1.24,122.31,130,87.69,4.0,0.0,7.97,4,5.7
3,1.47,33.19,130,53.86,3.59,21.17,2.82,2,14.5
1,16.38,120.59,130,63.02,0.46,25.67,4.47,5,17.63
3,3.79,51.58,130,13.36,0.72,0.0,6.18,2,5.5
2,11.89,56.51,110,57.52,3.63,10.91,1.89,4,10.11
3,29.93,97.93,110,41.29,10.28,0.0,9.67,1,5.97
1,4.57,137.25,160,88.55,4.64,0.0,1.54,5,19.36
1,2.94,95.19,160,85.28,2.88,26.12,7.46,5,24.49
2,1.35,104.36,130,64.2,6.18,0.0,1.05,5,9.41
1,1.68,120.96,110,75.27,0.84,3.3,1.48,5,15.06
2,0.77,53.71,110,64.79,0.02,5.09,6.42,4,3.67
3,1.1,127.54,110,11.44,0.97,33.36,4.8,5,15.68
2,6.79,74.33,130,69.77,8.93,0.0,0.53,2,17.13
3,4.64,42.84,130,25.05,5.34,0.0,4.24,5,5.58
1,14.71,65.52,130,68.02,0.13,11.51,2.88,5,4.66
1,24.5,52.0,130,10.89,1.74,0.0,8.78,2,-1.91
1,18.43,49.73,110,36.43,0.21,0.0,7.23,4,2.02
2,9.08,56.73,130,53.94,3.89,0.0,7.51,5,7.41
3,1.3,43.52,110,38.32,1.17,0.0,9.53,0,2.09
1,14.84,106.8,130,68.99,6.07,0.0,7.24,6,13.1
2,5.41,95.4,110,54.43,0.14,0.0,2.03,4,2.88
2,1.07,104.3,110,91.57,3.31,10.3,9.4,6,13.25
3,22.18,64.68,110,40.41,1.27,16.48,1.57,3,6.32
1,4.95,120.07,160,71.36,0.78,0.0,2.33,4,7.58
2,2.95,36.85,130,81.05,1.82,0.0,3.21,0,4.02
1,24.62,94.25,110,31.56,1.66,0.0,2.16,5,1.21
2,27.89,55.81,130,74.1,1.07,26.38,0.67,3,19.99
2,4.97,88.59,130,43.43,2.62,0.0,4.86,6,1.74
3,5.26,62.07,130,20.94,2.71,0.0,7.04,2,0.85
2,10.4,122.77,110,10.31,0.2,0.0,4.5,1,-1.59
2,15.87,135.87,110,73.22,2.26,0.0,2.73,4,4.79
2,0.78,116.54,110,25.83,3.1,0.0,8.89,4,2.15
1,10.8,42.83,110,14.35,0.2,0.0,4.19,4,4.84
2,36.65,55.73,130,52.26,2.69,9.4,8.47,4,9.02
3,3.65,139.52,110,39.47,4.07,32.71,2.2,0,17.35
3,28.74,76.84,110,68.8,4.46,0.0,3.67,6,7.49
3,35.99,142.35,110,19.13,0.11,0.0,8.13,3,-12.47
3,3.76,71.02,110,21.28,2.99,0.0,0.79,0,9.28
1,16.84,143.73,160,44.35,3.99,10.37,9.24,1,15.96
2,3.27,140.35,160,54.23,1.26,3.94,4.27,5,4.76
1,16.06,105.87,110,80.06,1.96,26.9,9.79,0,24.48
2,19.16,21.15,130,59.78,0.77,0.0,7.16,4,0.4
1,3.41,72.04,110,86.72,0.93,0.0,9.52,1,8.6
2,15.1,138.46,130,28.51,1.74,0.0,1.13,6,-1.02
2,20.06,135.06,110,60.68,0.41,22.19,7.36,1,12.71
3,5.33,44.36,110,65.7,1.16,0.0,8.82,1,2.38
3,2.2,71.89,130,71.69,0.9,38.45,9.88,2,15.67
3,1.16,128.62,130,94.04,0.68,0.0,0.82,0,8.81
1,10.28,95.12,110,49.78,1.65,1.87,1.29,1,9.21
1,45.85,130.15,130,41.39,4.56,12.27,7.45,6,11.15
2,20.78,127.45,130,82.44,0.69,0.0,0.87,3,13.43
2,6.87,137.97,110,25.03,2.7,0.0,0.61,5,7.48
2,9.23,35.24,110,13.15,0.73,11.46,5.68,6,1.49
2,3.93,38.88,110,47.71,0.38,0.0,5.53,1,3.07
2,2.14,30.77,130,31.01,7.18,0.0,6.33,3,6.56
2,7.9,141.58,160,43.7,2.51,0.0,0.63,5,9.68
2,7.47,81.77,130,93.82,0.28,23.53,5.28,0,13.61
2,8.86,28.36,130,39.62,2.5,0.0,3.22,3,-2.85
2,36.64,61.8,130,70.18,0.49,0.0,7.68,5,3.84
2,11.11,65.68,110,31.28,5.47,0.0,3.81,0,2.57
2,11.17,125.24,110,35.79,0.71,0.0,3.89,5,-0.22
1,1.64,115.61,110,30.67,4.11,0.0,6.72,6,6.38
2,67.82,109.62,130,58.63,0.56,19.82,6.78,0,10.73
3,17.79,22.84,130,29.22,2.04,0.0,1.05,4,4.5
3,25.17,138.39,110,71.06,6.09,0.0,6.45,6,15.18
2,6.42,48.02,110,67.82,0.88,0.0,6.75,4,3.52
2,8.37,101.78,130,45.81,0.21,0.0,4.85,2,-4.17
2,8.86,28.04,110,12.17,2.01,0.0,8.36,5,-2.83
2,2.59,30.6,130,11.93,0.47,4.15,0.59,4,8.49
2,14.03,21.25,110,55.29,3.26,0.0,9.7,3,2.6
2,27.99,93.57,130,81.33,2.23,1.57,4.07,6,9.23
2,2.15,101.82,130,60.9,1.06,0.0,6.16,1,4.49
2,1.08,26.56,110,47.03,3.06,20.68,0.83,5,16.2
3,16.08,57.76,130,84.98,0.68,29.52,7.23,0,11.09
1,3.83,130.69,110,26.74,6.22,0.0,5.67,5,8.99
3,11.73,33.17,110,40.55,1.07,37.25,9.62,6,12.53
1,14.28,48.15,110,58.05,3.6,4.68,4.51,4,5.78
1,4.66,75.17,130,34.79,0.75,0.0,7.36,0,0.38
3,20.26,129.5,110,94.81,3.14,0.0,1.21,3,14.86
3,9.58,53.13,110,48.45,0.08,5.18,1.11,4,4.34
1,24.39,149.63,130,14.4,0.88,0.0,9.52,6,0.72
2,17.29,66.18,110,24.97,0.24,0.0,2.91,4,-4.9
1,24.35,70.24,110,55.26,1.5,0.0,9.17,5,4.74
2,0.24,35.87,110,56.75,1.43,33.74,1.33,1,17.35
3,3.35,108.43,130,93.65,1.11,36.63,6.56,1,15.52
3,1.13,51.65,160,61.0,9.93,0.0,5.74,5,10.62
2,7.0,101.75,110,66.66,0.7,39.19,9.68,6,13.59
2,26.48,49.01,130,28.17,3.91,0.0,4.34,6,0.93
2,7.56,70.42,110,19.08,1.48,34.81,0.96,6,18.71
2,22.74,131.37,130,61.17,1.02,0.0,5.0,6,2.03
3,4.76,116.06,110,83.51,0.57,36.87,8.33,4,16.92
3,4.98,40.1,110,59.93,2.51,0.0,1.0,0,6.79
2,27.11,99.0,130,47.64,1.01,0.0,0.84,3,-1.47
2,6.66,101.72,110,59.15,4.19,17.02,8.31,3,11.88
2,18.71,31.77,110,49.85,8.64,0.0,8.33,1,4.49
1,3.24,80.55,160,22.06,0.64,0.0,2.4,0,-0.58
3,35.66,53.89,160,73.0,0.34,0.0,6.75,6,2.03
2,10.26,80.73,110,55.31,0.95,7.01,1.11,0,9.59
2,17.09,121.02,130,43.94,1.57,18.52,7.77,2,4.11
2,1.13,40.57,130,57.57,0.9,5.65,3.4,2,6.56
3,8.14,36.03,110,30.5,8.81,24.18,2.69,2,16.52
1,27.76,55.01,160,46.38,3.78,9.24,6.94,5,12.79
3,25.15,143.8,130,62.91,8.46,0.0,9.16,3,11.0
3,0.58,117.22,130,29.23,1.17,0.0,0.89,3,4.06
3,4.34,22.53,110,73.66,0.91,0.0,1.87,4,1.65
2,7.03,72.13,110,54.29,1.31,0.0,2.93,6,6.94
2,2.27,53.46,110,83.25,1.85,3.97,9.31,5,3.8
